id;data_inversa;dia_semana;horario;uf;br;km;municipio;causa_acidente;tipo_acidente;classificacao_acidente;fase_dia;sentido_via;condicao_metereologica;tipo_pista;tracado_via;uso_solo;pessoas;mortos;feridos_leves;feridos_graves;ilesos;ignorados;feridos;veiculos;latitude;longitude;regional;delegacia;uop
586443;10/03/2024;domingo;18:55:00;SC;101;211,5;PALHOCA;Reação tardia ou ineficiente do condutor;Tombamento;Com Vítimas Feridas;Anoitecer;Decrescente;Céu Claro;Múltipla;"Declive;Reta";Sim;1;0;1;0;0;0;1;1;-27,62329313;-48,65245588;SPRF-SC;DEL01-SC;UOP02-DEL01-SC
586444;10/03/2024;domingo;18:45:00;SC;101;321,6;PESCARIA BRAVA;Ausência de reação do condutor;Tombamento;Com Vítimas Feridas;Plena Noite;Crescente;Céu Claro;Múltipla;Reta;Não;1;0;1;0;0;0;1;1;-28,42532339;-48,8919091;SPRF-SC;DEL02-SC;UOP01-DEL02-SC
586445;10/03/2024;domingo;20:15:00;SC;280;76,5;JARAGUA DO SUL;Ingestão de álcool pelo condutor;Colisão lateral sentido oposto;Com Vítimas Feridas;Plena Noite;Decrescente;Céu Claro;Simples;Reta;Não;5;0;2;1;1;1;3;3;-26,45117118;-49,1907692;SPRF-SC;DEL03-SC;UOP03-DEL03-SC
586447;10/03/2024;domingo;22:05:00;PE;101;66,2;RECIFE;Ausência de reação do condutor;Colisão traseira;Com Vítimas Feridas;Plena Noite;Crescente;Céu Claro;Dupla;Reta;Sim;2;0;1;0;1;0;1;2;-8,03368534;-34,94184125;SPRF-PE;DEL01-PE;UOP01-DEL01-PE
586448;10/03/2024;domingo;20:15:00;SC;101;198;BIGUACU;Velocidade Incompatível;Colisão com objeto;Com Vítimas Feridas;Plena Noite;Crescente;Céu Claro;Dupla;Reta;Não;1;0;1;0;0;0;1;1;-27,52658712;-48,63506019;SPRF-SC;DEL01-SC;UOP01-DEL01-SC
586449;10/03/2024;domingo;20:40:00;RJ;101;280;TANGUA;Reação tardia ou ineficiente do condutor;Capotamento;Com Vítimas Feridas;Plena Noite;Decrescente;Nublado;Dupla;Reta;Não;1;0;1;0;0;0;1;1;-22,73840017;-42,77718501;SPRF-RJ;DEL02-RJ;UOP02-DEL02-RJ
586450;10/03/2024;domingo;23:10:00;MG;262;876,5;CAMPO FLORIDO;Acessar a via sem observar a presença dos outros veículos;Colisão frontal;Com Vítimas Feridas;Plena Noite;Decrescente;Céu Claro;Simples;"Interseção de Vias;Reta";Sim;2;0;0;1;0;1;1;2;-19,77030502;-48,57430637;SPRF-MG;DEL13-MG;UOP01-DEL13-MG
586451;10/03/2024;domingo;19:10:00;PA;308;157;CAPANEMA;Estacionar ou parar em local proibido;Colisão lateral sentido oposto;Com Vítimas Feridas;Plena Noite;Crescente;Garoa/Chuvisco;Simples;Reta;Não;2;0;1;0;1;0;1;2;-1,21124791;-47,132118;SPRF-PA;DEL01-PA;UOP03-DEL01-PA
586452;10/03/2024;domingo;20:40:00;MG;40;448;CAETANOPOLIS;Ingestão de álcool pelo condutor;Colisão transversal;Sem Vítimas;Plena Noite;Decrescente;Céu Claro;Simples;"Interseção de Vias;Rotatória";Não;3;0;0;0;3;0;0;2;-19,30082546;-44,37696576;SPRF-MG;DEL02-MG;UOP01-DEL02-MG
586453;10/03/2024;domingo;21:45:00;MT;163;789;VERA;Animais na Pista;Atropelamento de Animal;Com Vítimas Feridas;Plena Noite;Decrescente;Céu Claro;Simples;"Reta;Declive";Não;1;0;1;0;0;0;1;1;-12,262136;-55,554322;SPRF-MT;DEL06-MT;UOP02-DEL06-MT
586454;10/03/2024;domingo;23:35:00;MG;40;747;SANTOS DUMONT;Acessar a via sem observar a presença dos outros veículos;Colisão transversal;Com Vítimas Feridas;Plena Noite;Crescente;Chuva;Simples;"Declive;Curva";Não;4;0;2;0;2;0;2;2;-21,4328731;-43,55221915;SPRF-MG;DEL05-MG;UOP01-DEL05-MG
586455;10/03/2024;domingo;21:12:00;PR;376;355;ORTIGUEIRA;Reação tardia ou ineficiente do condutor;Saída de leito carroçável;Com Vítimas Feridas;Plena Noite;Decrescente;Céu Claro;Simples;Reta;Não;3;0;1;0;2;0;1;1;-24,278906;-50,885281;SPRF-PR;DEL07-PR;UOP02-DEL07-PR
586456;10/03/2024;domingo;23:00:00;PB;230;117,9;INGA;Reação tardia ou ineficiente do condutor;Tombamento;Com Vítimas Feridas;Plena Noite;Decrescente;Céu Claro;Dupla;Reta;Não;1;0;1;0;0;0;1;1;-7,2393;-35,6128;SPRF-PB;DEL02-PB;UOP01-DEL02-PB
586458;10/03/2024;domingo;23:20:00;RJ;101;278;ITABORAI;Manobra de mudança de faixa;Queda de ocupante de veículo;Com Vítimas Feridas;Plena Noite;Decrescente;Céu Claro;Dupla;Reta;Não;1;0;1;0;0;0;1;1;-22,74024136;-42,75799897;SPRF-RJ;DEL02-RJ;UOP03-DEL02-RJ
586459;10/03/2024;domingo;23:40:00;RJ;101;70;CAMPOS DOS GOYTACAZES;Transitar no Acostamento;Colisão frontal;Com Vítimas Feridas;Plena Noite;Crescente;Nublado;Simples;Reta;Não;3;0;0;3;0;0;3;2;-21,781011;-41,373363;SPRF-RJ;DEL08-RJ;UOP02-DEL08-RJ
586460;10/03/2024;domingo;23:30:00;RJ;356;166,3;SAO JOAO DA BARRA;Transitar na contramão;Colisão frontal;Com Vítimas Fatais;Plena Noite;Crescente;Céu Claro;Simples;Reta;Não;4;1;2;0;1;0;2;2;-21,71832905;-41,10952362;SPRF-RJ;DEL08-RJ;UOP02-DEL08-RJ
586461;10/03/2024;domingo;23:20:00;MT;163;827;SINOP;Ausência de reação do condutor;Saída de leito carroçável;Sem Vítimas;Plena Noite;Crescente;Céu Claro;Dupla;Reta;Sim;1;0;0;0;0;1;0;1;-12,05864;-55,51743619;SPRF-MT;DEL06-MT;UOP02-DEL06-MT
586462;10/03/2024;domingo;19:00:00;MA;316;597,1;TIMON;Ausência de reação do condutor;Colisão traseira;Com Vítimas Fatais;Plena Noite;Decrescente;Céu Claro;Simples;"Reta;Aclive";Não;2;1;0;0;0;1;0;2;-5,019753;-42,980644;SPRF-MA;DEL03-MA;UOP02-DEL03-MA
586463;10/03/2024;domingo;22:00:00;SC;280;53;GUARAMIRIM;Ausência de reação do condutor;Colisão traseira;Com Vítimas Feridas;Plena Noite;Crescente;Céu Claro;Simples;"Em Obras;Reta";Sim;2;0;2;0;0;0;2;2;-26,47236756;-48,97426617;SPRF-SC;DEL03-SC;UOP03-DEL03-SC
586464;10/03/2024;domingo;22:00:00;MT;364;204;RONDONOPOLIS;Chuva;Colisão traseira;Com Vítimas Feridas;Plena Noite;Crescente;Chuva;Dupla;Reta;Sim;2;0;0;1;1;0;1;2;-16,467325;-54,657196;SPRF-MT;DEL02-MT;UOP01-DEL02-MT
586466;11/03/2024;segunda-feira;00:00:00;SC;282;218;LAGES;Reação tardia ou ineficiente do condutor;Colisão com objeto;Sem Vítimas;Plena Noite;Crescente;Céu Claro;Simples;"Viaduto;Aclive;Reta";Sim;1;0;0;0;1;0;0;1;-27,797235;-50,31361;SPRF-SC;DEL05-SC;UOP01-DEL05-SC
586467;11/03/2024;segunda-feira;00:45:00;SC;470;50,4;BLUMENAU;Demais falhas mecânicas ou elétricas;Tombamento;Com Vítimas Feridas;Plena Noite;Decrescente;Céu Claro;Dupla;Reta;Sim;1;0;0;1;0;0;1;1;-26,859768;-49,074493;SPRF-SC;DEL04-SC;UOP01-DEL04-SC
586469;11/03/2024;segunda-feira;00:16:00;PE;424;67,1;CAETES;Pedestre andava na pista;Atropelamento de Pedestre;Com Vítimas Fatais;Plena Noite;Decrescente;Céu Claro;Simples;Reta;Não;2;1;0;0;0;1;0;2;-8,76743426;-36,63760185;SPRF-PE;DEL03-PE;UOP01-DEL03-PE
586473;10/03/2024;domingo;19:20:00;MG;40;100;LAGOA GRANDE;Ultrapassagem Indevida;Colisão frontal;Com Vítimas Fatais;Plena Noite;Crescente;Céu Claro;Simples;Reta;Não;3;1;0;1;1;0;1;2;-17,5617679;-46,50797791;SPRF-MG;DEL14-MG;UOP01-DEL14-MG
586477;11/03/2024;segunda-feira;01:50:00;RS;116;328,5;BARRA DO RIBEIRO;Ausência de reação do condutor;Colisão com objeto;Sem Vítimas;Plena Noite;Crescente;Céu Claro;Dupla;Reta;Não;1;0;0;0;1;0;0;1;-30,36317599;-51,43027514;SPRF-RS;DEL02-RS;UOP02-DEL02-RS
586479;11/03/2024;segunda-feira;02:35:00;PB;101;83,7;BAYEUX;Reação tardia ou ineficiente do condutor;Colisão com objeto;Sem Vítimas;Plena Noite;Crescente;Chuva;Dupla;Reta;Não;1;0;0;0;1;0;0;1;-7,1337703;-34,92963914;SPRF-PB;DEL01-PB;UOP01-DEL01-PB
586480;11/03/2024;segunda-feira;03:00:00;RS;116;246;SAO LEOPOLDO;Avarias e/ou desgaste excessivo no pneu;Colisão com objeto;Sem Vítimas;Plena Noite;Crescente;Céu Claro;Simples;"Curva;Declive";Sim;1;0;0;0;1;0;0;1;-29,758751;-51,15186806;SPRF-RS;DEL01-RS;UOP02-DEL01-RS
586482;11/03/2024;segunda-feira;03:30:00;MA;135;20;SAO LUIS;Acessar a via sem observar a presença dos outros veículos;Colisão transversal;Sem Vítimas;Plena Noite;Crescente;Garoa/Chuvisco;Dupla;Reta;Sim;2;0;0;0;1;1;0;2;-2,53073;-44,3068;SPRF-MA;DEL01-MA;UOP01-DEL01-MA
586484;11/03/2024;segunda-feira;02:30:00;PE;423;64,6;CALCADO;Ausência de reação do condutor;Queda de ocupante de veículo;Com Vítimas Feridas;Plena Noite;Decrescente;Céu Claro;Simples;Reta;Não;4;0;0;1;0;3;1;4;-8,66427961;-36,35636509;SPRF-PE;DEL03-PE;UOP01-DEL03-PE
586485;11/03/2024;segunda-feira;06:00:00;DF;20;19;BRASILIA;Ausência de reação do condutor;Atropelamento de Pedestre;Com Vítimas Feridas;Amanhecer;Decrescente;Céu Claro;Dupla;Reta;Sim;2;0;1;0;1;0;1;2;-15,612175;-47,700928;SPRF-DF;DEL02-DF;UOP01-DEL02-DF
586486;11/03/2024;segunda-feira;04:58:00;RJ;116;147;DUQUE DE CAXIAS;Reação tardia ou ineficiente do condutor;Tombamento;Com Vítimas Feridas;Amanhecer;Crescente;Céu Claro;Dupla;Reta;Sim;1;0;1;0;0;0;1;1;-22,66978425;-43,27286493;SPRF-RJ;DEL01-RJ;UOP02-DEL01-RJ
586488;11/03/2024;segunda-feira;05:25:00;ES;101;138;LINHARES;Reação tardia ou ineficiente do condutor;Tombamento;Com Vítimas Feridas;Pleno dia;Crescente;Céu Claro;Dupla;Reta;Sim;1;0;1;0;0;0;1;1;-19,30186109;-40,08371726;SPRF-ES;DEL04-ES;UOP01-DEL04-ES
586489;11/03/2024;segunda-feira;06:00:00;MG;459;27,8;CALDAS;Velocidade Incompatível;Tombamento;Com Vítimas Feridas;Amanhecer;Crescente;Céu Claro;Simples;Curva;Não;1;0;0;1;0;0;1;1;-21,894927;-46,385618;SPRF-MG;DEL09-MG;UOP01-DEL09-MG
586490;11/03/2024;segunda-feira;06:30:00;SP;116;198;ARUJA;Reação tardia ou ineficiente do condutor;Colisão lateral mesmo sentido;Com Vítimas Feridas;Pleno dia;Crescente;Céu Claro;Dupla;Reta;Não;2;0;1;0;1;0;1;2;-23,399937;-46,302038;SPRF-SP;DEL01-SP;UOP01-DEL01-SP
586491;11/03/2024;segunda-feira;03:30:00;RS;285;48,6;BOM JESUS;Reação tardia ou ineficiente do condutor;Colisão com objeto;Com Vítimas Feridas;Plena Noite;Decrescente;Céu Claro;Simples;Reta;Não;1;0;0;1;0;0;1;1;-28,680389;-50,30463;SPRF-RS;DEL05-RS;UOP03-DEL05-RS
586493;11/03/2024;segunda-feira;06:40:00;RS;116;245,9;SAO LEOPOLDO;Reação tardia ou ineficiente do condutor;Colisão traseira;Com Vítimas Feridas;Pleno dia;Decrescente;Nublado;Múltipla;"Em Obras;Reta";Sim;3;0;1;0;2;0;1;2;-29,74980902;-51,15125361;SPRF-RS;DEL01-RS;UOP02-DEL01-RS
586497;11/03/2024;segunda-feira;07:15:00;PB;230;168;CAMPINA GRANDE;Demais falhas mecânicas ou elétricas;Incêndio;Sem Vítimas;Pleno dia;Decrescente;Céu Claro;Simples;Reta;Não;1;0;0;0;1;0;0;1;-7,188;-35,9687;SPRF-PB;DEL02-PB;UOP02-DEL02-PB
586498;11/03/2024;segunda-feira;07:30:00;SP;116;117;TAUBATE;Reação tardia ou ineficiente do condutor;Colisão lateral mesmo sentido;Com Vítimas Feridas;Pleno dia;Decrescente;Céu Claro;Dupla;Reta;Sim;2;0;1;0;1;0;1;2;-23,0582298;-45,6176951;SPRF-SP;DEL02-SP;UOP02-DEL02-SP
586500;11/03/2024;segunda-feira;06:45:00;PE;101;98,2;CABO DE SANTO AGOSTINHO;Reação tardia ou ineficiente do condutor;Colisão traseira;Com Vítimas Feridas;Pleno dia;Crescente;Céu Claro;Dupla;Reta;Não;3;0;2;0;1;0;2;2;-8,25653422;-35,03811793;SPRF-PE;DEL01-PE;UOP03-DEL01-PE
586502;11/03/2024;segunda-feira;07:55:00;SP;116;561;BARRA DO TURVO;Reação tardia ou ineficiente do condutor;Saída de leito carroçável;Com Vítimas Feridas;Pleno dia;Crescente;Garoa/Chuvisco;Dupla;Curva;Não;3;0;2;0;1;0;2;1;-25,01905933;-48,51285696;SPRF-SP;DEL05-SP;UOP02-DEL05-SP
586503;11/03/2024;segunda-feira;07:30:00;GO;60;99,8;ANAPOLIS;Condutor deixou de manter distância do veículo da frente;Colisão traseira;Com Vítimas Feridas;Pleno dia;Decrescente;Céu Claro;Dupla;Reta;Sim;2;0;1;0;1;0;1;2;-16,39677182;-48,96432638;SPRF-GO;DEL02-GO;UOP01-DEL02-GO
586504;11/03/2024;segunda-feira;07:20:00;SC;101;136,7;BALNEARIO CAMBORIU;Reação tardia ou ineficiente do condutor;Saída de leito carroçável;Sem Vítimas;Pleno dia;Decrescente;Nublado;Dupla;Reta;Sim;1;0;0;0;1;0;0;1;-27,008113;-48,617245;SPRF-SC;DEL04-SC;UOP03-DEL04-SC
586505;11/03/2024;segunda-feira;07:25:00;PR;376;432;TIBAGI;Demais falhas mecânicas ou elétricas;Queda de ocupante de veículo;Com Vítimas Feridas;Pleno dia;Decrescente;Céu Claro;Dupla;Curva;Não;2;0;2;0;0;0;2;1;-24,75491675;-50,53497702;SPRF-PR;DEL03-PR;UOP02-DEL03-PR
586506;11/03/2024;segunda-feira;08:10:00;RJ;101;67,5;CAMPOS DOS GOYTACAZES;Acessar a via sem observar a presença dos outros veículos;Colisão transversal;Sem Vítimas;Pleno dia;Decrescente;Céu Claro;Simples;"Retorno Regulamentado;Reta";Sim;3;0;0;0;3;0;0;2;-21,76751094;-41,34876249;SPRF-RJ;DEL08-RJ;UOP02-DEL08-RJ
586508;11/03/2024;segunda-feira;06:36:00;MT;364;263;JACIARA;Reação tardia ou ineficiente do condutor;Tombamento;Com Vítimas Feridas;Pleno dia;Crescente;Nublado;Dupla;Reta;Não;1;0;0;1;0;0;1;1;-16,014054;-54,909395;SPRF-MT;DEL02-MT;UOP01-DEL02-MT
586509;11/03/2024;segunda-feira;07:40:00;CE;222;139,9;IRAUCUBA;Pista esburacada;Queda de ocupante de veículo;Com Vítimas Feridas;Pleno dia;Crescente;Céu Claro;Simples;Reta;Não;1;0;0;1;0;0;1;1;-3,74550768;-39,70014474;SPRF-CE;DEL04-CE;UOP03-DEL04-CE
586511;11/03/2024;segunda-feira;06:55:00;MS;158;67,5;PARANAIBA;Demais falhas mecânicas ou elétricas;Saída de leito carroçável;Com Vítimas Feridas;Pleno dia;Crescente;Nublado;Simples;Reta;Não;2;0;2;0;0;0;2;1;-19,43329434;-51,36797344;SPRF-MS;DEL08-MS;UOP01-DEL08-MS
586512;11/03/2024;segunda-feira;06:45:00;RO;174;15;VILHENA;Ausência de reação do condutor;Colisão traseira;Com Vítimas Feridas;Pleno dia;Crescente;Céu Claro;Simples;Reta;Sim;3;0;2;0;1;0;2;2;-12,723321;-60,12801;SPRF-RO;DEL04-RO;UOP01-DEL04-RO
586513;11/03/2024;segunda-feira;08:00:00;DF;20;6;BRASILIA;Trafegar com motocicleta (ou similar) entre as faixas;Colisão traseira;Com Vítimas Feridas;Pleno dia;Decrescente;Sol;Dupla;Reta;Sim;3;0;0;1;2;0;1;2;-15,665888;-47,808308;SPRF-DF;DEL02-DF;UOP01-DEL02-DF
586514;11/03/2024;segunda-feira;07:45:00;RS;290;87;PORTO ALEGRE;Reação tardia ou ineficiente do condutor;Colisão traseira;Com Vítimas Feridas;Pleno dia;Crescente;Sol;Dupla;Reta;Não;2;0;1;0;1;0;1;2;-29,967838;-51,127197;SPRF-RS;DEL01-RS;UOP01-DEL01-RS
586515;11/03/2024;segunda-feira;07:22:00;MA;135;10;SAO LUIS;Manobra de mudança de faixa;Saída de leito carroçável;Com Vítimas Feridas;Pleno dia;Decrescente;Céu Claro;Dupla;"Retorno Regulamentado;Reta";Sim;2;0;1;0;0;1;1;2;-2,655912;-44,28629098;SPRF-MA;DEL01-MA;UOP01-DEL01-MA
586517;11/03/2024;segunda-feira;06:50:00;RJ;40;110;DUQUE DE CAXIAS;Reação tardia ou ineficiente do condutor;Tombamento;Com Vítimas Feridas;Pleno dia;Crescente;Sol;Múltipla;Reta;Sim;1;0;1;0;0;0;1;1;-22,68289906;-43,28549346;SPRF-RJ;DEL01-RJ;UOP02-DEL01-RJ
586518;11/03/2024;segunda-feira;07:45:00;PB;230;15;CABEDELO;Condutor deixou de manter distância do veículo da frente;Colisão traseira;Com Vítimas Feridas;Pleno dia;Decrescente;Céu Claro;Dupla;Reta;Sim;2;0;0;1;1;0;1;2;-7,093;-34,8482;SPRF-PB;DEL01-PB;UOP01-DEL01-PB
586520;09/02/2024;sexta-feira;00:34:00;MG;262;884;CAMPO FLORIDO;Animais na Pista;Atropelamento de Animal;Com Vítimas Feridas;Plena Noite;Decrescente;Céu Claro;Dupla;Reta;Não;4;0;4;0;0;0;4;1;-19,7515852;-48,6406595;SPRF-MG;DEL13-MG;UOP02-DEL13-MG
586521;11/03/2024;segunda-feira;07:35:00;PE;101;4,6;RECIFE;Manobra de mudança de faixa;Colisão traseira;Com Vítimas Feridas;Pleno dia;Crescente;Sol;Dupla;Viaduto;Sim;3;0;1;0;2;0;1;2;-8,06702;-34,942575;SPRF-PE;DEL01-PE;UOP02-DEL01-PE
586522;11/03/2024;segunda-feira;08:30:00;SC;101;111,2;ITAJAI;Condutor deixou de manter distância do veículo da frente;Engavetamento;Com Vítimas Feridas;Pleno dia;Crescente;Céu Claro;Dupla;Reta;Não;4;0;2;0;2;0;2;4;-26,83955734;-48,71418074;SPRF-SC;DEL04-SC;UOP04-DEL04-SC
586523;11/03/2024;segunda-feira;08:15:00;SP;116;158;JACAREI;Manobra de mudança de faixa;Colisão lateral mesmo sentido;Com Vítimas Feridas;Pleno dia;Decrescente;Céu Claro;Simples;Ponte;Não;2;0;1;0;1;0;1;2;-23,26072137;-45,95179176;SPRF-SP;DEL02-SP;UOP01-DEL02-SP
586527;11/03/2024;segunda-feira;08:40:00;BA;324;624,9;SALVADOR;Trafegar com motocicleta (ou similar) entre as faixas;Tombamento;Com Vítimas Feridas;Pleno dia;Crescente;Sol;Dupla;Reta;Sim;2;0;2;0;0;0;2;1;-12,933839;-38,47190701;SPRF-BA;DEL01-BA;UOP01-DEL01-BA
586528;06/03/2024;quarta-feira;12:20:00;PR;116;125;FAZENDA RIO GRANDE;Frear bruscamente;Colisão traseira;Com Vítimas Feridas;Pleno dia;Crescente;Nublado;Dupla;Reta;Sim;3;0;1;0;0;2;1;3;-25,60389895;-49,31824423;SPRF-PR;DEL01-PR;UOP03-DEL01-PR
586530;11/03/2024;segunda-feira;09:13:00;PB;230;21;JOAO PESSOA;Reação tardia ou ineficiente do condutor;Tombamento;Com Vítimas Feridas;Pleno dia;Decrescente;Sol;Dupla;Curva;Sim;1;0;1;0;0;0;1;1;-7,14690625;-34,85058253;SPRF-PB;DEL01-PB;UOP01-DEL01-PB
586531;11/03/2024;segunda-feira;09:00:00;GO;414;415,8;ABADIANIA;Manobra de mudança de faixa;Colisão lateral mesmo sentido;Com Vítimas Feridas;Pleno dia;Crescente;Céu Claro;Simples;"Reta;Aclive";Não;2;0;0;1;0;1;1;2;-16,09410799;-48,85334801;SPRF-GO;DEL02-GO;UOP01-DEL02-GO
586534;11/03/2024;segunda-feira;08:20:00;PR;277;80;CURITIBA;Manobra de mudança de faixa;Colisão traseira;Com Vítimas Feridas;Pleno dia;Crescente;Nublado;Dupla;"Interseção de Vias;Reta";Sim;2;0;1;0;1;0;1;2;-25,474344;-49,208779;SPRF-PR;DEL01-PR;UOP07-DEL01-PR
586535;12/02/2024;segunda-feira;06:30:00;PR;277;84;CURITIBA;Reação tardia ou ineficiente do condutor;Colisão traseira;Com Vítimas Feridas;Pleno dia;Crescente;Céu Claro;Dupla;Reta;Sim;4;0;2;0;2;0;2;3;-25,44658432;-49,2313242;SPRF-PR;DEL01-PR;UOP07-DEL01-PR
586537;11/03/2024;segunda-feira;09:00:00;RJ;101;329;RIO DE JANEIRO;Condutor deixou de manter distância do veículo da frente;Colisão traseira;Com Vítimas Feridas;Pleno dia;Crescente;Céu Claro;Dupla;Reta;Sim;4;0;1;0;3;0;1;3;-22,86939305;-43,175642;SPRF-RJ;DEL02-RJ;UOP01-DEL02-RJ
586539;11/03/2024;segunda-feira;09:30:00;SC;101;95,2;BARRA VELHA;Desrespeitar a preferência no cruzamento;Colisão transversal;Com Vítimas Feridas;Pleno dia;Decrescente;Sol;Múltipla;"Viaduto;Reta;Interseção de Vias";Sim;3;0;2;0;1;0;2;2;-26,71515759;-48,7023173;SPRF-SC;DEL03-SC;UOP02-DEL03-SC
586541;11/03/2024;segunda-feira;09:45:00;SC;282;16,7;PALHOCA;Manobra de mudança de faixa;Colisão lateral mesmo sentido;Com Vítimas Feridas;Pleno dia;Decrescente;Céu Claro;Simples;Reta;Sim;2;0;1;0;1;0;1;2;-27,658611;-48,681847;SPRF-SC;DEL01-SC;UOP02-DEL01-SC
586542;11/03/2024;segunda-feira;10:15:00;PR;116;129;FAZENDA RIO GRANDE;Reação tardia ou ineficiente do condutor;Colisão lateral mesmo sentido;Sem Vítimas;Pleno dia;Decrescente;Nublado;Dupla;Reta;Sim;2;0;0;0;2;0;0;2;-25,63027814;-49,31381255;SPRF-PR;DEL01-PR;UOP03-DEL01-PR
586543;07/03/2024;quinta-feira;16:22:00;SC;101;209,1;SAO JOSE;Acessar a via sem observar a presença dos outros veículos;Colisão transversal;Com Vítimas Feridas;Plena Noite;Decrescente;Céu Claro;Múltipla;"Reta;Interseção de Vias";Sim;2;0;1;0;0;1;1;2;-27,61000542;-48,63895057;SPRF-SC;DEL01-SC;UOP01-DEL01-SC
586545;11/03/2024;segunda-feira;08:50:00;AM;230;611;HUMAITA;Conversão proibida;Colisão lateral mesmo sentido;Com Vítimas Feridas;Pleno dia;Decrescente;Céu Claro;Simples;Reta;Sim;3;0;2;1;0;0;3;2;-7,50479836;-63,02939946;SPRF-AM;DEL01-AM;UOP05-DEL01-AM
586548;11/03/2024;segunda-feira;11:20:00;CE;222;2,2;FORTALEZA;Condutor deixou de manter distância do veículo da frente;Engavetamento;Com Vítimas Feridas;Pleno dia;Decrescente;Céu Claro;Múltipla;Reta;Sim;4;0;3;0;1;0;3;3;-3,73911117;-38,58687498;SPRF-CE;DEL01-CE;UOP01-DEL01-CE
586549;08/03/2024;sexta-feira;13:55:00;RS;101;59;MAQUINE;Demais falhas mecânicas ou elétricas;Saída de leito carroçável;Sem Vítimas;Pleno dia;Decrescente;Chuva;Dupla;Curva;Não;1;0;0;0;1;0;0;1;-29,67181595;-50,13928208;SPRF-RS;DEL03-RS;UOP02-DEL03-RS
586551;11/03/2024;segunda-feira;10:30:00;GO;40;6;VALPARAISO DE GOIAS;Condutor deixou de manter distância do veículo da frente;Colisão traseira;Com Vítimas Feridas;Pleno dia;Decrescente;Chuva;Dupla;Reta;Sim;2;0;1;0;1;0;1;2;-16,100814;-47,977351;SPRF-DF;DEL01-DF;UOP01-DEL01-DF
586552;03/01/2024;quarta-feira;19:25:00;BA;110;27;PAULO AFONSO;Acessar a via sem observar a presença dos outros veículos;Atropelamento de Pedestre;Com Vítimas Feridas;Plena Noite;Crescente;Céu Claro;Simples;Reta;Não;2;0;0;1;0;1;1;2;-9,69242292;-38,22752237;SPRF-BA;DEL07-BA;UOP01-DEL07-BA
586553;11/03/2024;segunda-feira;11:20:00;RS;290;2;URUGUAIANA;Transitar na contramão;Colisão frontal;Com Vítimas Feridas;Pleno dia;Crescente;Céu Claro;Simples;"Curva;Aclive";Não;2;0;1;0;1;0;1;2;-29,75518;-57,08882;SPRF-RS;DEL13-RS;UOP01-DEL13-RS
586559;11/03/2024;segunda-feira;12:30:00;BA;101;283,8;LAJE;Ausência de reação do condutor;Colisão traseira;Com Vítimas Feridas;Pleno dia;Crescente;Céu Claro;Simples;"Reta;Aclive";Não;2;0;1;0;1;0;1;2;-13,1413448;-39,29527586;SPRF-BA;DEL01-BA;UOP02-DEL01-BA
586561;11/03/2024;segunda-feira;08:30:00;MG;262;400,5;PARA DE MINAS;Ausência de reação do condutor;Atropelamento de Pedestre;Com Vítimas Feridas;Pleno dia;Crescente;Céu Claro;Dupla;"Reta;Em Obras;Declive";Sim;3;0;1;1;0;1;2;2;-19,90293517;-44,54364505;SPRF-MG;DEL01-MG;UOP03-DEL01-MG
586565;11/03/2024;segunda-feira;12:30:00;SP;381;44;ATIBAIA;Reação tardia ou ineficiente do condutor;Colisão traseira;Com Vítimas Feridas;Pleno dia;Decrescente;Céu Claro;Dupla;Reta;Sim;2;0;1;0;1;0;1;2;-23,16458615;-46,57418959;SPRF-SP;DEL03-SP;UOP01-DEL03-SP
586566;11/03/2024;segunda-feira;12:10:00;AL;104;47,9;BRANQUINHA;Desrespeitar a preferência no cruzamento;Colisão transversal;Com Vítimas Feridas;Pleno dia;Decrescente;Céu Claro;Simples;"Reta;Interseção de Vias";Não;2;0;1;0;1;0;1;2;-9,2457014;-36,00588206;SPRF-AL;DEL01-AL;UOP02-DEL01-AL
586568;11/03/2024;segunda-feira;08:40:00;RJ;393;106;SAPUCAIA;Acesso irregular;Colisão traseira;Com Vítimas Feridas;Pleno dia;Decrescente;Céu Claro;Simples;Reta;Sim;2;0;1;0;1;0;1;2;-21,87764485;-42,67025797;SPRF-RJ;DEL05-RJ;UOP01-DEL05-RJ
586569;11/03/2024;segunda-feira;12:20:00;RO;364;175;PIMENTA BUENO;Ausência de reação do condutor;Saída de leito carroçável;Com Vítimas Feridas;Pleno dia;Decrescente;Céu Claro;Simples;Reta;Não;1;0;1;0;0;0;1;1;-11,81737786;-61,03744379;SPRF-RO;DEL02-RO;UOP02-DEL02-RO
586571;11/03/2024;segunda-feira;11:14:00;PE;428;189,5;PETROLINA;Condutor desrespeitou a iluminação vermelha do semáforo;Colisão transversal;Com Vítimas Feridas;Pleno dia;Crescente;Sol;Dupla;Retorno Regulamentado;Sim;2;0;0;2;0;0;2;2;-9,377825;-40,504455;SPRF-PE;DEL06-PE;UOP01-DEL06-PE
586573;11/03/2024;segunda-feira;12:50:00;PR;272;366,5;CAMPO MOURAO;Entrada inopinada do pedestre;Atropelamento de Pedestre;Com Vítimas Feridas;Pleno dia;Decrescente;Céu Claro;Dupla;Reta;Sim;2;0;0;1;1;0;1;2;-24,04850191;-52,39663124;SPRF-PR;DEL09-PR;UOP03-DEL09-PR