id;data_inversa;dia_semana;horario;uf;br;km;municipio;causa_acidente;tipo_acidente;classificacao_acidente;fase_dia;sentido_via;condicao_metereologica;tipo_pista;tracado_via;uso_solo;pessoas;mortos;feridos_leves;feridos_graves;ilesos;ignorados;feridos;veiculos;latitude;longitude;regional;delegacia;uop
586574;05/03/2024;terça-feira;07:10:00;ES;262;94;DOMINGOS MARTINS;Acessar a via sem observar a presença dos outros veículos;Colisão transversal;Com Vítimas Feridas;Amanhecer;Crescente;Céu Claro;Simples;Reta;Não;5;0;4;0;1;0;4;2;-20,37386581;-41,05851884;SPRF-ES;DEL01-ES;UOP02-DEL01-ES
586575;11/03/2024;segunda-feira;12:00:00;PB;104;118,7;CAMPINA GRANDE;Demais falhas mecânicas ou elétricas;Colisão com objeto;Com Vítimas Feridas;Pleno dia;Crescente;Sol;Simples;Reta;Não;3;0;2;0;1;0;2;2;-7,194843;-35,873424;SPRF-PB;DEL02-PB;UOP04-DEL02-PB
586576;03/03/2024;domingo;18:50:00;PR;277;67;SAO JOSE DOS PINHAIS;Reação tardia ou ineficiente do condutor;Colisão traseira;Com Vítimas Feridas;Anoitecer;Crescente;Nublado;Dupla;Reta;Sim;2;0;1;0;1;0;1;2;-25,525453;-49,096379;SPRF-PR;DEL01-PR;UOP01-DEL01-PR
586577;11/03/2024;segunda-feira;13:00:00;RS;448;13,4;CANOAS;Entrada inopinada do pedestre;Atropelamento de Pedestre;Com Vítimas Fatais;Pleno dia;Crescente;Céu Claro;Dupla;"Curva;Aclive";Não;3;1;0;0;2;0;0;2;-29,927263;-51,217751;SPRF-RS;DEL01-RS;UOP01-DEL01-RS
586580;11/03/2024;segunda-feira;13:20:00;RJ;101;91;CAMPOS DOS GOYTACAZES;Reação tardia ou ineficiente do condutor;Saída de leito carroçável;Com Vítimas Feridas;Pleno dia;Decrescente;Céu Claro;Dupla;Curva;Não;2;0;1;0;1;0;1;1;-21,85123688;-41,52047569;SPRF-RJ;DEL08-RJ;UOP02-DEL08-RJ
586581;11/03/2024;segunda-feira;11:30:00;MG;381;942;EXTREMA;Ausência de reação do condutor;Queda de ocupante de veículo;Com Vítimas Feridas;Pleno dia;Decrescente;Céu Claro;Dupla;Reta;Não;1;0;1;0;0;0;1;1;-22,86605937;-46,34940386;SPRF-MG;DEL16-MG;UOP03-DEL16-MG
586583;11/03/2024;segunda-feira;14:05:00;BA;116;670;JEQUIE;Ausência de reação do condutor;Saída de leito carroçável;Com Vítimas Feridas;Pleno dia;Crescente;Céu Claro;Simples;Reta;Não;2;0;1;0;1;0;1;1;-13,83132116;-40,10787834;SPRF-BA;DEL03-BA;UOP01-DEL03-BA
586584;11/03/2024;segunda-feira;12:15:00;BA;116;909;CANDIDO SALES;Transitar no Acostamento;Colisão transversal;Com Vítimas Feridas;Pleno dia;Crescente;Céu Claro;Simples;Reta;Sim;2;0;0;1;1;0;1;2;-15,42964301;-41,21952898;SPRF-BA;DEL08-BA;UOP03-DEL08-BA
586585;04/02/2024;domingo;14:40:00;MG;381;428;CAETE;Ausência de reação do condutor;Colisão traseira;Com Vítimas Feridas;Pleno dia;Crescente;Céu Claro;Dupla;Reta;Não;3;0;2;0;1;0;2;2;-19,78885371;-43,70613892;SPRF-MG;DEL01-MG;UOP01-DEL01-MG
586586;11/03/2024;segunda-feira;15:00:00;RN;304;25;MOSSORO;Acessar a via sem observar a presença dos outros veículos;Colisão transversal;Com Vítimas Feridas;Pleno dia;Decrescente;Sol;Simples;Reta;Não;2;0;1;0;1;0;1;2;-5,07281407;-37,33179461;SPRF-RN;DEL04-RN;UOP02-DEL04-RN
586587;11/03/2024;segunda-feira;14:30:00;PE;408;102;SAO LOURENCO DA MATA;Reação tardia ou ineficiente do condutor;Colisão com objeto;Com Vítimas Feridas;Pleno dia;Crescente;Céu Claro;Dupla;"Declive;Curva";Não;2;0;0;1;1;0;1;1;-8,05323195;-35,00247996;SPRF-PE;DEL01-PE;UOP01-DEL01-PE
586589;09/03/2024;sábado;07:30:00;SP;381;60;MAIRIPORA;Pista esburacada;Colisão com objeto;Sem Vítimas;Pleno dia;Decrescente;Garoa/Chuvisco;Dupla;Curva;Não;2;0;0;0;2;0;0;1;-23,28951;-46,587105;SPRF-SP;DEL03-SP;UOP01-DEL03-SP
586590;11/03/2024;segunda-feira;13:10:00;RJ;101;322;NITEROI;Ausência de reação do condutor;Colisão com objeto;Com Vítimas Feridas;Pleno dia;Crescente;Céu Claro;Simples;Curva;Não;1;0;1;0;0;0;1;1;-22,878923;-43,110676;SPRF-RJ;DEL02-RJ;UOP01-DEL02-RJ
586592;11/03/2024;segunda-feira;15:15:00;RS;386;398,5;TRIUNFO;Ausência de reação do condutor;Saída de leito carroçável;Com Vítimas Feridas;Pleno dia;Decrescente;Céu Claro;Dupla;Reta;Não;2;0;1;0;1;0;1;1;-29,743687;-51,617054;SPRF-RS;DEL04-RS;UOP02-DEL04-RS
586593;11/03/2024;segunda-feira;15:30:00;SC;282;21;PALHOCA;Condutor deixou de manter distância do veículo da frente;Engavetamento;Com Vítimas Feridas;Pleno dia;Decrescente;Céu Claro;Simples;Reta;Não;5;0;0;1;4;0;1;4;-27,68907;-48,717541;SPRF-SC;DEL01-SC;UOP02-DEL01-SC
586595;11/03/2024;segunda-feira;14:50:00;RJ;101;487,9;ANGRA DOS REIS;Condutor deixou de manter distância do veículo da frente;Colisão traseira;Com Vítimas Feridas;Pleno dia;Decrescente;Nublado;Simples;Reta;Sim;2;0;1;0;1;0;1;2;-22,96364884;-44,29860234;SPRF-RJ;DEL03-RJ;UOP03-DEL03-RJ
586596;11/03/2024;segunda-feira;15:45:00;RS;116;153,3;CAXIAS DO SUL;Acessar a via sem observar a presença dos outros veículos;Colisão transversal;Com Vítimas Feridas;Pleno dia;Crescente;Céu Claro;Simples;Curva;Não;2;0;1;0;1;0;1;2;-29,1829343;-51,16801501;SPRF-RS;DEL05-RS;UOP01-DEL05-RS
586598;11/03/2024;segunda-feira;15:20:00;SP;116;217;GUARULHOS;Avarias e/ou desgaste excessivo no pneu;Colisão com objeto;Com Vítimas Feridas;Pleno dia;Crescente;Céu Claro;Múltipla;Reta;Sim;1;0;0;1;0;0;1;1;-23,45423824;-46,47119028;SPRF-SP;DEL01-SP;UOP01-DEL01-SP
586599;03/03/2024;domingo;16:50:00;PE;101;33;IGARASSU;Manobra de mudança de faixa;Colisão lateral mesmo sentido;Sem Vítimas;Pleno dia;Crescente;Céu Claro;Dupla;"Aclive;Curva";Não;2;0;0;0;2;0;0;2;-7,761909;-34,935654;SPRF-PE;DEL01-PE;UOP02-DEL01-PE
586600;11/03/2024;segunda-feira;14:00:00;ES;101;16;SERRA;Demais falhas mecânicas ou elétricas;Incêndio;Sem Vítimas;Pleno dia;Crescente;Nublado;Dupla;Reta;Não;1;0;0;0;1;0;0;1;-20,129093;-40,308125;SPRF-ES;DEL02-ES;UOP01-DEL02-ES
586605;11/03/2024;segunda-feira;16:20:00;RJ;393;284,1;VOLTA REDONDA;Manobra de mudança de faixa;Colisão lateral mesmo sentido;Com Vítimas Feridas;Pleno dia;Decrescente;Nublado;Simples;Reta;Não;3;0;1;0;2;0;1;2;-22,47341979;-44,05990606;SPRF-RJ;DEL05-RJ;UOP04-DEL05-RJ
586606;11/03/2024;segunda-feira;13:30:00;MG;262;442,5;NOVA SERRANA;Acessar a via sem observar a presença dos outros veículos;Colisão lateral mesmo sentido;Com Vítimas Feridas;Pleno dia;Crescente;Sol;Simples;Reta;Sim;2;0;1;0;0;1;1;2;-19,8806236;-44,91232265;SPRF-MG;DEL08-MG;UOP03-DEL08-MG
586607;11/03/2024;segunda-feira;16:15:00;PR;476;157,5;ARAUCARIA;Ultrapassagem Indevida;Queda de ocupante de veículo;Com Vítimas Feridas;Pleno dia;Decrescente;Céu Claro;Simples;"Reta;Aclive";Sim;1;0;1;0;0;0;1;1;-25,60639;-49,421112;SPRF-PR;DEL01-PR;UOP06-DEL01-PR
586608;11/03/2024;segunda-feira;16:00:00;BA;101;716;EUNAPOLIS;Demais falhas na via;Tombamento;Com Vítimas Feridas;Pleno dia;Crescente;Céu Claro;Simples;Reta;Sim;1;0;1;0;0;0;1;1;-16,36494484;-39,57962036;SPRF-BA;DEL09-BA;UOP01-DEL09-BA
586609;11/03/2024;segunda-feira;16:03:00;SC;101;210;SAO JOSE;Demais falhas mecânicas ou elétricas;Queda de ocupante de veículo;Com Vítimas Feridas;Pleno dia;Crescente;Céu Claro;Dupla;Reta;Sim;2;0;2;0;0;0;2;1;-27,6167305;-48,6457265;SPRF-SC;DEL01-SC;UOP01-DEL01-SC
586611;11/03/2024;segunda-feira;13:00:00;MG;262;404,5;PARA DE MINAS;Reação tardia ou ineficiente do condutor;Colisão com objeto;Com Vítimas Fatais;Pleno dia;Crescente;Céu Claro;Dupla;"Curva;Rotatória;Declive";Não;1;1;0;0;0;0;0;1;-19,89195069;-44,58054391;SPRF-MG;DEL01-MG;UOP03-DEL01-MG
586614;11/03/2024;segunda-feira;15:00:00;PE;232;4,4;RECIFE;Manobra de mudança de faixa;Colisão lateral mesmo sentido;Com Vítimas Feridas;Pleno dia;Crescente;Céu Claro;Dupla;"Viaduto;Declive";Sim;3;0;1;0;0;2;1;2;-8,064473;-34,936928;SPRF-PE;DEL01-PE;UOP01-DEL01-PE
586617;11/03/2024;segunda-feira;15:20:00;RJ;116;174;SAO JOAO DE MERITI;Acessar a via sem observar a presença dos outros veículos;Colisão traseira;Com Vítimas Feridas;Pleno dia;Crescente;Céu Claro;Dupla;"Interseção de Vias;Reta";Sim;2;0;1;0;1;0;1;2;-22,79423806;-43,36403759;SPRF-RJ;DEL06-RJ;UOP01-DEL06-RJ
586618;11/03/2024;segunda-feira;05:40:00;RJ;116;242;PIRAI;Animais na Pista;Atropelamento de Animal;Com Vítimas Feridas;Amanhecer;Crescente;Céu Claro;Dupla;Reta;Não;2;0;1;0;1;0;1;1;-22,63522537;-43,90258636;SPRF-RJ;DEL07-RJ;UOP01-DEL07-RJ
586619;11/03/2024;segunda-feira;16:45:00;MA;135;24;SAO LUIS;Transitar no Acostamento;Atropelamento de Pedestre;Com Vítimas Feridas;Anoitecer;Crescente;Céu Claro;Dupla;Reta;Sim;2;0;1;0;1;0;1;2;-2,75938096;-44,35428204;SPRF-MA;DEL01-MA;UOP01-DEL01-MA
586620;11/03/2024;segunda-feira;17:10:00;PR;116;115;CURITIBA;Trafegar com motocicleta (ou similar) entre as faixas;Colisão lateral mesmo sentido;Com Vítimas Feridas;Pleno dia;Decrescente;Céu Claro;Múltipla;Reta;Sim;5;0;1;0;4;0;1;3;-25,54871412;-49,30424809;SPRF-PR;DEL01-PR;UOP07-DEL01-PR
586621;11/03/2024;segunda-feira;18:00:00;SC;101;79,6;ARAQUARI;Ingestão de álcool pelo condutor;Colisão traseira;Sem Vítimas;Anoitecer;Crescente;Céu Claro;Dupla;Reta;Não;2;0;0;0;2;0;0;2;-26,58559601;-48,72192112;SPRF-SC;DEL03-SC;UOP02-DEL03-SC
586626;11/03/2024;segunda-feira;09:30:00;RJ;116;259;PIRAI;Reação tardia ou ineficiente do condutor;Colisão com objeto;Com Vítimas Feridas;Pleno dia;Crescente;Céu Claro;Múltipla;Reta;Não;2;0;2;0;0;0;2;1;-22,58204838;-44,03112799;SPRF-RJ;DEL07-RJ;UOP02-DEL07-RJ
586627;11/03/2024;segunda-feira;18:25:00;PA;230;115;MARABA;Ausência de reação do condutor;Colisão traseira;Com Vítimas Feridas;Anoitecer;Crescente;Céu Claro;Dupla;Reta;Sim;3;0;0;1;2;0;1;3;-5,36241425;-49,07496007;SPRF-PA;DEL03-PA;UOP01-DEL03-PA
586628;11/03/2024;segunda-feira;17:00:00;RJ;116;244;PIRAI;Reação tardia ou ineficiente do condutor;Colisão com objeto;Com Vítimas Feridas;Pleno dia;Crescente;Céu Claro;Dupla;Reta;Sim;1;0;1;0;0;0;1;1;-22,62453834;-43,91765203;SPRF-RJ;DEL07-RJ;UOP01-DEL07-RJ
586630;11/03/2024;segunda-feira;16:30:00;RJ;116;283;BARRA MANSA;Reação tardia ou ineficiente do condutor;Colisão traseira;Com Vítimas Feridas;Pleno dia;Crescente;Céu Claro;Dupla;Reta;Não;2;0;1;0;1;0;1;2;-22,51669896;-44,20814495;SPRF-RJ;DEL07-RJ;UOP02-DEL07-RJ
586631;11/03/2024;segunda-feira;11:30:00;PI;316;311,8;PICOS;Conversão proibida;Colisão transversal;Com Vítimas Feridas;Pleno dia;Crescente;Céu Claro;Dupla;Reta;Sim;2;0;1;0;0;1;1;2;-7,076331;-41,46596;SPRF-PI;DEL04-PI;UOP01-DEL04-PI
586632;11/03/2024;segunda-feira;16:30:00;MT;163;837;SINOP;Manobra de mudança de faixa;Colisão lateral mesmo sentido;Com Vítimas Feridas;Pleno dia;Crescente;Céu Claro;Dupla;Reta;Sim;2;0;1;0;1;0;1;2;-11,968963;-55,51695578;SPRF-MT;DEL06-MT;UOP02-DEL06-MT
586633;11/03/2024;segunda-feira;18:10:00;SC;282;219;LAGES;Condutor deixou de manter distância do veículo da frente;Colisão traseira;Com Vítimas Feridas;Anoitecer;Decrescente;Céu Claro;Simples;"Reta;Aclive";Sim;3;0;2;0;1;0;2;2;-27,795521;-50,323608;SPRF-SC;DEL05-SC;UOP01-DEL05-SC
586634;11/03/2024;segunda-feira;18:25:00;PI;343;3,7;TERESINA;Ausência de reação do condutor;Colisão traseira;Com Vítimas Feridas;Plena Noite;Crescente;Céu Claro;Dupla;Reta;Não;3;0;1;1;1;0;2;2;-5,089569;-42,802288;SPRF-PI;DEL01-PI;UOP01-DEL01-PI
586635;11/03/2024;segunda-feira;17:04:00;RJ;465;20;SEROPEDICA;Ultrapassagem Indevida;Colisão transversal;Com Vítimas Feridas;Anoitecer;Decrescente;Nublado;Simples;Reta;Sim;2;0;0;1;1;0;1;2;-22,846828;-43,605339;SPRF-RJ;DEL06-RJ;UOP02-DEL06-RJ
586637;11/03/2024;segunda-feira;18:30:00;DF;40;3;BRASILIA;Demais falhas mecânicas ou elétricas;Colisão com objeto;Com Vítimas Feridas;Anoitecer;Decrescente;Céu Claro;Dupla;Viaduto;Sim;2;0;1;0;1;0;1;2;-16,003145;-47,983944;SPRF-DF;DEL01-DF;UOP01-DEL01-DF
586638;11/03/2024;segunda-feira;18:25:00;MS;163;482;CAMPO GRANDE;Acesso irregular;Colisão transversal;Com Vítimas Feridas;Plena Noite;Crescente;Céu Claro;Simples;Reta;Sim;2;0;1;1;0;0;2;2;-20,46271123;-54,55411122;SPRF-MS;DEL01-MS;UOP02-DEL01-MS
586639;11/03/2024;segunda-feira;18:30:00;RN;406;150,6;CEARA-MIRIM;Acessar a via sem observar a presença dos outros veículos;Colisão transversal;Com Vítimas Feridas;Plena Noite;Crescente;Céu Claro;Simples;Interseção de Vias;Sim;2;0;1;0;1;0;1;2;-5,65070749;-35,42610168;SPRF-RN;DEL02-RN;UOP01-DEL02-RN
586643;11/03/2024;segunda-feira;19:20:00;RJ;101;319;NITEROI;Condutor deixou de manter distância do veículo da frente;Colisão traseira;Com Vítimas Feridas;Plena Noite;Decrescente;Céu Claro;Dupla;Reta;Sim;2;0;1;0;1;0;1;2;-22,85411774;-43,1018014;SPRF-RJ;DEL02-RJ;UOP02-DEL02-RJ
586644;11/03/2024;segunda-feira;19:00:00;RS;153;50,1;ERECHIM;Condutor deixou de manter distância do veículo da frente;Colisão traseira;Com Vítimas Feridas;Plena Noite;Crescente;Céu Claro;Simples;"Aclive;Reta";Não;2;0;1;0;1;0;1;2;-27,65588712;-52,27341056;SPRF-RS;DEL08-RS;UOP04-DEL08-RS
586645;11/03/2024;segunda-feira;19:50:00;PB;230;8,6;CABEDELO;Avarias e/ou desgaste excessivo no pneu;Tombamento;Com Vítimas Feridas;Plena Noite;Decrescente;Céu Claro;Múltipla;Aclive;Sim;2;0;1;1;0;0;2;1;-7,0355;-34,8429;SPRF-PB;DEL01-PB;UOP01-DEL01-PB
586647;11/03/2024;segunda-feira;20:00:00;CE;116;17;ITAITINGA;Condutor deixou de manter distância do veículo da frente;Colisão traseira;Com Vítimas Feridas;Plena Noite;Crescente;Céu Claro;Dupla;Reta;Sim;2;0;1;0;0;1;1;2;-3,89617918;-38,50336042;SPRF-CE;DEL01-CE;UOP02-DEL01-CE
586648;11/03/2024;segunda-feira;19:40:00;RJ;101;334;RIO DE JANEIRO;Ausência de reação do condutor;Colisão traseira;Sem Vítimas;Plena Noite;Decrescente;Céu Claro;Dupla;Reta;Não;3;0;0;0;3;0;0;3;-22,88517902;-43,21704364;SPRF-RJ;DEL02-RJ;UOP01-DEL02-RJ
586649;29/02/2024;quinta-feira;09:00:00;BA;324;620;SALVADOR;Manobra de mudança de faixa;Colisão lateral mesmo sentido;Com Vítimas Feridas;Pleno dia;Crescente;Nublado;Múltipla;Reta;Não;3;0;1;0;0;2;1;3;-12,90482172;-38,45556535;SPRF-BA;DEL01-BA;UOP01-DEL01-BA
586651;11/03/2024;segunda-feira;19:30:00;RJ;101;545;PARATY;Ausência de reação do condutor;Colisão traseira;Com Vítimas Feridas;Plena Noite;Decrescente;Chuva;Simples;Reta;Não;4;0;3;0;1;0;3;2;-23,0428643;-44,61880587;SPRF-RJ;DEL03-RJ;UOP04-DEL03-RJ
586653;11/03/2024;segunda-feira;19:40:00;RS;386;440;CANOAS;Avarias e/ou desgaste excessivo no pneu;Queda de ocupante de veículo;Com Vítimas Feridas;Plena Noite;Crescente;Céu Claro;Múltipla;Reta;Sim;1;0;1;0;0;0;1;1;-29,878265;-51,241951;SPRF-RS;DEL01-RS;UOP01-DEL01-RS
586654;11/03/2024;segunda-feira;20:30:00;PA;230;120;MARABA;Ingestão de álcool pelo condutor;Colisão traseira;Sem Vítimas;Plena Noite;Crescente;Nublado;Dupla;Reta;Sim;2;0;0;0;2;0;0;2;-5,35038318;-49,11434;SPRF-PA;DEL03-PA;UOP01-DEL03-PA
586658;11/03/2024;segunda-feira;19:45:00;RJ;493;97;SEROPEDICA;Demais falhas na via;Capotamento;Com Vítimas Feridas;Plena Noite;Crescente;Nublado;Dupla;Reta;Não;4;0;1;0;3;0;1;1;-22,71554838;-43,70568853;SPRF-RJ;DEL01-RJ;UOP03-DEL01-RJ
586659;11/03/2024;segunda-feira;19:00:00;MS;376;2,7;DOURADOS;Iluminação deficiente;Saída de leito carroçável;Com Vítimas Feridas;Plena Noite;Decrescente;Céu Claro;Simples;Reta;Não;3;0;1;0;2;0;1;2;-22,2094029;-54,68003689;SPRF-MS;DEL04-MS;UOP01-DEL04-MS
586660;11/03/2024;segunda-feira;18:00:00;RS;470;246;BARAO;Reação tardia ou ineficiente do condutor;Colisão frontal;Com Vítimas Feridas;Pleno dia;Decrescente;Céu Claro;Simples;"Curva;Declive";Não;2;0;2;0;0;0;2;2;-29,3742;-51,50585;SPRF-RS;DEL06-RS;UOP01-DEL06-RS
586661;11/03/2024;segunda-feira;18:00:00;PE;232;331;CUSTODIA;Transitar na contramão;Colisão frontal;Com Vítimas Feridas;Plena Noite;Crescente;Céu Claro;Simples;Reta;Sim;2;0;1;0;1;0;1;2;-8,08961867;-37,61486098;SPRF-PE;DEL04-PE;UOP02-DEL04-PE
586662;11/03/2024;segunda-feira;18:00:00;RN;405;186,6;MAJOR SALES;Acessar a via sem observar a presença dos outros veículos;Colisão transversal;Com Vítimas Feridas;Plena Noite;Crescente;Céu Claro;Simples;"Reta;Aclive";Sim;2;0;0;1;1;0;1;2;-6,39720853;-38,31785755;SPRF-RN;DEL04-RN;UOP02-DEL04-RN
586663;11/03/2024;segunda-feira;20:40:00;PE;232;12;JABOATAO DOS GUARARAPES;Manobra de mudança de faixa;Colisão traseira;Com Vítimas Feridas;Plena Noite;Crescente;Nublado;Dupla;Declive;Não;2;0;1;0;1;0;1;2;-8,085785;-35,003687;SPRF-PE;DEL01-PE;UOP01-DEL01-PE
586664;11/03/2024;segunda-feira;10:00:00;MA;222;257,4;ARARI;Reação tardia ou ineficiente do condutor;Colisão traseira;Sem Vítimas;Pleno dia;Crescente;Céu Claro;Simples;Reta;Não;2;0;0;0;2;0;0;2;-3,57371589;-44,58787511;SPRF-MA;DEL01-MA;UOP02-DEL01-MA
586665;11/03/2024;segunda-feira;20:35:00;RS;116;569;PEDRO OSORIO;Animais na Pista;Atropelamento de Animal;Com Vítimas Feridas;Plena Noite;Decrescente;Céu Claro;Simples;Reta;Não;2;0;2;0;0;0;2;1;-31,95436027;-52,76835273;SPRF-RS;DEL07-RS;UOP03-DEL07-RS
586667;11/03/2024;segunda-feira;16:20:00;SC;116;68;MONTE CASTELO;Velocidade Incompatível;Colisão transversal;Com Vítimas Feridas;Pleno dia;Crescente;Céu Claro;Simples;"Declive;Reta";Sim;2;0;0;1;1;0;1;2;-26,45149599;-50,22789387;SPRF-SC;DEL06-SC;UOP02-DEL06-SC
586668;11/03/2024;segunda-feira;22:20:00;RS;285;468,8;CORONEL BARROS;Desrespeitar a preferência no cruzamento;Colisão transversal;Com Vítimas Feridas;Plena Noite;Crescente;Céu Claro;Simples;"Reta;Interseção de Vias";Não;3;0;1;1;1;0;2;2;-28,38490658;-53,99402618;SPRF-RS;DEL10-RS;UOP01-DEL10-RS
586669;11/03/2024;segunda-feira;14:00:00;MG;365;419,1;PATOS DE MINAS;Demais falhas mecânicas ou elétricas;Incêndio;Sem Vítimas;Pleno dia;Decrescente;Sol;Simples;"Reta;Aclive";Não;1;0;0;0;1;0;0;1;-18,69581421;-46,59448986;SPRF-MG;DEL10-MG;UOP01-DEL10-MG
586670;11/03/2024;segunda-feira;19:50:00;MG;262;438;NOVA SERRANA;Pedestre andava na pista;Atropelamento de Pedestre;Com Vítimas Feridas;Plena Noite;Crescente;Vento;Dupla;Reta;Não;3;0;3;0;0;0;3;2;-19,89280962;-44,878453;SPRF-MG;DEL08-MG;UOP03-DEL08-MG
586672;11/03/2024;segunda-feira;22:23:00;GO;40;9,7;LUZIANIA;Acessar a via sem observar a presença dos outros veículos;Colisão transversal;Com Vítimas Fatais;Plena Noite;Crescente;Céu Claro;Dupla;Reta;Sim;3;1;0;0;2;0;0;2;-16,131158;-47,957739;SPRF-DF;DEL01-DF;UOP01-DEL01-DF
586673;11/03/2024;segunda-feira;19:20:00;RJ;356;169;SAO JOAO DA BARRA;Acessar a via sem observar a presença dos outros veículos;Colisão transversal;Com Vítimas Feridas;Plena Noite;Decrescente;Céu Claro;Simples;"Interseção de Vias;Reta";Não;5;0;2;0;2;1;2;2;-21,7186;-41,085501;SPRF-RJ;DEL08-RJ;UOP02-DEL08-RJ
586674;11/03/2024;segunda-feira;22:40:00;TO;153;133;WANDERLANDIA;Ausência de reação do condutor;Colisão com objeto;Com Vítimas Feridas;Plena Noite;Decrescente;Céu Claro;Simples;"Declive;Rotatória;Retorno Regulamentado;Reta;Interseção de Vias";Não;12;0;5;3;4;0;8;1;-7,11461109;-48,18743388;SPRF-TO;DEL02-TO;UOP01-DEL02-TO
586675;11/03/2024;segunda-feira;19:30:00;BA;407;213;CAPIM GROSSO;Ingestão de álcool pelo condutor;Colisão frontal;Com Vítimas Fatais;Plena Noite;Crescente;Céu Claro;Simples;Reta;Não;2;1;0;1;0;0;1;2;-11,21325508;-40,03308014;SPRF-BA;DEL04-BA;UOP02-DEL04-BA
586677;11/03/2024;segunda-feira;20:10:00;AL;101;55;MESSIAS;Ingestão de álcool pelo condutor;Capotamento;Sem Vítimas;Plena Noite;Crescente;Céu Claro;Dupla;"Declive;Curva";Não;1;0;0;0;1;0;0;1;-9,26188412;-35,77832284;SPRF-AL;DEL01-AL;UOP02-DEL01-AL
586679;11/03/2024;segunda-feira;22:40:00;PR;376;592;CURITIBA;Reação tardia ou ineficiente do condutor;Atropelamento de Pedestre;Com Vítimas Feridas;Plena Noite;Decrescente;Nublado;Dupla;Reta;Sim;2;0;1;0;1;0;1;2;-25,46833525;-49,35524543;SPRF-PR;DEL01-PR;UOP06-DEL01-PR
586680;11/03/2024;segunda-feira;23:36:00;SP;116;161,5;JACAREI;Ausência de reação do condutor;Colisão traseira;Com Vítimas Feridas;Plena Noite;Decrescente;Céu Claro;Dupla;Reta;Não;3;0;1;0;2;0;1;2;-23,27617003;-45,97592098;SPRF-SP;DEL02-SP;UOP01-DEL02-SP
586683;12/03/2024;terça-feira;00:07:00;PB;101;88;JOAO PESSOA;Chuva;Tombamento;Com Vítimas Feridas;Plena Noite;Crescente;Garoa/Chuvisco;Simples;"Viaduto;Curva";Sim;1;0;1;0;0;0;1;1;-7,1673294;-34,8972732;SPRF-PB;DEL01-PB;UOP01-DEL01-PB
586684;11/03/2024;segunda-feira;23:00:00;RJ;493;114;ITAGUAI;Animais na Pista;Atropelamento de Animal;Com Vítimas Feridas;Plena Noite;Decrescente;Céu Claro;Dupla;Reta;Não;2;0;0;1;1;0;1;1;-22,87048132;-43,81519318;SPRF-RJ;DEL03-RJ;UOP01-DEL03-RJ
586685;12/03/2024;terça-feira;01:00:00;PR;369;159,9;CAMBE;Velocidade Incompatível;Colisão traseira;Sem Vítimas;Plena Noite;Crescente;Céu Claro;Dupla;Reta;Sim;2;0;0;0;1;1;0;2;-23,282136;-51,252013;SPRF-PR;DEL07-PR;UOP01-DEL07-PR
586688;12/03/2024;terça-feira;02:40:00;RJ;40;19;TRES RIOS;Animais na Pista;Atropelamento de Animal;Com Vítimas Feridas;Plena Noite;Decrescente;Céu Claro;Dupla;Reta;Não;1;0;1;0;0;0;1;1;-22,10132017;-43,17101226;SPRF-RJ;DEL05-RJ;UOP02-DEL05-RJ
586690;12/03/2024;terça-feira;03:50:00;ES;101;279;SERRA;Reação tardia ou ineficiente do condutor;Saída de leito carroçável;Com Vítimas Feridas;Plena Noite;Crescente;Nublado;Dupla;Curva;Não;4;0;0;4;0;0;4;1;-20,218122;-40,339325;SPRF-ES;DEL02-ES;UOP01-DEL02-ES
586692;12/03/2024;terça-feira;04:10:00;CE;222;68,9;SAO GONCALO DO AMARANTE;Acessar a via sem observar a presença dos outros veículos;Atropelamento de Pedestre;Com Vítimas Feridas;Amanhecer;Decrescente;Nublado;Simples;Reta;Não;2;0;0;1;1;0;1;2;-3,67061188;-39,152101;SPRF-CE;DEL01-CE;UOP03-DEL01-CE
586693;12/03/2024;terça-feira;04:00:00;SC;280;199,8;MAFRA;Reação tardia ou ineficiente do condutor;Colisão com objeto;Sem Vítimas;Plena Noite;Decrescente;Nublado;Simples;"Interseção de Vias;Reta";Não;2;0;0;0;1;1;0;2;-26,17650191;-50,06329998;SPRF-SC;DEL06-SC;UOP01-DEL06-SC
586694;12/03/2024;terça-feira;04:15:00;RN;101;166,7;CANGUARETAMA;Avarias e/ou desgaste excessivo no pneu;Saída de leito carroçável;Com Vítimas Feridas;Amanhecer;Decrescente;Chuva;Dupla;Reta;Não;5;0;4;0;1;0;4;1;-6,41690408;-35,12638614;SPRF-RN;DEL01-RN;UOP01-DEL01-RN
586696;12/03/2024;terça-feira;05:49:00;DF;20;30;BRASILIA;Condutor deixou de manter distância do veículo da frente;Colisão lateral mesmo sentido;Com Vítimas Feridas;Amanhecer;Decrescente;Nublado;Dupla;"Declive;Reta";Não;5;0;0;1;4;0;1;2;-15,595327;-47,603848;SPRF-DF;DEL02-DF;UOP01-DEL02-DF
586697;12/03/2024;terça-feira;05:30:00;SP;116;108;TAUBATE;Reação tardia ou ineficiente do condutor;Colisão com objeto;Com Vítimas Feridas;Amanhecer;Crescente;Céu Claro;Dupla;Reta;Sim;2;0;1;0;1;0;1;1;-23,0233097;-45,53763622;SPRF-SP;DEL02-SP;UOP02-DEL02-SP