id;data_inversa;dia_semana;horario;uf;br;km;municipio;causa_acidente;tipo_acidente;classificacao_acidente;fase_dia;sentido_via;condicao_metereologica;tipo_pista;tracado_via;uso_solo;pessoas;mortos;feridos_leves;feridos_graves;ilesos;ignorados;feridos;veiculos;latitude;longitude;regional;delegacia;uop
586698;12/03/2024;terça-feira;05:00:00;MG;116;530,6;CARATINGA;Pedestre cruzava a pista fora da faixa;Atropelamento de Pedestre;Com Vítimas Feridas;Amanhecer;Crescente;Nublado;Simples;Reta;Não;2;0;1;1;0;0;2;2;-19,81067298;-42,13539446;SPRF-MG;DEL06-MG;UOP02-DEL06-MG
586701;11/03/2024;segunda-feira;11:30:00;MG;116;450,9;ENGENHEIRO CALDAS;Demais falhas mecânicas ou elétricas;Tombamento;Com Vítimas Feridas;Pleno dia;Crescente;Céu Claro;Simples;Reta;Não;2;0;0;2;0;0;2;1;-19,15284006;-42,02187888;SPRF-MG;DEL06-MG;UOP02-DEL06-MG
586702;12/03/2024;terça-feira;06:35:00;SP;116;215,9;GUARULHOS;Manobra de mudança de faixa;Colisão lateral mesmo sentido;Com Vítimas Feridas;Pleno dia;Decrescente;Céu Claro;Múltipla;"Aclive;Reta";Sim;3;0;2;0;1;0;2;2;-23,45056589;-46,46258105;SPRF-SP;DEL01-SP;UOP01-DEL01-SP
586703;12/03/2024;terça-feira;06:50:00;SC;101;162;TIJUCAS;Acessar a via sem observar a presença dos outros veículos;Colisão transversal;Com Vítimas Feridas;Pleno dia;Decrescente;Céu Claro;Múltipla;Reta;Sim;2;0;1;0;1;0;1;2;-27,22554009;-48,6279367;SPRF-SC;DEL04-SC;UOP03-DEL04-SC
586704;12/03/2024;terça-feira;07:00:00;BA;324;617;SALVADOR;Condutor deixou de manter distância do veículo da frente;Colisão traseira;Sem Vítimas;Pleno dia;Decrescente;Céu Claro;Dupla;Reta;Não;2;0;0;0;2;0;0;2;-12,8860325;-38,43806469;SPRF-BA;DEL01-BA;UOP01-DEL01-BA
586705;12/03/2024;terça-feira;06:00:00;RJ;101;386;RIO DE JANEIRO;Ausência de reação do condutor;Tombamento;Com Vítimas Feridas;Pleno dia;Decrescente;Céu Claro;Dupla;Reta;Sim;1;0;0;1;0;0;1;1;-22,88295192;-43,64094302;SPRF-RJ;DEL03-RJ;UOP01-DEL03-RJ
586706;12/03/2024;terça-feira;07:20:00;RJ;40;50;PETROPOLIS;Ausência de reação do condutor;Queda de ocupante de veículo;Com Vítimas Feridas;Pleno dia;Crescente;Céu Claro;Dupla;Reta;Não;1;0;1;0;0;0;1;1;-22,31806204;-43,13158166;SPRF-RJ;DEL05-RJ;UOP02-DEL05-RJ
586707;08/03/2024;sexta-feira;06:00:00;MG;251;222;SANTA CRUZ DE SALINAS;Objeto estático sobre o leito carroçável;Colisão com objeto;Sem Vítimas;Amanhecer;Decrescente;Céu Claro;Simples;Reta;Não;3;0;0;0;3;0;0;1;-15,9494456;-41,61827087;SPRF-MG;DEL12-MG;UOP02-DEL12-MG
586708;12/03/2024;terça-feira;07:20:00;MG;381;486,6;BETIM;Velocidade Incompatível;Colisão lateral mesmo sentido;Com Vítimas Feridas;Pleno dia;Decrescente;Sol;Dupla;"Reta;Aclive";Sim;4;0;1;0;3;0;1;3;-19,95644414;-44,13611598;SPRF-MG;DEL01-MG;UOP03-DEL01-MG
586710;12/03/2024;terça-feira;07:45:00;SC;101;120;ITAJAI;Trafegar com motocicleta (ou similar) entre as faixas;Colisão lateral mesmo sentido;Com Vítimas Feridas;Pleno dia;Decrescente;Céu Claro;Dupla;Reta;Sim;3;0;1;0;2;0;1;3;-26,912758;-48,711998;SPRF-SC;DEL04-SC;UOP04-DEL04-SC
586711;12/03/2024;terça-feira;07:20:00;SP;116;397;MIRACATU;Ausência de reação do condutor;Saída de leito carroçável;Com Vítimas Feridas;Pleno dia;Decrescente;Céu Claro;Dupla;Reta;Não;1;0;1;0;0;0;1;1;-24,29425611;-47,47858793;SPRF-SP;DEL04-SP;UOP02-DEL04-SP
586713;12/03/2024;terça-feira;08:40:00;MG;40;521;CONTAGEM;Condutor deixou de manter distância do veículo da frente;Colisão traseira;Com Vítimas Feridas;Pleno dia;Crescente;Céu Claro;Dupla;Reta;Não;2;0;2;0;0;0;2;2;-19,85651501;-44,07213222;SPRF-MG;DEL01-MG;UOP02-DEL01-MG
586714;12/03/2024;terça-feira;08:10:00;MG;40;510;RIBEIRAO DAS NEVES;Ausência de reação do condutor;Saída de leito carroçável;Com Vítimas Feridas;Pleno dia;Crescente;Céu Claro;Dupla;"Aclive;Reta";Não;1;0;1;0;0;0;1;1;-19,77463885;-44,12321882;SPRF-MG;DEL01-MG;UOP02-DEL01-MG
586715;12/03/2024;terça-feira;09:20:00;ES;101;279,6;SERRA;Condutor deixou de manter distância do veículo da frente;Colisão traseira;Com Vítimas Feridas;Pleno dia;Crescente;Céu Claro;Dupla;Reta;Não;2;0;0;1;1;0;1;2;-20,218122;-40,339325;SPRF-ES;DEL02-ES;UOP01-DEL02-ES
586718;12/03/2024;terça-feira;07:59:00;MG;365;624;UBERLANDIA;Acessar a via sem observar a presença dos outros veículos;Colisão traseira;Com Vítimas Feridas;Pleno dia;Crescente;Céu Claro;Dupla;Reta;Sim;5;0;3;0;2;0;3;3;-18,90754763;-48,3160669;SPRF-MG;DEL15-MG;UOP01-DEL15-MG
586723;12/03/2024;terça-feira;07:20:00;AC;364;136;RIO BRANCO;Condutor deixou de manter distância do veículo da frente;Colisão traseira;Com Vítimas Feridas;Pleno dia;Decrescente;Céu Claro;Dupla;"Interseção de Vias;Rotatória";Sim;3;0;1;0;2;0;1;2;-9,977578;-67,8489;SPRF-AC;DEL01-AC;UOP01-DEL01-AC
586724;12/03/2024;terça-feira;09:50:00;RS;116;259;CANOAS;Avarias e/ou desgaste excessivo no pneu;Tombamento;Com Vítimas Feridas;Pleno dia;Decrescente;Céu Claro;Dupla;Reta;Não;2;0;2;0;0;0;2;1;-29,870408;-51,179909;SPRF-RS;DEL01-RS;UOP02-DEL01-RS
586725;12/03/2024;terça-feira;08:50:00;RO;319;63;PORTO VELHO;Reação tardia ou ineficiente do condutor;Colisão traseira;Sem Vítimas;Pleno dia;Decrescente;Céu Claro;Dupla;Reta;Sim;2;0;0;0;2;0;0;2;-8,766685;-63,884052;SPRF-RO;DEL01-RO;UOP01-DEL01-RO
586726;12/03/2024;terça-feira;05:40:00;SP;381;5,6;VARGEM;Reação tardia ou ineficiente do condutor;Colisão com objeto;Com Vítimas Feridas;Amanhecer;Crescente;Céu Claro;Dupla;Reta;Sim;1;0;1;0;0;0;1;1;-22,88993723;-46,41305958;SPRF-SP;DEL03-SP;UOP02-DEL03-SP
586727;06/03/2024;quarta-feira;11:45:00;MS;163;132;NAVIRAI;Acessar a via sem observar a presença dos outros veículos;Colisão transversal;Com Vítimas Feridas;Pleno dia;Crescente;Céu Claro;Simples;Reta;Não;3;0;1;0;2;0;1;2;-23,03069108;-54,27596205;SPRF-MS;DEL09-MS;UOP01-DEL09-MS
586728;12/03/2024;terça-feira;10:00:00;CE;116;27;ITAITINGA;Ausência de reação do condutor;Colisão traseira;Sem Vítimas;Pleno dia;Decrescente;Nublado;Dupla;Reta;Não;2;0;0;0;2;0;0;2;-3,98418708;-38,5151357;SPRF-CE;DEL01-CE;UOP02-DEL01-CE
586730;21/02/2024;quarta-feira;09:45:00;PR;376;216;JANDAIA DO SUL;Acesso irregular;Colisão transversal;Com Vítimas Feridas;Pleno dia;Decrescente;Céu Claro;Simples;"Aclive;Em Obras";Sim;2;0;1;0;1;0;1;2;-23,58870799;-51,64555907;SPRF-PR;DEL09-PR;UOP01-DEL09-PR
586731;12/03/2024;terça-feira;09:50:00;DF;70;9;BRASILIA;Ausência de reação do condutor;Queda de ocupante de veículo;Com Vítimas Feridas;Pleno dia;Crescente;Chuva;Dupla;Reta;Sim;1;0;1;0;0;0;1;1;-15,784615;-48,132023;SPRF-DF;DEL03-DF;UOP02-DEL03-DF
586733;12/03/2024;terça-feira;06:30:00;MS;262;418,1;TERENOS;Demais falhas mecânicas ou elétricas;Tombamento;Com Vítimas Feridas;Pleno dia;Crescente;Céu Claro;Simples;Reta;Não;2;0;1;1;0;0;2;1;-20,46031882;-55,18737209;SPRF-MS;DEL01-MS;UOP03-DEL01-MS
586734;12/03/2024;terça-feira;10:10:00;GO;153;497;GOIANIA;Condutor deixou de manter distância do veículo da frente;Colisão traseira;Sem Vítimas;Pleno dia;Crescente;Céu Claro;Múltipla;Aclive;Sim;3;0;0;0;3;0;0;3;-16,6854;-49,2338;SPRF-GO;DEL01-GO;UOP01-DEL01-GO
586737;12/03/2024;terça-feira;10:50:00;PE;101;52,6;PAULISTA;Ausência de reação do condutor;Colisão traseira;Com Vítimas Feridas;Pleno dia;Decrescente;Céu Claro;Dupla;"Reta;Interseção de Vias";Sim;3;0;2;0;1;0;2;2;-7,92358799;-34,89607201;SPRF-PE;DEL01-PE;UOP02-DEL01-PE
586738;12/03/2024;terça-feira;10:30:00;MG;381;942;EXTREMA;Transitar no Acostamento;Atropelamento de Pedestre;Com Vítimas Feridas;Pleno dia;Crescente;Céu Claro;Dupla;"Aclive;Reta";Não;2;0;0;1;0;1;1;2;-22,86605937;-46,34940386;SPRF-MG;DEL16-MG;UOP03-DEL16-MG
586739;04/03/2024;segunda-feira;08:05:00;PE;232;8;RECIFE;Condutor deixou de manter distância do veículo da frente;Colisão traseira;Com Vítimas Feridas;Pleno dia;Crescente;Céu Claro;Múltipla;Reta;Sim;3;0;2;0;1;0;2;2;-8,07583727;-34,97015791;SPRF-PE;DEL01-PE;UOP01-DEL01-PE
586740;12/03/2024;terça-feira;06:35:00;RJ;40;119;DUQUE DE CAXIAS;Ultrapassagem Indevida;Colisão lateral mesmo sentido;Com Vítimas Feridas;Pleno dia;Decrescente;Céu Claro;Múltipla;Curva;Sim;3;0;1;0;2;0;1;2;-22,76375592;-43,28683062;SPRF-RJ;DEL01-RJ;UOP02-DEL01-RJ
586743;12/03/2024;terça-feira;09:58:00;MT;70;509;CUIABA;Transitar no Acostamento;Colisão transversal;Com Vítimas Feridas;Pleno dia;Decrescente;Céu Claro;Simples;Reta;Sim;4;0;1;0;3;0;1;2;-15,699353;-56,082435;SPRF-MT;DEL01-MT;UOP02-DEL01-MT
586744;12/03/2024;terça-feira;11:15:00;PB;101;4;MATARACA;Demais falhas na via;Eventos atípicos;Com Vítimas Feridas;Pleno dia;Crescente;Sol;Dupla;Reta;Não;2;0;1;0;1;0;1;1;-6,5406751;-35,11731147;SPRF-PB;DEL01-PB;UOP04-DEL01-PB
586746;05/03/2024;terça-feira;20:28:00;PE;232;33;MORENO;Animais na Pista;Atropelamento de Animal;Com Vítimas Feridas;Plena Noite;Crescente;Céu Claro;Dupla;Reta;Não;2;0;2;0;0;0;2;1;-8,10541732;-35,1665671;SPRF-PE;DEL01-PE;UOP01-DEL01-PE
586747;12/03/2024;terça-feira;11:50:00;PE;101;69;RECIFE;Ausência de reação do condutor;Colisão lateral mesmo sentido;Com Vítimas Feridas;Pleno dia;Decrescente;Sol;Dupla;Reta;Sim;2;0;1;0;1;0;1;2;-8,059843;-34,945788;SPRF-PE;DEL01-PE;UOP01-DEL01-PE
586748;12/03/2024;terça-feira;09:00:00;SP;116;219,6;GUARULHOS;Manobra de mudança de faixa;Colisão lateral mesmo sentido;Sem Vítimas;Pleno dia;Crescente;Céu Claro;Dupla;Reta;Sim;4;0;0;0;4;0;0;3;-23,46143954;-46,48885316;SPRF-SP;DEL01-SP;UOP01-DEL01-SP
586749;12/03/2024;terça-feira;07:58:00;BA;242;381;PALMEIRAS;Frear bruscamente;Queda de ocupante de veículo;Com Vítimas Feridas;Pleno dia;Crescente;Céu Claro;Simples;Reta;Não;2;0;1;1;0;0;2;1;-12,44160702;-41,52882299;SPRF-BA;DEL06-BA;UOP01-DEL06-BA
586750;12/03/2024;terça-feira;12:20:00;SC;101;117;ITAJAI;Desrespeitar a preferência no cruzamento;Colisão traseira;Com Vítimas Feridas;Pleno dia;Crescente;Céu Claro;Múltipla;"Reta;Interseção de Vias";Sim;2;0;1;0;1;0;1;2;-26,88747187;-48,72252969;SPRF-SC;DEL04-SC;UOP04-DEL04-SC
586751;12/03/2024;terça-feira;05:30:00;MT;70;236;POXOREO;Pista esburacada;Saída de leito carroçável;Com Vítimas Feridas;Pleno dia;Crescente;Céu Claro;Simples;Reta;Não;8;0;8;0;0;0;8;1;-15,627131;-54,005572;SPRF-MT;DEL05-MT;UOP01-DEL05-MT
586752;12/03/2024;terça-feira;11:57:00;MS;163;485;CAMPO GRANDE;Reação tardia ou ineficiente do condutor;Colisão traseira;Com Vítimas Feridas;Pleno dia;Crescente;Céu Claro;Simples;"Interseção de Vias;Reta";Sim;3;0;0;2;1;0;2;2;-20,44233707;-54,54201834;SPRF-MS;DEL01-MS;UOP02-DEL01-MS
586755;12/03/2024;terça-feira;11:10:00;RO;364;12,1;VILHENA;Desrespeitar a preferência no cruzamento;Colisão transversal;Com Vítimas Feridas;Pleno dia;Crescente;Sol;Múltipla;Rotatória;Sim;2;0;1;0;1;0;1;2;-12,74370233;-60,12147609;SPRF-RO;DEL04-RO;UOP01-DEL04-RO
586756;12/03/2024;terça-feira;09:30:00;PB;405;34,3;SAO JOAO DO RIO DO PEIXE;Manobra de mudança de faixa;Colisão frontal;Com Vítimas Feridas;Pleno dia;Decrescente;Céu Claro;Simples;Reta;Não;2;0;1;0;1;0;1;2;-6,729468;-38,448334;SPRF-PB;DEL03-PB;UOP03-DEL03-PB
586757;12/03/2024;terça-feira;08:55:00;RO;364;426;JARU;Ultrapassagem Indevida;Colisão lateral mesmo sentido;Com Vítimas Feridas;Pleno dia;Decrescente;Céu Claro;Simples;Reta;Sim;2;0;1;0;1;0;1;2;-10,43490114;-62,47626543;SPRF-RO;DEL03-RO;UOP02-DEL03-RO
586759;09/02/2024;sexta-feira;17:40:00;GO;414;402,4;CORUMBA DE GOIAS;Ausência de reação do condutor;Saída de leito carroçável;Com Vítimas Feridas;Anoitecer;Decrescente;Chuva;Simples;Curva;Não;1;0;1;0;0;0;1;1;-15,992372;-48,836667;SPRF-GO;DEL02-GO;UOP01-DEL02-GO
586760;12/03/2024;terça-feira;12:30:00;MG;40;801;MATIAS BARBOSA;Reação tardia ou ineficiente do condutor;Colisão traseira;Com Vítimas Feridas;Pleno dia;Decrescente;Céu Claro;Dupla;"Curva;Aclive";Não;2;0;1;0;1;0;1;2;-21,84672919;-43,37899486;SPRF-MG;DEL05-MG;UOP01-DEL05-MG
586761;11/01/2024;quinta-feira;21:50:00;SC;101;274;IMBITUBA;Reação tardia ou ineficiente do condutor;Colisão traseira;Com Vítimas Feridas;Plena Noite;Crescente;Chuva;Múltipla;Reta;Sim;5;0;1;1;3;0;2;2;-28,13603157;-48,69222164;SPRF-SC;DEL02-SC;UOP03-DEL02-SC
586762;12/03/2024;terça-feira;11:30:00;PR;376;5;MANDAGUARI;Conversão proibida;Colisão transversal;Com Vítimas Feridas;Pleno dia;Decrescente;Céu Claro;Simples;Reta;Sim;2;0;1;0;1;0;1;2;-23,52462758;-51,6778357;SPRF-PR;DEL09-PR;UOP01-DEL09-PR
586763;12/03/2024;terça-feira;12:15:00;DF;251;33;BRASILIA;Conversão proibida;Colisão transversal;Com Vítimas Feridas;Pleno dia;Crescente;Céu Claro;Simples;Reta;Não;3;0;2;1;0;0;3;2;-15,93860338;-47,746346;SPRF-DF;DEL01-DF;UOP01-DEL01-DF
586764;12/03/2024;terça-feira;13:00:00;PR;376;5,6;MANDAGUARI;Ultrapassagem Indevida;Colisão lateral mesmo sentido;Com Vítimas Feridas;Pleno dia;Decrescente;Sol;Simples;"Interseção de Vias;Reta";Sim;2;0;1;0;1;0;1;2;-23,52866776;-51,6757071;SPRF-PR;DEL09-PR;UOP01-DEL09-PR
586765;12/03/2024;terça-feira;12:00:00;MG;116;276;TEOFILO OTONI;Reação tardia ou ineficiente do condutor;Atropelamento de Pedestre;Com Vítimas Feridas;Pleno dia;Crescente;Céu Claro;Simples;Reta;Sim;2;0;1;1;0;0;2;2;-17,85105696;-41,51454492;SPRF-MG;DEL11-MG;UOP01-DEL11-MG
586767;12/03/2024;terça-feira;13:30:00;PR;116;143,4;MANDIRITUBA;Reação tardia ou ineficiente do condutor;Saída de leito carroçável;Com Vítimas Feridas;Pleno dia;Decrescente;Céu Claro;Simples;"Declive;Reta";Sim;18;0;18;0;0;0;18;1;-25,79024;-49,327322;SPRF-PR;DEL01-PR;UOP03-DEL01-PR
586769;09/02/2024;sexta-feira;07:40:00;SC;101;199;BIGUACU;Acessar a via sem observar a presença dos outros veículos;Colisão lateral mesmo sentido;Com Vítimas Feridas;Pleno dia;Crescente;Sol;Múltipla;Reta;Não;2;0;1;0;1;0;1;2;-27,53413705;-48,63003205;SPRF-SC;DEL01-SC;UOP01-DEL01-SC
586772;12/03/2024;terça-feira;11:30:00;RJ;101;46;CAMPOS DOS GOYTACAZES;Velocidade Incompatível;Colisão traseira;Com Vítimas Feridas;Pleno dia;Decrescente;Céu Claro;Simples;Reta;Sim;2;0;1;0;1;0;1;2;-21,59839998;-41,3168335;SPRF-RJ;DEL08-RJ;UOP01-DEL08-RJ
586774;18/02/2024;domingo;19:50:00;PB;230;27;JOAO PESSOA;Chuva;Colisão lateral mesmo sentido;Com Vítimas Feridas;Plena Noite;Decrescente;Chuva;Dupla;Reta;Sim;3;0;1;0;0;2;1;2;-7,16615157;-34,88889098;SPRF-PB;DEL01-PB;UOP01-DEL01-PB
586776;12/03/2024;terça-feira;14:00:00;RS;472;182,3;SANTO CRISTO;Ausência de reação do condutor;Saída de leito carroçável;Com Vítimas Feridas;Pleno dia;Decrescente;Céu Claro;Simples;"Aclive;Reta";Não;1;0;1;0;0;0;1;1;-27,84035606;-54,57326398;SPRF-RS;DEL10-RS;UOP01-DEL10-RS
586778;12/03/2024;terça-feira;13:52:00;RO;364;10;VILHENA;Reação tardia ou ineficiente do condutor;Colisão traseira;Com Vítimas Feridas;Pleno dia;Decrescente;Céu Claro;Simples;Reta;Sim;2;0;0;1;1;0;1;2;-12,75194006;-60,10600907;SPRF-RO;DEL04-RO;UOP01-DEL04-RO
586779;12/03/2024;terça-feira;14:15:00;PE;232;6;RECIFE;Condutor deixou de manter distância do veículo da frente;Colisão traseira;Com Vítimas Feridas;Pleno dia;Crescente;Céu Claro;Múltipla;Reta;Não;1;0;0;1;0;0;1;1;-8,07079525;-34,9535389;SPRF-PE;DEL01-PE;UOP01-DEL01-PE
586780;12/03/2024;terça-feira;13:40:00;SC;101;201,7;SAO JOSE;Reação tardia ou ineficiente do condutor;Colisão traseira;Com Vítimas Feridas;Pleno dia;Decrescente;Céu Claro;Múltipla;Reta;Sim;2;0;1;0;1;0;1;2;-27,54836599;-48,61977975;SPRF-SC;DEL01-SC;UOP01-DEL01-SC
586781;12/03/2024;terça-feira;14:00:00;SP;116;311;SAO LOURENCO DA SERRA;Animais na Pista;Atropelamento de Animal;Com Vítimas Feridas;Pleno dia;Crescente;Céu Claro;Dupla;Reta;Não;1;0;1;0;0;0;1;1;-23,87725502;-46,96775798;SPRF-SP;DEL04-SP;UOP01-DEL04-SP
586782;03/03/2024;domingo;04:30:00;AM;174;1010,5;PRESIDENTE FIGUEIREDO;Pista esburacada;Saída de leito carroçável;Sem Vítimas;Plena Noite;Crescente;Ignorado;Simples;Reta;Não;2;0;0;0;2;0;0;1;-1,880115;-60,074066;SPRF-AM;DEL01-AM;UOP02-DEL01-AM
586784;12/03/2024;terça-feira;15:30:00;RJ;116;177;SAO JOAO DE MERITI;Objeto estático sobre o leito carroçável;Tombamento;Com Vítimas Fatais;Pleno dia;Decrescente;Nublado;Múltipla;Reta;Sim;1;1;0;0;0;0;0;1;-22,78055198;-43,39208599;SPRF-RJ;DEL06-RJ;UOP01-DEL06-RJ
586785;12/03/2024;terça-feira;15:30:00;SP;381;52;ATIBAIA;Reação tardia ou ineficiente do condutor;Colisão lateral mesmo sentido;Com Vítimas Feridas;Pleno dia;Decrescente;Céu Claro;Dupla;Reta;Não;2;0;1;0;1;0;1;2;-23,2300622;-46,59963076;SPRF-SP;DEL03-SP;UOP01-DEL03-SP
586786;12/03/2024;terça-feira;14:48:00;DF;40;8;BRASILIA;Demais falhas mecânicas ou elétricas;Incêndio;Sem Vítimas;Pleno dia;Decrescente;Céu Claro;Dupla;Reta;Sim;1;0;0;0;1;0;0;1;-16,0491129;-47,98132896;SPRF-DF;DEL01-DF;UOP01-DEL01-DF
586789;12/03/2024;terça-feira;15:40:00;DF;70;3;BRASILIA;Acessar a via sem observar a presença dos outros veículos;Colisão transversal;Com Vítimas Feridas;Pleno dia;Decrescente;Céu Claro;Dupla;"Reta;Retorno Regulamentado";Sim;3;0;1;0;1;1;1;2;-15,8023191;-48,07986259;SPRF-DF;DEL03-DF;UOP02-DEL03-DF
586790;12/03/2024;terça-feira;15:50:00;SP;116;463;PARIQUERA-ACU;Avarias e/ou desgaste excessivo no pneu;Saída de leito carroçável;Com Vítimas Feridas;Pleno dia;Decrescente;Céu Claro;Dupla;Reta;Não;1;0;1;0;0;0;1;1;-24,62904309;-47,90227592;SPRF-SP;DEL05-SP;UOP01-DEL05-SP
586791;12/03/2024;terça-feira;15:30:00;MG;40;522;CONTAGEM;Reação tardia ou ineficiente do condutor;Colisão traseira;Com Vítimas Feridas;Pleno dia;Crescente;Céu Claro;Dupla;Reta;Sim;2;0;1;0;1;0;1;2;-19,8638731;-44,06749809;SPRF-MG;DEL01-MG;UOP02-DEL01-MG
586797;12/03/2024;terça-feira;15:45:00;PB;NA;NA;JOAO PESSOA;Ausência de reação do condutor;Colisão traseira;Com Vítimas Feridas;Pleno dia;Não Informado;Céu Claro;Simples;Declive;Sim;3;0;1;0;2;0;1;2;-7,13176661;-34,86160398;SPRF-PB;DEL01-PB;UOP02-DEL01-PB
586798;12/03/2024;terça-feira;13:45:00;RJ;40;26;TRES RIOS;Condutor Dormindo;Colisão com objeto;Com Vítimas Feridas;Pleno dia;Decrescente;Sol;Dupla;Reta;Não;1;0;1;0;0;0;1;1;-22,15736014;-43,15738678;SPRF-RJ;DEL05-RJ;UOP02-DEL05-RJ
586799;12/03/2024;terça-feira;11:40:00;BA;324;391;GAVIAO;Ultrapassagem Indevida;Colisão frontal;Com Vítimas Feridas;Pleno dia;Crescente;Céu Claro;Simples;Declive;Não;4;0;1;3;0;0;4;2;-11,52468699;-39,71698799;SPRF-BA;DEL04-BA;UOP02-DEL04-BA
586800;12/03/2024;terça-feira;16:45:00;SC;470;86;RODEIO;Desrespeitar a preferência no cruzamento;Colisão transversal;Com Vítimas Feridas;Pleno dia;Crescente;Sol;Simples;"Interseção de Vias;Reta";Não;2;0;0;1;1;0;1;2;-26,94950882;-49,35920304;SPRF-SC;DEL04-SC;UOP01-DEL04-SC
586802;12/03/2024;terça-feira;17:00:00;SC;101;316,8;PESCARIA BRAVA;Avarias e/ou desgaste excessivo no pneu;Tombamento;Com Vítimas Feridas;Pleno dia;Crescente;Céu Claro;Múltipla;Reta;Sim;2;0;2;0;0;0;2;1;-28,42904239;-48,84257464;SPRF-SC;DEL02-SC;UOP01-DEL02-SC
586803;12/03/2024;terça-feira;17:45:00;SP;381;37;ATIBAIA;Ausência de reação do condutor;Colisão traseira;Sem Vítimas;Pleno dia;Decrescente;Céu Claro;Dupla;Reta;Sim;3;0;0;0;3;0;0;2;-23,10720732;-46,56928539;SPRF-SP;DEL03-SP;UOP01-DEL03-SP
586804;12/03/2024;terça-feira;17:30:00;BA;415;49;ITABUNA;Acessar a via sem observar a presença dos outros veículos;Colisão transversal;Com Vítimas Feridas;Anoitecer;Crescente;Céu Claro;Simples;Reta;Não;4;0;2;0;2;0;2;2;-14,82135037;-39,30869764;SPRF-BA;DEL05-BA;UOP01-DEL05-BA
586808;12/03/2024;terça-feira;18:15:00;SC;282;22;PALHOCA;Trafegar com motocicleta (ou similar) entre as faixas;Colisão transversal;Com Vítimas Feridas;Anoitecer;Decrescente;Céu Claro;Simples;Reta;Sim;2;0;2;0;0;0;2;2;-27,688507;-48,72739;SPRF-SC;DEL01-SC;UOP02-DEL01-SC
586809;12/03/2024;terça-feira;18:27:00;MG;381;491,9;BETIM;Manobra de mudança de faixa;Colisão lateral mesmo sentido;Com Vítimas Feridas;Anoitecer;Decrescente;Céu Claro;Múltipla;Reta;Sim;2;0;0;1;1;0;1;2;-19,96090335;-44,15806901;SPRF-MG;DEL01-MG;UOP03-DEL01-MG
586810;12/03/2024;terça-feira;17:50:00;PB;101;87,1;JOAO PESSOA;Reação tardia ou ineficiente do condutor;Colisão traseira;Com Vítimas Feridas;Anoitecer;Decrescente;Céu Claro;Dupla;Reta;Sim;3;0;2;0;0;1;2;2;-7,15886802;-34,90628504;SPRF-PB;DEL01-PB;UOP01-DEL01-PB
586811;12/03/2024;terça-feira;18:30:00;PR;376;629;SAO JOSE DOS PINHAIS;Manobra de mudança de faixa;Colisão lateral mesmo sentido;Com Vítimas Feridas;Plena Noite;Crescente;Céu Claro;Simples;Reta;Sim;2;0;1;0;1;0;1;2;-25,68698314;-49,14684542;SPRF-PR;DEL01-PR;UOP04-DEL01-PR
586812;12/03/2024;terça-feira;11:30:00;MG;116;267;TEOFILO OTONI;Pista esburacada;Tombamento;Com Vítimas Feridas;Pleno dia;Crescente;Nublado;Simples;"Declive;Curva";Não;1;0;1;0;0;0;1;1;-17,77862602;-41,49956897;SPRF-MG;DEL11-MG;UOP01-DEL11-MG
586813;12/03/2024;terça-feira;16:45:00;MG;116;752,3;LEOPOLDINA;Acessar a via sem observar a presença dos outros veículos;Colisão transversal;Sem Vítimas;Pleno dia;Decrescente;Céu Claro;Simples;Interseção de Vias;Não;2;0;0;0;2;0;0;2;-21,47033213;-42,55907489;SPRF-MG;DEL07-MG;UOP01-DEL07-MG
586815;12/03/2024;terça-feira;17:35:00;RO;364;13,7;VILHENA;Acessar a via sem observar a presença dos outros veículos;Colisão transversal;Com Vítimas Feridas;Pleno dia;Crescente;Sol;Dupla;"Reta;Interseção de Vias";Sim;4;0;2;0;2;0;2;3;-12,74140004;-60,13026401;SPRF-RO;DEL04-RO;UOP01-DEL04-RO
586817;12/03/2024;terça-feira;18:30:00;GO;60;138;GOIANIA;Desrespeitar a preferência no cruzamento;Colisão transversal;Com Vítimas Feridas;Anoitecer;Decrescente;Céu Claro;Simples;Reta;Sim;2;0;1;0;1;0;1;2;-16,6117;-49,2053;SPRF-GO;DEL01-GO;UOP01-DEL01-GO
586822;12/03/2024;terça-feira;18:27:00;SP;116;148,9;SAO JOSE DOS CAMPOS;Reação tardia ou ineficiente do condutor;Colisão lateral mesmo sentido;Com Vítimas Feridas;Plena Noite;Decrescente;Céu Claro;Dupla;Reta;Sim;3;0;2;0;1;0;2;2;-23,20067421;-45,8795018;SPRF-SP;DEL02-SP;UOP01-DEL02-SP
586825;12/03/2024;terça-feira;19:00:00;RS;101;28;TRES CACHOEIRAS;Mal súbito do condutor;Tombamento;Com Vítimas Feridas;Plena Noite;Crescente;Céu Claro;Múltipla;Reta;Não;2;0;2;0;0;0;2;1;-29,46628752;-49,95379023;SPRF-RS;DEL03-RS;UOP02-DEL03-RS
586827;12/03/2024;terça-feira;18:20:00;SC;101;282;IMBITUBA;Demais falhas mecânicas ou elétricas;Incêndio;Sem Vítimas;Anoitecer;Crescente;Céu Claro;Múltipla;Reta;Sim;1;0;0;0;1;0;0;1;-28,19626005;-48,69739859;SPRF-SC;DEL02-SC;UOP03-DEL02-SC