id;data_inversa;dia_semana;horario;uf;br;km;municipio;causa_acidente;tipo_acidente;classificacao_acidente;fase_dia;sentido_via;condicao_metereologica;tipo_pista;tracado_via;uso_solo;pessoas;mortos;feridos_leves;feridos_graves;ilesos;ignorados;feridos;veiculos;latitude;longitude;regional;delegacia;uop
586828;11/03/2024;segunda-feira;19:30:00;PA;163;980;SANTAREM;Estacionar ou parar em local proibido;Colisão traseira;Com Vítimas Feridas;Plena Noite;Decrescente;Céu Claro;Simples;Reta;Não;3;0;0;2;1;0;2;2;-2,63482156;-54,74836014;SPRF-PA;DEL05-PA;UOP01-DEL05-PA
586831;12/03/2024;terça-feira;18:00:00;MT;364;266;SAO PEDRO DA CIPA;Acessar a via sem observar a presença dos outros veículos;Colisão transversal;Com Vítimas Feridas;Anoitecer;Decrescente;Céu Claro;Dupla;"Reta;Retorno Regulamentado;Declive";Sim;2;0;1;0;1;0;1;2;-15,995969;-54,92259699;SPRF-MT;DEL02-MT;UOP01-DEL02-MT
586833;12/03/2024;terça-feira;19:00:00;BA;116;413;FEIRA DE SANTANA;Manobra de mudança de faixa;Colisão lateral mesmo sentido;Com Vítimas Feridas;Plena Noite;Crescente;Nublado;Dupla;Reta;Não;4;0;1;0;2;1;1;2;-12,14246805;-38,96658117;SPRF-BA;DEL02-BA;UOP01-DEL02-BA
586834;12/03/2024;terça-feira;19:15:00;PR;277;727;FOZ DO IGUACU;Ausência de reação do condutor;Saída de leito carroçável;Com Vítimas Feridas;Plena Noite;Decrescente;Céu Claro;Dupla;Curva;Sim;2;0;2;0;0;0;2;1;-25,51017487;-54,56454899;SPRF-PR;DEL05-PR;UOP03-DEL05-PR
586835;12/03/2024;terça-feira;17:45:00;BA;324;3;FEIRA DE SANTANA;Reação tardia ou ineficiente do condutor;Colisão traseira;Com Vítimas Feridas;Anoitecer;Crescente;Nublado;Dupla;Reta;Sim;1;0;1;0;0;0;1;1;-12,267113;-38,966988;SPRF-BA;DEL02-BA;UOP01-DEL02-BA
586836;12/03/2024;terça-feira;18:45:00;BA;324;404;NOVA FATIMA;Transitar na contramão;Colisão frontal;Com Vítimas Feridas;Plena Noite;Crescente;Ignorado;Simples;Curva;Sim;8;0;2;0;6;0;2;2;-11,61425887;-39,62255716;SPRF-BA;DEL04-BA;UOP02-DEL04-BA
586838;08/03/2024;sexta-feira;14:30:00;GO;153;503;GOIANIA;Manobra de mudança de faixa;Colisão transversal;Com Vítimas Feridas;Pleno dia;Crescente;Céu Claro;Dupla;Reta;Sim;2;0;1;0;1;0;1;2;-16,7366;-49,243;SPRF-GO;DEL01-GO;UOP01-DEL01-GO
586844;12/03/2024;terça-feira;19:00:00;RJ;40;111;DUQUE DE CAXIAS;Manobra de mudança de faixa;Colisão lateral mesmo sentido;Com Vítimas Feridas;Plena Noite;Decrescente;Céu Claro;Dupla;Reta;Não;2;0;0;1;1;0;1;2;-22,691868;-43,287453;SPRF-RJ;DEL01-RJ;UOP02-DEL01-RJ
586846;12/03/2024;terça-feira;19:30:00;MS;163;104,5;ITAQUIRAI;Reação tardia ou ineficiente do condutor;Tombamento;Com Vítimas Fatais;Plena Noite;Crescente;Céu Claro;Dupla;Reta;Não;4;1;0;0;2;1;0;3;-23,24560635;-54,22489172;SPRF-MS;DEL09-MS;UOP01-DEL09-MS
586847;12/03/2024;terça-feira;20:20:00;PE;101;68;RECIFE;Acumulo de óleo sobre o pavimento;Queda de ocupante de veículo;Com Vítimas Feridas;Plena Noite;Crescente;Garoa/Chuvisco;Dupla;Rotatória;Sim;1;0;1;0;0;0;1;1;-8,05183289;-34,94633496;SPRF-PE;DEL01-PE;UOP01-DEL01-PE
586848;12/03/2024;terça-feira;20:20:00;PE;101;68;RECIFE;Acumulo de óleo sobre o pavimento;Queda de ocupante de veículo;Com Vítimas Feridas;Plena Noite;Crescente;Garoa/Chuvisco;Dupla;Rotatória;Sim;2;0;2;0;0;0;2;1;-8,05185413;-34,94636714;SPRF-PE;DEL01-PE;UOP01-DEL01-PE
586849;12/03/2024;terça-feira;20:00:00;GO;153;617,2;MORRINHOS;Acessar a via sem observar a presença dos outros veículos;Colisão frontal;Com Vítimas Fatais;Plena Noite;Decrescente;Céu Claro;Dupla;Aclive;Não;3;1;1;0;1;0;1;2;-17,6951;-49,1559;SPRF-GO;DEL03-GO;UOP01-DEL03-GO
586850;12/03/2024;terça-feira;18:30:00;SC;101;36,9;JOINVILLE;Acessar a via sem observar a presença dos outros veículos;Colisão transversal;Com Vítimas Feridas;Anoitecer;Crescente;Nublado;Múltipla;Reta;Sim;3;0;2;0;1;0;2;2;-26,24573198;-48,9101069;SPRF-SC;DEL03-SC;UOP01-DEL03-SC
586853;12/03/2024;terça-feira;20:15:00;SC;282;70;RANCHO QUEIMADO;Ultrapassagem Indevida;Colisão lateral mesmo sentido;Sem Vítimas;Plena Noite;Decrescente;Céu Claro;Simples;Reta;Não;2;0;0;0;2;0;0;1;-27,692705;-49,091351;SPRF-SC;DEL01-SC;UOP03-DEL01-SC
586855;12/03/2024;terça-feira;16:15:00;AM;174;914;MANAUS;Acessar a via sem observar a presença dos outros veículos;Colisão frontal;Com Vítimas Feridas;Anoitecer;Crescente;Sol;Simples;Reta;Não;8;0;0;1;5;2;1;4;-2,70822467;-60,04866149;SPRF-AM;DEL01-AM;UOP01-DEL01-AM
586856;12/03/2024;terça-feira;21:20:00;SE;101;3,9;PROPRIA;Velocidade Incompatível;Colisão com objeto;Com Vítimas Feridas;Plena Noite;Decrescente;Céu Claro;Dupla;"Curva;Declive";Não;1;0;1;0;0;0;1;1;-10,229956;-36,839184;SPRF-SE;DEL02-SE;UOP02-DEL02-SE
586859;12/03/2024;terça-feira;21:00:00;RS;290;679;URUGUAIANA;Animais na Pista;Atropelamento de Animal;Sem Vítimas;Plena Noite;Crescente;Céu Claro;Simples;Reta;Não;3;0;0;0;3;0;0;1;-29,906765;-56,684341;SPRF-RS;DEL13-RS;UOP01-DEL13-RS
586860;12/03/2024;terça-feira;21:00:00;MG;40;532,8;BELO HORIZONTE;Demais falhas mecânicas ou elétricas;Incêndio;Sem Vítimas;Plena Noite;Decrescente;Céu Claro;Dupla;Reta;Sim;1;0;0;0;1;0;0;1;-19,92372561;-44,01700789;SPRF-MG;DEL01-MG;UOP02-DEL01-MG
586861;12/03/2024;terça-feira;21:00:00;BA;116;673;JEQUIE;Ultrapassagem Indevida;Colisão frontal;Com Vítimas Feridas;Plena Noite;Decrescente;Ignorado;Simples;"Interseção de Vias;Reta";Sim;3;0;0;2;1;0;2;2;-13,86795747;-40,1127385;SPRF-BA;DEL03-BA;UOP01-DEL03-BA
586863;12/03/2024;terça-feira;15:45:00;RJ;101;331;RIO DE JANEIRO;Reação tardia ou ineficiente do condutor;Colisão com objeto;Com Vítimas Fatais;Pleno dia;Crescente;Nublado;Dupla;Reta;Sim;4;1;0;0;3;0;0;3;-22,867662;-43,195337;SPRF-RJ;DEL02-RJ;UOP01-DEL02-RJ
586864;12/03/2024;terça-feira;20:05:00;MG;262;569;CORREGO DANTA;Objeto estático sobre o leito carroçável;Colisão com objeto;Sem Vítimas;Plena Noite;Crescente;Céu Claro;Simples;Reta;Não;5;0;0;0;5;0;0;1;-19,73725865;-46,01373669;SPRF-MG;DEL08-MG;UOP02-DEL08-MG
586865;12/03/2024;terça-feira;10:00:00;PA;155;331;MARABA;Reação tardia ou ineficiente do condutor;Colisão traseira;Sem Vítimas;Pleno dia;Decrescente;Céu Claro;Simples;Declive;Não;3;0;0;0;3;0;0;3;-5,47732298;-49,07593648;SPRF-PA;DEL03-PA;UOP01-DEL03-PA
586866;12/03/2024;terça-feira;18:30:00;AC;364;141;RIO BRANCO;Desrespeitar a preferência no cruzamento;Colisão transversal;Com Vítimas Feridas;Plena Noite;Decrescente;Nublado;Dupla;Rotatória;Sim;2;0;1;0;1;0;1;2;-9,9410586;-67,87677526;SPRF-AC;DEL01-AC;UOP01-DEL01-AC
586867;12/03/2024;terça-feira;17:00:00;PA;155;344;MARABA;Acessar a via sem observar a presença dos outros veículos;Colisão transversal;Com Vítimas Feridas;Pleno dia;Crescente;Céu Claro;Simples;Reta;Não;2;0;0;1;1;0;1;2;-5,36957395;-49,07796968;SPRF-PA;DEL03-PA;UOP01-DEL03-PA
586868;12/03/2024;terça-feira;21:30:00;MG;262;365,9;JUATUBA;Ingestão de álcool pelo condutor;Saída de leito carroçável;Sem Vítimas;Plena Noite;Decrescente;Garoa/Chuvisco;Dupla;"Aclive;Reta";Não;1;0;0;0;1;0;0;1;-19,97856934;-44,25336717;SPRF-MG;DEL01-MG;UOP03-DEL01-MG
586869;12/03/2024;terça-feira;22:20:00;MG;40;694,2;ALFREDO VASCONCELOS;Objeto estático sobre o leito carroçável;Colisão com objeto;Com Vítimas Feridas;Plena Noite;Crescente;Céu Claro;Simples;Reta;Não;1;0;1;0;0;0;1;1;-21,132076;-43,76202;SPRF-MG;DEL05-MG;UOP02-DEL05-MG
586870;12/03/2024;terça-feira;22:40:00;SC;101;211;PALHOCA;Ausência de reação do condutor;Colisão traseira;Com Vítimas Feridas;Plena Noite;Crescente;Céu Claro;Múltipla;"Reta;Declive";Sim;3;0;0;1;2;0;1;3;-27,62329313;-48,65245588;SPRF-SC;DEL01-SC;UOP02-DEL01-SC
586871;12/03/2024;terça-feira;23:25:00;PR;153;350;REBOUCAS;Ingestão de álcool pelo condutor;Saída de leito carroçável;Com Vítimas Feridas;Plena Noite;Crescente;Céu Claro;Simples;"Interseção de Vias;Curva;Rotatória";Não;2;0;1;0;1;0;1;1;-25,60905442;-50,6997648;SPRF-PR;DEL08-PR;UOP02-DEL08-PR
586872;12/03/2024;terça-feira;23:30:00;PR;369;143;LONDRINA;Condutor Dormindo;Colisão com objeto;Com Vítimas Feridas;Plena Noite;Crescente;Céu Claro;Dupla;Reta;Não;1;0;1;0;0;0;1;1;-23,29377063;-51,11367166;SPRF-PR;DEL07-PR;UOP01-DEL07-PR
586873;12/03/2024;terça-feira;23:15:00;SC;101;357;SANGAO;Ausência de reação do condutor;Tombamento;Com Vítimas Feridas;Plena Noite;Decrescente;Céu Claro;Simples;"Interseção de Vias;Viaduto";Não;1;0;1;0;0;0;1;1;-28,635168;-49,09467;SPRF-SC;DEL02-SC;UOP01-DEL02-SC
586874;12/03/2024;terça-feira;21:45:00;MS;163;269;DOURADOS;Animais na Pista;Atropelamento de Animal;Com Vítimas Feridas;Plena Noite;Decrescente;Céu Claro;Dupla;Reta;Não;3;0;1;1;1;0;2;2;-22,20084692;-54,70030106;SPRF-MS;DEL04-MS;UOP01-DEL04-MS
586876;12/03/2024;terça-feira;22:30:00;GO;80;39;PADRE BERNARDO;Velocidade Incompatível;Queda de ocupante de veículo;Com Vítimas Fatais;Plena Noite;Crescente;Céu Claro;Simples;Reta;Não;5;1;0;0;4;0;0;2;-15,229309;-48,276815;SPRF-DF;DEL03-DF;UOP02-DEL03-DF
586877;12/03/2024;terça-feira;22:20:00;RJ;116;207;SEROPEDICA;Reação tardia ou ineficiente do condutor;Saída de leito carroçável;Com Vítimas Feridas;Plena Noite;Crescente;Céu Claro;Dupla;Reta;Não;1;0;1;0;0;0;1;1;-22,72454443;-43,66145706;SPRF-RJ;DEL06-RJ;UOP02-DEL06-RJ
586878;12/03/2024;terça-feira;22:45:00;SC;101;152;ITAPEMA;Acesso irregular;Colisão com objeto;Com Vítimas Feridas;Plena Noite;Crescente;Céu Claro;Simples;Viaduto;Sim;5;0;3;1;1;0;4;1;-27,13563503;-48,61004665;SPRF-SC;DEL04-SC;UOP03-DEL04-SC
586880;12/03/2024;terça-feira;23:40:00;MG;40;515,9;RIBEIRAO DAS NEVES;Acessar a via sem observar a presença dos outros veículos;Atropelamento de Pedestre;Com Vítimas Feridas;Plena Noite;Decrescente;Céu Claro;Dupla;Reta;Sim;2;0;1;0;1;0;1;2;-19,8090079;-44,09493479;SPRF-MG;DEL01-MG;UOP02-DEL01-MG
586882;12/03/2024;terça-feira;22:45:00;RS;392;714,9;PORTO XAVIER;Velocidade Incompatível;Saída de leito carroçável;Com Vítimas Fatais;Plena Noite;Crescente;Céu Claro;Simples;Curva;Não;1;1;0;0;0;0;0;1;-27,963909;-55,127575;SPRF-RS;DEL10-RS;UOP01-DEL10-RS
586883;12/03/2024;terça-feira;11:50:00;SP;116;375;MIRACATU;Acumulo de óleo sobre o pavimento;Queda de ocupante de veículo;Com Vítimas Feridas;Pleno dia;Decrescente;Céu Claro;Simples;Curva;Não;2;0;0;1;0;1;1;1;-24,2890287;-47,46010249;SPRF-SP;DEL04-SP;UOP02-DEL04-SP
586884;13/03/2024;quarta-feira;00:00:00;TO;153;313;GUARAI;Condutor Dormindo;Queda de ocupante de veículo;Com Vítimas Feridas;Plena Noite;Crescente;Céu Claro;Simples;Reta;Não;1;0;1;0;0;0;1;1;-8,6488351;-48,49241668;SPRF-TO;DEL02-TO;UOP02-DEL02-TO
586885;13/03/2024;quarta-feira;01:00:00;BA;324;606;SIMOES FILHO;Ingestão de álcool pelo condutor;Saída de leito carroçável;Com Vítimas Feridas;Plena Noite;Decrescente;Céu Claro;Dupla;Reta;Sim;1;0;1;0;0;0;1;1;-12,79340512;-38,40485325;SPRF-BA;DEL01-BA;UOP01-DEL01-BA
586891;13/03/2024;quarta-feira;04:00:00;PR;277;12;PARANAGUA;Ausência de reação do condutor;Saída de leito carroçável;Com Vítimas Feridas;Plena Noite;Decrescente;Céu Claro;Dupla;Reta;Não;2;0;1;0;1;0;1;1;-25,568198;-48,615292;SPRF-PR;DEL01-PR;UOP05-DEL01-PR
586892;12/03/2024;terça-feira;11:20:00;PB;230;448;APARECIDA;Ultrapassagem Indevida;Colisão traseira;Com Vítimas Feridas;Pleno dia;Crescente;Céu Claro;Simples;Curva;Não;5;0;1;0;4;0;1;2;-6,7846;-38,0925;SPRF-PB;DEL03-PB;UOP03-DEL03-PB
586896;13/03/2024;quarta-feira;04:10:00;RN;406;71,8;JANDAIRA;Animais na Pista;Atropelamento de Animal;Com Vítimas Fatais;Plena Noite;Crescente;Céu Claro;Simples;Reta;Não;1;1;0;0;0;0;0;1;-5,391793;-36,050396;SPRF-RN;DEL02-RN;UOP01-DEL02-RN
586897;12/03/2024;terça-feira;17:00:00;RJ;40;101;DUQUE DE CAXIAS;Transitar na contramão;Colisão transversal;Com Vítimas Feridas;Pleno dia;Decrescente;Céu Claro;Simples;Reta;Não;3;0;0;1;2;0;1;2;-22,60246485;-43,28380739;SPRF-RJ;DEL01-RJ;UOP01-DEL01-RJ
586898;13/03/2024;quarta-feira;04:50:00;MT;163;929;ITAUBA;Demais falhas mecânicas ou elétricas;Incêndio;Sem Vítimas;Plena Noite;Crescente;Céu Claro;Simples;Curva;Não;1;0;0;0;1;0;0;1;-11,18101607;-55,31012039;SPRF-MT;DEL06-MT;UOP02-DEL06-MT
586901;13/03/2024;quarta-feira;07:05:00;DF;20;13;BRASILIA;Manobra de mudança de faixa;Colisão traseira;Com Vítimas Feridas;Amanhecer;Decrescente;Céu Claro;Dupla;Reta;Sim;2;0;0;1;1;0;1;2;-15,638752;-47,749599;SPRF-DF;DEL02-DF;UOP01-DEL02-DF
586902;13/03/2024;quarta-feira;07:00:00;RS;116;261;CANOAS;Acessar a via sem observar a presença dos outros veículos;Colisão transversal;Com Vítimas Feridas;Pleno dia;Decrescente;Céu Claro;Múltipla;Reta;Sim;2;0;1;0;1;0;1;2;-29,88048289;-51,18037283;SPRF-RS;DEL01-RS;UOP01-DEL01-RS
586904;13/03/2024;quarta-feira;06:35:00;PE;428;181;PETROLINA;Manobra de mudança de faixa;Colisão traseira;Com Vítimas Feridas;Pleno dia;Decrescente;Céu Claro;Múltipla;Retorno Regulamentado;Sim;2;0;2;0;0;0;2;2;-9,30816981;-40,45390137;SPRF-PE;DEL06-PE;UOP01-DEL06-PE
586906;13/03/2024;quarta-feira;06:20:00;RJ;116;204;SEROPEDICA;Reação tardia ou ineficiente do condutor;Colisão traseira;Com Vítimas Feridas;Amanhecer;Decrescente;Nublado;Dupla;Reta;Não;2;0;1;0;1;0;1;2;-22,72895007;-43,63189001;SPRF-RJ;DEL06-RJ;UOP02-DEL06-RJ
586908;05/01/2024;sexta-feira;06:45:00;DF;60;2,3;BRASILIA;Acessar a via sem observar a presença dos outros veículos;Colisão transversal;Com Vítimas Feridas;Pleno dia;Crescente;Nublado;Dupla;"Retorno Regulamentado;Reta;Aclive";Sim;5;0;4;0;1;0;4;2;-15,88818089;-48,08066726;SPRF-DF;DEL03-DF;UOP01-DEL03-DF
586909;13/03/2024;quarta-feira;07:00:00;PR;369;143;LONDRINA;Estacionar ou parar em local proibido;Colisão traseira;Com Vítimas Feridas;Pleno dia;Crescente;Céu Claro;Dupla;"Declive;Interseção de Vias";Não;3;0;2;1;0;0;3;2;-23,292781;-51,097428;SPRF-PR;DEL07-PR;UOP01-DEL07-PR
586910;13/03/2024;quarta-feira;06:50:00;PR;116;12;COLOMBO;Ausência de reação do condutor;Colisão traseira;Com Vítimas Feridas;Pleno dia;Decrescente;Céu Claro;Dupla;"Aclive;Reta";Sim;2;0;1;0;1;0;1;2;-25,3755;-49,1496;SPRF-PR;DEL01-PR;UOP02-DEL01-PR
586911;13/03/2024;quarta-feira;07:30:00;SP;101;47;UBATUBA;Acessar a via sem observar a presença dos outros veículos;Colisão transversal;Com Vítimas Feridas;Pleno dia;Crescente;Céu Claro;Simples;Rotatória;Sim;3;0;2;0;1;0;2;2;-23,429897;-45,082436;SPRF-SP;DEL06-SP;UOP01-DEL06-SP
586912;13/03/2024;quarta-feira;07:20:00;SC;282;16,7;PALHOCA;Conversão proibida;Colisão lateral mesmo sentido;Com Vítimas Feridas;Pleno dia;Crescente;Sol;Simples;Reta;Sim;2;0;1;0;1;0;1;2;-27,658611;-48,681847;SPRF-SC;DEL01-SC;UOP02-DEL01-SC
586913;13/03/2024;quarta-feira;07:20:00;RS;290;108;ELDORADO DO SUL;Animais na Pista;Atropelamento de Animal;Com Vítimas Feridas;Pleno dia;Crescente;Nublado;Simples;Reta;Sim;2;0;1;0;0;1;1;2;-30,006546;-51,312927;SPRF-RS;DEL02-RS;UOP01-DEL02-RS
586916;13/03/2024;quarta-feira;07:15:00;PR;116;122,2;CURITIBA;Manobra de mudança de faixa;Colisão lateral mesmo sentido;Com Vítimas Feridas;Pleno dia;Decrescente;Sol;Dupla;Reta;Sim;3;0;2;0;1;0;2;2;-25,60356;-49,318036;SPRF-PR;DEL01-PR;UOP03-DEL01-PR
586917;13/03/2024;quarta-feira;06:40:00;RO;174;16;VILHENA;Conversão proibida;Colisão lateral mesmo sentido;Com Vítimas Feridas;Pleno dia;Decrescente;Céu Claro;Simples;Reta;Sim;4;0;1;0;3;0;1;2;-12,72114464;-60,12748718;SPRF-RO;DEL04-RO;UOP01-DEL04-RO
586918;26/02/2024;segunda-feira;22:00:00;PE;101;46;IGARASSU;Manobra de mudança de faixa;Colisão lateral mesmo sentido;Sem Vítimas;Plena Noite;Decrescente;Nublado;Dupla;Reta;Sim;2;0;0;0;1;1;0;2;-7,87406004;-34,90588126;SPRF-PE;DEL01-PE;UOP02-DEL01-PE
586920;13/03/2024;quarta-feira;08:00:00;MG;40;522,4;CONTAGEM;Ausência de reação do condutor;Tombamento;Com Vítimas Feridas;Pleno dia;Crescente;Céu Claro;Dupla;Reta;Sim;1;0;1;0;0;0;1;1;-19,8638731;-44,06749809;SPRF-MG;DEL01-MG;UOP02-DEL01-MG
586921;13/03/2024;quarta-feira;08:30:00;AP;156;819;OIAPOQUE;Acessar a via sem observar a presença dos outros veículos;Colisão transversal;Com Vítimas Feridas;Pleno dia;Decrescente;Céu Claro;Simples;Reta;Sim;2;0;1;0;1;0;1;2;3,83552896;-51,80935802;SPRF-AP;DEL01-AP;UOP03-DEL01-AP
586922;13/03/2024;quarta-feira;08:20:00;CE;116;18;EUSEBIO;Condutor deixou de manter distância do veículo da frente;Colisão traseira;Sem Vítimas;Pleno dia;Decrescente;Chuva;Dupla;Reta;Sim;3;0;0;0;2;1;0;3;-3,91018435;-38,50608408;SPRF-CE;DEL01-CE;UOP02-DEL01-CE
586923;12/01/2024;sexta-feira;21:00:00;BA;135;184;BARREIRAS;Reação tardia ou ineficiente do condutor;Atropelamento de Pedestre;Com Vítimas Feridas;Plena Noite;Crescente;Céu Claro;Simples;"Declive;Reta";Não;2;0;1;1;0;0;2;2;-12,18398101;-45,01144994;SPRF-BA;DEL08-BA;UOP04-DEL08-BA
586924;13/03/2024;quarta-feira;07:15:00;SC;101;333,7;TUBARAO;Condutor deixou de manter distância do veículo da frente;Colisão traseira;Com Vítimas Feridas;Pleno dia;Crescente;Céu Claro;Simples;Reta;Sim;2;0;1;0;1;0;1;2;-28,46730446;-49,00604302;SPRF-SC;DEL02-SC;UOP01-DEL02-SC
586925;13/03/2024;quarta-feira;08:30:00;AL;104;27,5;UNIAO DOS PALMARES;Acessar a via sem observar a presença dos outros veículos;Colisão transversal;Com Vítimas Fatais;Pleno dia;Crescente;Céu Claro;Simples;Curva;Não;3;1;0;1;1;0;1;2;-9,1067628;-36,05271491;SPRF-AL;DEL01-AL;UOP02-DEL01-AL
586927;13/03/2024;quarta-feira;07:40:00;BA;367;27;PORTO SEGURO;Acessar a via sem observar a presença dos outros veículos;Colisão transversal;Com Vítimas Feridas;Pleno dia;Crescente;Garoa/Chuvisco;Simples;Reta;Sim;2;0;1;0;1;0;1;2;-16,426322;-39,099112;SPRF-BA;DEL09-BA;UOP03-DEL09-BA
586928;13/03/2024;quarta-feira;08:45:00;MG;40;524;CONTAGEM;Condutor deixou de manter distância do veículo da frente;Colisão traseira;Com Vítimas Feridas;Pleno dia;Crescente;Céu Claro;Dupla;Reta;Sim;2;0;2;0;0;0;2;2;-19,8754469;-44,05345586;SPRF-MG;DEL01-MG;UOP02-DEL01-MG
586932;13/03/2024;quarta-feira;08:15:00;PR;277;80;CURITIBA;Manobra de mudança de faixa;Colisão lateral mesmo sentido;Com Vítimas Feridas;Pleno dia;Crescente;Céu Claro;Dupla;Reta;Não;3;0;2;0;1;0;2;2;-25,568939;-49,181978;SPRF-PR;DEL01-PR;UOP07-DEL01-PR
586933;13/03/2024;quarta-feira;08:15:00;CE;222;24;CAUCAIA;Demais falhas mecânicas ou elétricas;Queda de ocupante de veículo;Com Vítimas Feridas;Pleno dia;Crescente;Garoa/Chuvisco;Dupla;Reta;Não;2;0;1;1;0;0;2;1;-3,72993822;-38,76858609;SPRF-CE;DEL01-CE;UOP01-DEL01-CE
586936;08/03/2024;sexta-feira;05:15:00;MG;40;524;CONTAGEM;Reação tardia ou ineficiente do condutor;Colisão lateral mesmo sentido;Com Vítimas Feridas;Amanhecer;Crescente;Céu Claro;Dupla;Reta;Sim;2;0;1;0;0;1;1;2;-19,8754469;-44,05345586;SPRF-MG;DEL01-MG;UOP02-DEL01-MG
586938;13/03/2024;quarta-feira;08:55:00;SP;116;276;EMBU DAS ARTES;Reação tardia ou ineficiente do condutor;Colisão lateral mesmo sentido;Com Vítimas Feridas;Pleno dia;Decrescente;Céu Claro;Dupla;Reta;Sim;2;0;0;1;1;0;1;2;-23,63099995;-46,82111263;SPRF-SP;DEL04-SP;UOP01-DEL04-SP
586939;13/03/2024;quarta-feira;09:10:00;RJ;101;70;CAMPOS DOS GOYTACAZES;Acessar a via sem observar a presença dos outros veículos;Colisão transversal;Com Vítimas Feridas;Pleno dia;Decrescente;Céu Claro;Simples;Reta;Sim;3;0;2;0;1;0;2;2;-21,781011;-41,373363;SPRF-RJ;DEL08-RJ;UOP02-DEL08-RJ
586940;13/03/2024;quarta-feira;06:45:00;PR;277;596,7;CASCAVEL;Ausência de sinalização;Tombamento;Com Vítimas Feridas;Amanhecer;Crescente;Céu Claro;Dupla;Reta;Não;3;0;3;0;0;0;3;2;-24,99343887;-53,51253748;SPRF-PR;DEL04-PR;UOP01-DEL04-PR
586942;13/03/2024;quarta-feira;08:30:00;DF;20;8;BRASILIA;Ausência de reação do condutor;Colisão traseira;Com Vítimas Feridas;Pleno dia;Crescente;Nublado;Dupla;"Reta;Declive";Sim;2;0;1;0;1;0;1;2;-15,658386;-47,791534;SPRF-DF;DEL02-DF;UOP01-DEL02-DF
586943;18/02/2024;domingo;20:20:00;BA;324;623;SALVADOR;Condutor deixou de manter distância do veículo da frente;Colisão traseira;Com Vítimas Feridas;Plena Noite;Decrescente;Nublado;Dupla;Reta;Sim;3;0;0;2;1;0;2;2;-12,92628699;-38,46838679;SPRF-BA;DEL01-BA;UOP01-DEL01-BA
586944;13/03/2024;quarta-feira;08:55:00;PR;369;196;ARAPONGAS;Acessar a via sem observar a presença dos outros veículos;Atropelamento de Pedestre;Com Vítimas Feridas;Pleno dia;Crescente;Céu Claro;Dupla;Reta;Não;2;0;0;1;1;0;1;2;-23,50470663;-51,42494076;SPRF-PR;DEL07-PR;UOP03-DEL07-PR
586945;13/03/2024;quarta-feira;09:28:00;SC;101;161,9;TIJUCAS;Trafegar com motocicleta (ou similar) entre as faixas;Colisão lateral mesmo sentido;Com Vítimas Feridas;Pleno dia;Crescente;Céu Claro;Dupla;Reta;Sim;3;0;1;0;2;0;1;3;-27,22554009;-48,6279367;SPRF-SC;DEL04-SC;UOP03-DEL04-SC
586946;13/03/2024;quarta-feira;09:20:00;SC;282;0,8;FLORIANOPOLIS;Condutor deixou de manter distância do veículo da frente;Colisão traseira;Com Vítimas Feridas;Pleno dia;Crescente;Céu Claro;Múltipla;"Aclive;Reta";Sim;2;0;1;0;1;0;1;2;-27,59845;-48,571995;SPRF-SC;DEL01-SC;UOP01-DEL01-SC
586947;13/03/2024;quarta-feira;09:35:00;BA;324;517,8;FEIRA DE SANTANA;Ultrapassagem Indevida;Colisão transversal;Com Vítimas Feridas;Pleno dia;Crescente;Céu Claro;Simples;Reta;Sim;4;0;2;0;2;0;2;2;-12,24953308;-38,93362525;SPRF-BA;DEL02-BA;UOP01-DEL02-BA
586948;25/02/2024;domingo;10:00:00;MS;262;553;MIRANDA;Condutor deixou de manter distância do veículo da frente;Colisão traseira;Com Vítimas Feridas;Pleno dia;Decrescente;Céu Claro;Simples;Reta;Não;2;0;1;0;0;1;1;2;-20,2646408;-56,34030978;SPRF-MS;DEL03-MS;UOP02-DEL03-MS
586951;08/03/2024;sexta-feira;02:30:00;MS;163;26;MUNDO NOVO;Ingestão de álcool pelo condutor;Saída de leito carroçável;Sem Vítimas;Plena Noite;Crescente;Céu Claro;Simples;Reta;Não;1;0;0;0;1;0;0;1;-23,88211103;-54,31859604;SPRF-MS;DEL09-MS;UOP02-DEL09-MS
586953;13/03/2024;quarta-feira;06:50:00;SC;470;32;GASPAR;Acessar a via sem observar a presença dos outros veículos;Colisão transversal;Com Vítimas Feridas;Pleno dia;Decrescente;Céu Claro;Simples;Rotatória;Não;2;0;1;0;1;0;1;2;-26,901793;-48,931812;SPRF-SC;DEL04-SC;UOP01-DEL04-SC
586955;13/03/2024;quarta-feira;09:15:00;DF;20;4,7;BRASILIA;Trafegar com motocicleta (ou similar) entre as faixas;Colisão traseira;Com Vítimas Feridas;Pleno dia;Decrescente;Céu Claro;Múltipla;"Aclive;Reta";Sim;2;0;0;1;1;0;1;2;-15,675484;-47,823761;SPRF-DF;DEL02-DF;UOP01-DEL02-DF
586957;27/02/2024;terça-feira;11:45:00;PE;424;72,5;CAETES;Falta de acostamento;Colisão traseira;Com Vítimas Feridas;Pleno dia;Crescente;Céu Claro;Simples;"Declive;Reta";Não;4;0;2;0;2;0;2;2;-8,78956304;-36,60561919;SPRF-PE;DEL03-PE;UOP01-DEL03-PE