id;data_inversa;dia_semana;horario;uf;br;km;municipio;causa_acidente;tipo_acidente;classificacao_acidente;fase_dia;sentido_via;condicao_metereologica;tipo_pista;tracado_via;uso_solo;pessoas;mortos;feridos_leves;feridos_graves;ilesos;ignorados;feridos;veiculos;latitude;longitude;regional;delegacia;uop
586958;13/03/2024;quarta-feira;07:45:00;MG;381;942;EXTREMA;Velocidade Incompatível;Saída de leito carroçável;Com Vítimas Feridas;Pleno dia;Decrescente;Céu Claro;Dupla;"Curva;Declive";Não;3;0;3;0;0;0;3;1;-22,86407049;-46,34531558;SPRF-MG;DEL16-MG;UOP03-DEL16-MG
586959;13/03/2024;quarta-feira;10:00:00;MG;381;435;SABARA;Velocidade Incompatível;Tombamento;Com Vítimas Feridas;Pleno dia;Decrescente;Nublado;Simples;"Curva;Aclive";Não;1;0;1;0;0;0;1;1;-19,80010099;-43,75771301;SPRF-MG;DEL01-MG;UOP01-DEL01-MG
586960;13/03/2024;quarta-feira;10:20:00;RJ;493;22;MAGE;Acesso irregular;Colisão frontal;Com Vítimas Feridas;Pleno dia;Crescente;Nublado;Simples;Reta;Sim;2;0;1;0;1;0;1;2;-22,659311;-43,053303;SPRF-RJ;DEL04-RJ;UOP02-DEL04-RJ
586962;13/03/2024;quarta-feira;11:10:00;RJ;101;72;CAMPOS DOS GOYTACAZES;Retorno proibido;Colisão transversal;Com Vítimas Feridas;Pleno dia;Crescente;Céu Claro;Simples;Reta;Não;2;0;0;1;1;0;1;2;-21,793788;-41,390416;SPRF-RJ;DEL08-RJ;UOP02-DEL08-RJ
586963;13/03/2024;quarta-feira;11:35:00;GO;153;508;GOIANIA;Chuva;Tombamento;Com Vítimas Feridas;Pleno dia;Decrescente;Chuva;Dupla;"Aclive;Reta";Sim;2;0;1;0;1;0;1;1;-16,77212405;-49,23823357;SPRF-GO;DEL01-GO;UOP03-DEL01-GO
586969;13/03/2024;quarta-feira;11:10:00;MS;163;447;CAMPO GRANDE;Demais falhas mecânicas ou elétricas;Incêndio;Sem Vítimas;Pleno dia;Crescente;Céu Claro;Simples;"Aclive;Reta";Não;1;0;0;0;1;0;0;1;-20,75081487;-54,53371359;SPRF-MS;DEL01-MS;UOP01-DEL01-MS
586970;13/03/2024;quarta-feira;11:30:00;SC;101;206,5;SAO JOSE;Reação tardia ou ineficiente do condutor;Tombamento;Com Vítimas Feridas;Pleno dia;Crescente;Sol;Dupla;Reta;Sim;2;0;2;0;0;0;2;1;-27,59193546;-48,61824557;SPRF-SC;DEL01-SC;UOP01-DEL01-SC
586971;13/03/2024;quarta-feira;12:00:00;BA;242;413;SEABRA;Conversão proibida;Colisão transversal;Com Vítimas Feridas;Pleno dia;Crescente;Céu Claro;Simples;Reta;Sim;2;0;1;0;1;0;1;2;-12,42772116;-41,76143939;SPRF-BA;DEL06-BA;UOP01-DEL06-BA
586972;01/03/2024;sexta-feira;20:15:00;TO;10;460;PALMAS;Ausência de reação do condutor;Colisão traseira;Com Vítimas Feridas;Plena Noite;Decrescente;Chuva;Múltipla;Reta;Sim;2;0;1;0;0;1;1;2;-10,26728954;-48,30739975;SPRF-TO;DEL01-TO;UOP03-DEL01-TO
586974;18/02/2024;domingo;11:00:00;SP;116;564;BARRA DO TURVO;Reação tardia ou ineficiente do condutor;Capotamento;Com Vítimas Feridas;Pleno dia;Crescente;Nublado;Simples;Curva;Não;2;0;1;0;1;0;1;1;-25,03458919;-48,53543877;SPRF-SP;DEL05-SP;UOP02-DEL05-SP
586975;13/03/2024;quarta-feira;12:00:00;PR;277;667,8;MEDIANEIRA;Manobra de mudança de faixa;Colisão lateral mesmo sentido;Com Vítimas Feridas;Pleno dia;Crescente;Céu Claro;Dupla;"Aclive;Reta";Não;2;0;1;0;1;0;1;2;-25,26577498;-54,05432901;SPRF-PR;DEL05-PR;UOP02-DEL05-PR
586976;13/03/2024;quarta-feira;12:25:00;RS;392;352;SANTA MARIA;Acessar a via sem observar a presença dos outros veículos;Colisão transversal;Com Vítimas Feridas;Pleno dia;Crescente;Céu Claro;Dupla;Interseção de Vias;Sim;6;0;1;0;5;0;1;2;-29,72468501;-53,8059175;SPRF-RS;DEL09-RS;UOP01-DEL09-RS
586980;13/03/2024;quarta-feira;07:00:00;MG;262;653,5;IBIA;Reação tardia ou ineficiente do condutor;Saída de leito carroçável;Com Vítimas Feridas;Amanhecer;Crescente;Céu Claro;Simples;"Curva;Aclive";Não;2;0;2;0;0;0;2;1;-19,5672924;-46,65615967;SPRF-MG;DEL08-MG;UOP01-DEL08-MG
586982;13/03/2024;quarta-feira;12:36:00;MS;163;479;CAMPO GRANDE;Reação tardia ou ineficiente do condutor;Tombamento;Com Vítimas Feridas;Pleno dia;Decrescente;Céu Claro;Dupla;Reta;Não;1;0;1;0;0;0;1;1;-20,487322;-54,55929095;SPRF-MS;DEL01-MS;UOP01-DEL01-MS
586988;13/03/2024;quarta-feira;13:15:00;PR;369;367,5;MAMBORE;Acessar a via sem observar a presença dos outros veículos;Colisão transversal;Com Vítimas Feridas;Pleno dia;Crescente;Céu Claro;Simples;Curva;Não;2;0;0;1;1;0;1;2;-24,248095;-52,523088;SPRF-PR;DEL09-PR;UOP03-DEL09-PR
586989;13/03/2024;quarta-feira;13:10:00;PR;376;124,4;ALTO PARANA;Condutor deixou de manter distância do veículo da frente;Colisão traseira;Com Vítimas Feridas;Pleno dia;Decrescente;Sol;Dupla;"Reta;Declive;Interseção de Vias";Não;2;0;0;1;1;0;1;2;-23,14400328;-52,2818582;SPRF-PR;DEL09-PR;UOP02-DEL09-PR
586990;04/01/2024;quinta-feira;10:30:00;PR;163;213,4;CASCAVEL;Velocidade Incompatível;Colisão traseira;Com Vítimas Feridas;Pleno dia;Crescente;Sol;Dupla;Reta;Não;3;0;1;0;2;0;1;2;-24,89323756;-53,5432937;SPRF-PR;DEL04-PR;UOP01-DEL04-PR
586991;01/03/2024;sexta-feira;07:40:00;PR;277;75;SAO JOSE DOS PINHAIS;Condutor deixou de manter distância do veículo da frente;Colisão traseira;Com Vítimas Feridas;Pleno dia;Crescente;Céu Claro;Dupla;Reta;Sim;2;0;1;0;1;0;1;2;-25,51327981;-49,12433291;SPRF-PR;DEL01-PR;UOP07-DEL01-PR
586993;13/03/2024;quarta-feira;13:55:00;PB;230;21,3;JOAO PESSOA;Condutor deixou de manter distância do veículo da frente;Tombamento;Com Vítimas Feridas;Pleno dia;Decrescente;Céu Claro;Dupla;Reta;Sim;1;0;1;0;0;0;1;1;-7,1415;-34,8519;SPRF-PB;DEL01-PB;UOP01-DEL01-PB
586995;13/03/2024;quarta-feira;13:45:00;MG;381;483,2;BETIM;Ausência de reação do condutor;Tombamento;Com Vítimas Feridas;Pleno dia;Decrescente;Céu Claro;Múltipla;Curva;Sim;1;0;1;0;0;0;1;1;-19,95594491;-44,10721699;SPRF-MG;DEL01-MG;UOP03-DEL01-MG
586997;04/02/2024;domingo;15:37:00;SC;470;178,8;POUSO REDONDO;Velocidade Incompatível;Colisão frontal;Com Vítimas Fatais;Pleno dia;Crescente;Chuva;Simples;Reta;Sim;5;1;0;4;0;0;4;2;-27,24782897;-49,97740746;SPRF-SC;DEL04-SC;UOP02-DEL04-SC
586999;13/03/2024;quarta-feira;12:33:00;RS;470;225;GARIBALDI;Conversão proibida;Colisão transversal;Com Vítimas Feridas;Pleno dia;Decrescente;Céu Claro;Simples;Reta;Sim;2;0;1;0;1;0;1;2;-29,21454003;-51,51762617;SPRF-RS;DEL06-RS;UOP01-DEL06-RS
587000;13/03/2024;quarta-feira;12:45:00;SP;101;51,5;UBATUBA;Conversão proibida;Colisão lateral mesmo sentido;Com Vítimas Feridas;Pleno dia;Decrescente;Nublado;Simples;Reta;Sim;2;0;0;1;1;0;1;2;-23,45627795;-45,07111896;SPRF-SP;DEL06-SP;UOP01-DEL06-SP
587002;13/03/2024;quarta-feira;12:00:00;AP;210;17;MACAPA;Acesso irregular;Colisão transversal;Com Vítimas Feridas;Pleno dia;Decrescente;Céu Claro;Simples;Reta;Não;2;0;0;1;1;0;1;2;0,17108692;-51,1248476;SPRF-AP;DEL01-AP;UOP01-DEL01-AP
587004;13/03/2024;quarta-feira;13:40:00;MT;163;945;ITAUBA;Ingestão de álcool pelo condutor;Saída de leito carroçável;Sem Vítimas;Pleno dia;Crescente;Céu Claro;Simples;Reta;Não;1;0;0;0;1;0;0;1;-11,04892504;-55,27115879;SPRF-MT;DEL06-MT;UOP02-DEL06-MT
587007;13/03/2024;quarta-feira;14:30:00;RJ;116;103;GUAPIMIRIM;Avarias e/ou desgaste excessivo no pneu;Tombamento;Com Vítimas Feridas;Pleno dia;Decrescente;Sol;Dupla;"Aclive;Reta";Não;2;0;1;0;1;0;1;1;-22,5031646;-42,99910415;SPRF-RJ;DEL04-RJ;UOP01-DEL04-RJ
587008;13/03/2024;quarta-feira;13:52:00;SC;101;92;BARRA VELHA;Desrespeitar a preferência no cruzamento;Colisão transversal;Com Vítimas Feridas;Pleno dia;Decrescente;Céu Claro;Dupla;Viaduto;Não;3;0;1;1;1;0;2;2;-26,6806041;-48,6931497;SPRF-SC;DEL03-SC;UOP02-DEL03-SC
587010;13/03/2024;quarta-feira;14:15:00;MG;153;50;MONTE ALEGRE DE MINAS;Reação tardia ou ineficiente do condutor;Saída de leito carroçável;Com Vítimas Feridas;Pleno dia;Crescente;Céu Claro;Dupla;Reta;Não;1;0;1;0;0;0;1;1;-18,82197896;-49,0877554;SPRF-MG;DEL15-MG;UOP03-DEL15-MG
587011;13/03/2024;quarta-feira;15:08:00;SE;235;30,3;AREIA BRANCA;Velocidade Incompatível;Colisão lateral mesmo sentido;Com Vítimas Feridas;Pleno dia;Decrescente;Sol;Simples;Curva;Não;3;0;2;1;0;0;3;2;-10,785139;-37,291378;SPRF-SE;DEL01-SE;UOP02-DEL01-SE
587012;13/03/2024;quarta-feira;15:50:00;PR;277;6,5;PARANAGUA;Reação tardia ou ineficiente do condutor;Saída de leito carroçável;Com Vítimas Feridas;Pleno dia;Decrescente;Sol;Simples;Curva;Sim;1;0;1;0;0;0;1;1;-25,56071642;-48,58291626;SPRF-PR;DEL01-PR;UOP05-DEL01-PR
587013;13/03/2024;quarta-feira;08:10:00;MA;230;404,9;BALSAS;Acessar a via sem observar a presença dos outros veículos;Colisão transversal;Com Vítimas Feridas;Pleno dia;Crescente;Céu Claro;Simples;Reta;Não;2;0;1;0;1;0;1;2;-7,5219762;-46,04789842;SPRF-MA;DEL05-MA;UOP01-DEL05-MA
587014;11/02/2024;domingo;13:15:00;PR;369;152,7;LONDRINA;Entrada inopinada do pedestre;Atropelamento de Pedestre;Com Vítimas Feridas;Pleno dia;Decrescente;Céu Claro;Dupla;Reta;Sim;2;0;0;1;1;0;1;2;-23,29390659;-51,18770784;SPRF-PR;DEL07-PR;UOP01-DEL07-PR
587016;13/03/2024;quarta-feira;15:50:00;ES;101;261;SERRA;Ausência de reação do condutor;Saída de leito carroçável;Com Vítimas Feridas;Pleno dia;Crescente;Nublado;Simples;Curva;Não;2;0;2;0;0;0;2;1;-20,14854215;-40,27970926;SPRF-ES;DEL02-ES;UOP01-DEL02-ES
587017;13/03/2024;quarta-feira;14:35:00;MG;50;137;UBERABA;Avarias e/ou desgaste excessivo no pneu;Capotamento;Com Vítimas Feridas;Pleno dia;Decrescente;Céu Claro;Dupla;"Reta;Declive";Não;1;0;1;0;0;0;1;1;-19,45056192;-48,06142574;SPRF-MG;DEL13-MG;UOP01-DEL13-MG
587018;13/03/2024;quarta-feira;14:08:00;PE;232;117;CARUARU;Chuva;Saída de leito carroçável;Com Vítimas Feridas;Pleno dia;Crescente;Chuva;Dupla;Reta;Não;2;0;1;1;0;0;2;1;-8,29529153;-35,8754959;SPRF-PE;DEL02-PE;UOP01-DEL02-PE
587019;05/03/2024;terça-feira;18:40:00;MG;251;328;SALINAS;Ausência de reação do condutor;Tombamento;Com Vítimas Feridas;Plena Noite;Decrescente;Chuva;Simples;"Reta;Aclive";Não;1;0;1;0;0;0;1;1;-16,25361768;-42,40072003;SPRF-MG;DEL12-MG;UOP02-DEL12-MG
587021;13/03/2024;quarta-feira;15:40:00;GO;153;438;ANAPOLIS;Ingestão de álcool pelo condutor;Saída de leito carroçável;Com Vítimas Feridas;Pleno dia;Crescente;Céu Claro;Dupla;Reta;Sim;1;0;1;0;0;0;1;1;-16,291595;-48,934811;SPRF-GO;DEL02-GO;UOP01-DEL02-GO
587024;13/03/2024;quarta-feira;15:50:00;GO;153;605,6;MORRINHOS;Condutor Dormindo;Saída de leito carroçável;Com Vítimas Feridas;Pleno dia;Decrescente;Céu Claro;Dupla;Reta;Não;1;0;1;0;0;0;1;1;-17,5952;-49,1912;SPRF-GO;DEL03-GO;UOP01-DEL03-GO
587025;13/03/2024;quarta-feira;16:40:00;SC;101;131;BALNEARIO CAMBORIU;Ausência de reação do condutor;Colisão traseira;Com Vítimas Feridas;Pleno dia;Decrescente;Céu Claro;Múltipla;Reta;Sim;2;0;0;1;1;0;1;2;-26,99064209;-48,66310912;SPRF-SC;DEL04-SC;UOP03-DEL04-SC
587026;13/03/2024;quarta-feira;15:30:00;RS;116;188,3;PICADA CAFE;Frear bruscamente;Colisão traseira;Com Vítimas Feridas;Pleno dia;Crescente;Céu Claro;Simples;Curva;Não;2;0;2;0;0;0;2;2;-29,408326;-51,13290998;SPRF-RS;DEL05-RS;UOP02-DEL05-RS
587030;13/03/2024;quarta-feira;17:00:00;SC;101;208;SAO JOSE;Desrespeitar a preferência no cruzamento;Colisão lateral mesmo sentido;Com Vítimas Feridas;Pleno dia;Decrescente;Céu Claro;Múltipla;"Reta;Declive";Sim;2;0;1;1;0;0;2;2;-27,60327979;-48,63201818;SPRF-SC;DEL01-SC;UOP01-DEL01-SC
587031;13/03/2024;quarta-feira;17:30:00;RJ;393;282;VOLTA REDONDA;Ultrapassagem Indevida;Colisão transversal;Com Vítimas Feridas;Pleno dia;Crescente;Sol;Simples;Reta;Sim;2;0;1;0;1;0;1;2;-22,48082784;-44,04047201;SPRF-RJ;DEL05-RJ;UOP04-DEL05-RJ
587033;13/03/2024;quarta-feira;15:00:00;SC;101;38,6;JOINVILLE;Desrespeitar a preferência no cruzamento;Colisão transversal;Com Vítimas Feridas;Pleno dia;Decrescente;Sol;Dupla;"Viaduto;Interseção de Vias;Rotatória";Sim;2;0;1;0;1;0;1;2;-26,25472505;-48,90561309;SPRF-SC;DEL03-SC;UOP01-DEL03-SC
587037;13/03/2024;quarta-feira;16:30:00;RO;364;721;PORTO VELHO;Reação tardia ou ineficiente do condutor;Colisão traseira;Com Vítimas Feridas;Pleno dia;Decrescente;Chuva;Dupla;"Reta;Declive";Não;3;0;0;1;1;1;1;3;-8,82143666;-63,92563725;SPRF-RO;DEL01-RO;UOP01-DEL01-RO
587038;13/03/2024;quarta-feira;17:10:00;BA;101;503;ITABUNA;Conversão proibida;Colisão transversal;Sem Vítimas;Pleno dia;Crescente;Sol;Simples;Reta;Sim;3;0;0;0;3;0;0;2;-14,77335845;-39,28930196;SPRF-BA;DEL05-BA;UOP01-DEL05-BA
587039;13/03/2024;quarta-feira;18:15:00;MG;262;366;JUATUBA;Demais falhas mecânicas ou elétricas;Tombamento;Com Vítimas Feridas;Plena Noite;Crescente;Céu Claro;Dupla;"Declive;Reta";Não;1;0;1;0;0;0;1;1;-19,974217;-44,261798;SPRF-MG;DEL01-MG;UOP03-DEL01-MG
587040;13/03/2024;quarta-feira;18:44:00;MG;116;523;CARATINGA;Acessar a via sem observar a presença dos outros veículos;Colisão transversal;Com Vítimas Feridas;Plena Noite;Decrescente;Céu Claro;Simples;"Rotatória;Interseção de Vias";Sim;2;0;0;1;1;0;1;2;-19,75187896;-42,1326603;SPRF-MG;DEL06-MG;UOP02-DEL06-MG
587041;13/03/2024;quarta-feira;18:18:00;BA;116;12,9;VITORIA DA CONQUISTA;Acessar a via sem observar a presença dos outros veículos;Colisão transversal;Com Vítimas Feridas;Anoitecer;Crescente;Céu Claro;Simples;Reta;Sim;2;0;1;0;1;0;1;2;-14,884604;-40,870686;SPRF-BA;DEL08-BA;UOP01-DEL08-BA
587042;07/02/2024;quarta-feira;14:00:00;RS;116;143,1;CAXIAS DO SUL;Transitar na contramão;Colisão frontal;Com Vítimas Feridas;Pleno dia;Decrescente;Céu Claro;Dupla;Interseção de Vias;Sim;2;0;1;0;1;0;1;2;-29,1201739;-51,12260651;SPRF-RS;DEL05-RS;UOP01-DEL05-RS
587043;13/03/2024;quarta-feira;18:00:00;MG;40;507,2;RIBEIRAO DAS NEVES;Condutor deixou de manter distância do veículo da frente;Colisão traseira;Com Vítimas Feridas;Plena Noite;Crescente;Céu Claro;Dupla;Reta;Sim;1;0;0;1;0;0;1;1;-19,75431705;-44,14152606;SPRF-MG;DEL02-MG;UOP01-DEL02-MG
587044;01/01/2024;segunda-feira;06:30:00;MA;316;260;SANTA INES;Condutor Dormindo;Tombamento;Com Vítimas Feridas;Amanhecer;Crescente;Ignorado;Simples;"Rotatória;Reta";Não;1;0;0;1;0;0;1;1;-3,675335;-45,390854;SPRF-MA;DEL02-MA;UOP01-DEL02-MA
587049;13/03/2024;quarta-feira;18:45:00;SC;470;141;RIO DO SUL;Acesso irregular;Colisão transversal;Com Vítimas Feridas;Anoitecer;Crescente;Céu Claro;Simples;Interseção de Vias;Sim;2;0;1;0;1;0;1;2;-27,207214;-49,648476;SPRF-SC;DEL04-SC;UOP02-DEL04-SC
587050;13/03/2024;quarta-feira;18:50:00;SC;101;213,6;PALHOCA;Manobra de mudança de faixa;Colisão lateral mesmo sentido;Com Vítimas Feridas;Plena Noite;Decrescente;Céu Claro;Múltipla;Reta;Sim;2;0;1;0;1;0;1;2;-27,63697369;-48,66514142;SPRF-SC;DEL01-SC;UOP02-DEL01-SC
587051;13/03/2024;quarta-feira;18:50:00;SP;116;342;MIRACATU;Entrada inopinada do pedestre;Atropelamento de Pedestre;Com Vítimas Fatais;Plena Noite;Crescente;Céu Claro;Dupla;"Declive;Reta";Sim;3;1;0;0;1;1;0;2;-24,01625202;-47,16797896;SPRF-SP;DEL04-SP;UOP03-DEL04-SP
587054;13/03/2024;quarta-feira;16:35:00;PR;376;672,8;GUARATUBA;Reação tardia ou ineficiente do condutor;Colisão com objeto;Sem Vítimas;Pleno dia;Decrescente;Céu Claro;Dupla;Reta;Não;3;0;0;0;2;1;0;2;-25,89358488;-48,93146782;SPRF-PR;DEL01-PR;UOP04-DEL01-PR
587055;13/03/2024;quarta-feira;18:10:00;PI;343;310,1;ALTOS;Ingestão de álcool pelo condutor;Colisão frontal;Sem Vítimas;Anoitecer;Decrescente;Céu Claro;Simples;Reta;Sim;2;0;0;0;2;0;0;2;-5,040502;-42,485443;SPRF-PI;DEL01-PI;UOP01-DEL01-PI
587056;13/03/2024;quarta-feira;15:40:00;PI;316;382;ALEGRETE DO PIAUI;Animais na Pista;Atropelamento de Animal;Sem Vítimas;Pleno dia;Decrescente;Nublado;Simples;"Aclive;Reta";Sim;3;0;0;0;2;1;0;2;-7,22344216;-40,8774342;SPRF-PI;DEL04-PI;UOP03-DEL04-PI
587058;13/03/2024;quarta-feira;19:10:00;RN;110;43,1;MOSSORO;Manobra de mudança de faixa;Colisão frontal;Com Vítimas Feridas;Plena Noite;Decrescente;Céu Claro;Simples;Reta;Sim;3;0;0;2;1;0;2;2;-5,18223639;-37,29640087;SPRF-RN;DEL04-RN;UOP01-DEL04-RN
587060;13/03/2024;quarta-feira;19:30:00;SC;101;150;ITAPEMA;Ultrapassagem Indevida;Colisão lateral mesmo sentido;Com Vítimas Feridas;Anoitecer;Crescente;Sol;Dupla;Reta;Sim;3;0;1;0;0;2;1;3;-27,11744799;-48,60940987;SPRF-SC;DEL04-SC;UOP03-DEL04-SC
587063;13/03/2024;quarta-feira;19:40:00;ES;101;7,9;SERRA;Animais na Pista;Atropelamento de Animal;Com Vítimas Feridas;Plena Noite;Crescente;Céu Claro;Dupla;Reta;Não;1;0;1;0;0;0;1;1;-20,129093;-40,308125;SPRF-ES;DEL02-ES;UOP01-DEL02-ES
587064;13/03/2024;quarta-feira;19:30:00;ES;262;18;VIANA;Condutor deixou de manter distância do veículo da frente;Tombamento;Com Vítimas Feridas;Plena Noite;Decrescente;Céu Claro;Simples;Reta;Não;1;0;0;1;0;0;1;1;-20,39137228;-40,48080285;SPRF-ES;DEL01-ES;UOP01-DEL01-ES
587065;13/03/2024;quarta-feira;19:26:00;DF;70;0,9;BRASILIA;Ausência de reação do condutor;Colisão traseira;Com Vítimas Feridas;Plena Noite;Crescente;Chuva;Múltipla;Reta;Não;3;0;1;0;2;0;1;2;-15,792352;-48,054509;SPRF-DF;DEL03-DF;UOP02-DEL03-DF
587066;13/03/2024;quarta-feira;16:40:00;RJ;393;167;TRES RIOS;Acessar a via sem observar a presença dos outros veículos;Colisão transversal;Com Vítimas Feridas;Pleno dia;Crescente;Céu Claro;Simples;Reta;Sim;2;0;1;0;1;0;1;2;-22,12236191;-43,13976623;SPRF-RJ;DEL05-RJ;UOP01-DEL05-RJ
587067;13/03/2024;quarta-feira;19:05:00;SC;101;25;JOINVILLE;Acessar a via sem observar a presença dos outros veículos;Colisão transversal;Com Vítimas Feridas;Plena Noite;Decrescente;Céu Claro;Simples;Reta;Sim;2;0;1;0;1;0;1;2;-26,17984401;-48,90908793;SPRF-SC;DEL03-SC;UOP01-DEL03-SC
587070;13/03/2024;quarta-feira;18:47:00;MA;135;7;SAO LUIS;Acessar a via sem observar a presença dos outros veículos;Colisão transversal;Com Vítimas Feridas;Plena Noite;Decrescente;Céu Claro;Dupla;Reta;Sim;2;0;1;1;0;0;2;2;-2,63608835;-44,26848552;SPRF-MA;DEL01-MA;UOP01-DEL01-MA
587071;13/03/2024;quarta-feira;19:38:00;ES;101;148,9;LINHARES;Manobra de mudança de faixa;Colisão lateral mesmo sentido;Com Vítimas Feridas;Plena Noite;Crescente;Céu Claro;Múltipla;Reta;Sim;2;0;1;0;0;1;1;2;-19,36990998;-40,06560718;SPRF-ES;DEL04-ES;UOP01-DEL04-ES
587072;13/03/2024;quarta-feira;20:40:00;MG;262;36,6;MANHUACU;Reação tardia ou ineficiente do condutor;Tombamento;Com Vítimas Feridas;Plena Noite;Decrescente;Nublado;Dupla;Reta;Sim;1;0;1;0;0;0;1;1;-20,25932046;-42,02298331;SPRF-MG;DEL06-MG;UOP03-DEL06-MG
587073;13/03/2024;quarta-feira;19:45:00;PR;153;32;SANTO ANTONIO DA PLATINA;Afundamento ou ondulação no pavimento;Tombamento;Com Vítimas Feridas;Plena Noite;Decrescente;Céu Claro;Simples;Reta;Não;1;0;1;0;0;0;1;1;-23,22711873;-50,02866715;SPRF-PR;DEL07-PR;UOP04-DEL07-PR
587075;13/03/2024;quarta-feira;21:10:00;SC;470;139;RIO DO SUL;Acessar a via sem observar a presença dos outros veículos;Colisão transversal;Com Vítimas Feridas;Plena Noite;Decrescente;Céu Claro;Simples;"Retorno Regulamentado;Interseção de Vias;Reta";Sim;2;0;0;1;1;0;1;2;-27,217564;-49,65461;SPRF-SC;DEL04-SC;UOP02-DEL04-SC
587077;09/03/2024;sábado;12:50:00;MS;463;108;PONTA PORA;Ausência de reação do condutor;Saída de leito carroçável;Com Vítimas Feridas;Pleno dia;Decrescente;Céu Claro;Dupla;Reta;Não;1;0;1;0;0;0;1;1;-22,58039272;-55,68886181;SPRF-MS;DEL04-MS;UOP03-DEL04-MS
587078;13/03/2024;quarta-feira;20:34:00;PR;376;626,5;SAO JOSE DOS PINHAIS;Demais falhas mecânicas ou elétricas;Eventos atípicos;Com Vítimas Feridas;Plena Noite;Crescente;Céu Claro;Dupla;Reta;Sim;2;0;2;0;0;0;2;1;-25,66095117;-49,15500053;SPRF-PR;DEL01-PR;UOP04-DEL01-PR
587079;13/03/2024;quarta-feira;20:25:00;SE;235;42;ITABAIANA;Ausência de reação do condutor;Queda de ocupante de veículo;Com Vítimas Feridas;Plena Noite;Crescente;Chuva;Simples;Aclive;Sim;1;0;1;0;0;0;1;1;-10,766954;-37,381672;SPRF-SE;DEL01-SE;UOP02-DEL01-SE
587080;13/03/2024;quarta-feira;18:40:00;GO;40;17;LUZIANIA;Acumulo de água sobre o pavimento;Saída de leito carroçável;Sem Vítimas;Plena Noite;Decrescente;Chuva;Dupla;"Reta;Declive";Sim;1;0;0;0;1;0;0;1;-16,18487;-47,928641;SPRF-DF;DEL01-DF;UOP01-DEL01-DF
587082;13/03/2024;quarta-feira;21:24:00;RJ;116;176;SAO JOAO DE MERITI;Avarias e/ou desgaste excessivo no pneu;Queda de ocupante de veículo;Com Vítimas Feridas;Plena Noite;Decrescente;Céu Claro;Simples;Curva;Não;3;0;0;1;1;1;1;2;-22,7839538;-43,38195488;SPRF-RJ;DEL06-RJ;UOP01-DEL06-RJ
587083;13/03/2024;quarta-feira;21:45:00;SE;235;55;ITABAIANA;Acessar a via sem observar a presença dos outros veículos;Colisão transversal;Com Vítimas Feridas;Plena Noite;Crescente;Chuva;Simples;"Reta;Interseção de Vias";Não;3;0;1;1;0;1;2;2;-10,667386;-37,446014;SPRF-SE;DEL01-SE;UOP02-DEL01-SE
587084;13/03/2024;quarta-feira;19:00:00;MG;40;666,8;CARANDAI;Desrespeitar a preferência no cruzamento;Colisão transversal;Com Vítimas Feridas;Plena Noite;Crescente;Céu Claro;Simples;"Interseção de Vias;Retorno Regulamentado";Sim;3;0;1;0;2;0;1;2;-20,94471215;-43,8086221;SPRF-MG;DEL05-MG;UOP02-DEL05-MG
587086;13/03/2024;quarta-feira;21:00:00;MT;364;201;RONDONOPOLIS;Pista Escorregadia;Tombamento;Com Vítimas Feridas;Plena Noite;Decrescente;Céu Claro;Dupla;Reta;Sim;1;0;1;0;0;0;1;1;-16,491405;-54,646378;SPRF-MT;DEL02-MT;UOP01-DEL02-MT
587087;13/03/2024;quarta-feira;12:30:00;RJ;116;303,1;PORTO REAL;Demais falhas mecânicas ou elétricas;Tombamento;Com Vítimas Feridas;Pleno dia;Decrescente;Céu Claro;Dupla;Reta;Não;1;0;1;0;0;0;1;1;-22,453464;-44,368353;SPRF-RJ;DEL07-RJ;UOP02-DEL07-RJ
587088;13/03/2024;quarta-feira;16:50:00;DF;40;0,6;BRASILIA;Ausência de reação do condutor;Colisão lateral mesmo sentido;Com Vítimas Feridas;Pleno dia;Crescente;Nublado;Dupla;Reta;Não;2;0;1;0;1;0;1;2;-15,9835365;-47,98836708;SPRF-DF;DEL01-DF;UOP01-DEL01-DF
587090;13/03/2024;quarta-feira;21:50:00;BA;324;5,9;FEIRA DE SANTANA;Ausência de reação do condutor;Colisão traseira;Com Vítimas Feridas;Plena Noite;Crescente;Céu Claro;Dupla;"Reta;Declive";Sim;2;0;1;0;1;0;1;2;-12,27650047;-38,98234606;SPRF-BA;DEL02-BA;UOP01-DEL02-BA
587091;13/03/2024;quarta-feira;21:34:00;PB;230;90,7;GURINHEM;Ingestão de álcool pelo condutor;Tombamento;Com Vítimas Feridas;Plena Noite;Decrescente;Nublado;Dupla;Reta;Não;1;0;0;1;0;0;1;1;-7,173;-35,3934;SPRF-PB;DEL01-PB;UOP03-DEL01-PB
587092;13/03/2024;quarta-feira;22:26:00;PE;101;67;RECIFE;Acessar a via sem observar a presença dos outros veículos;Colisão transversal;Com Vítimas Feridas;Plena Noite;Crescente;Céu Claro;Múltipla;Reta;Não;2;0;0;2;0;0;2;2;-8,042334;-34,943096;SPRF-PE;DEL01-PE;UOP01-DEL01-PE
587093;13/03/2024;quarta-feira;20:25:00;MT;70;513;VARZEA GRANDE;Reação tardia ou ineficiente do condutor;Colisão lateral sentido oposto;Sem Vítimas;Plena Noite;Crescente;Céu Claro;Simples;Reta;Não;2;0;0;0;1;1;0;2;-15,70112396;-56,11580556;SPRF-MT;DEL01-MT;UOP02-DEL01-MT