id;data_inversa;dia_semana;horario;uf;br;km;municipio;causa_acidente;tipo_acidente;classificacao_acidente;fase_dia;sentido_via;condicao_metereologica;tipo_pista;tracado_via;uso_solo;pessoas;mortos;feridos_leves;feridos_graves;ilesos;ignorados;feridos;veiculos;latitude;longitude;regional;delegacia;uop
587094;13/03/2024;quarta-feira;20:20:00;SC;470;138,1;RIO DO SUL;Acessar a via sem observar a presença dos outros veículos;Colisão transversal;Com Vítimas Feridas;Plena Noite;Decrescente;Céu Claro;Simples;Reta;Sim;2;0;1;0;1;0;1;2;-27,203201;-49,635063;SPRF-SC;DEL04-SC;UOP02-DEL04-SC
587095;13/03/2024;quarta-feira;23:10:00;SC;101;346;JAGUARUNA;Condutor Dormindo;Saída de leito carroçável;Com Vítimas Feridas;Plena Noite;Crescente;Céu Claro;Dupla;Reta;Não;1;0;0;1;0;0;1;1;-28,55485199;-49,0540891;SPRF-SC;DEL02-SC;UOP01-DEL02-SC
587096;13/03/2024;quarta-feira;20:48:00;BA;110;394;SAO SEBASTIAO DO PASSE;Acessar a via sem observar a presença dos outros veículos;Colisão transversal;Com Vítimas Feridas;Plena Noite;Decrescente;Céu Claro;Simples;Reta;Sim;3;0;2;0;0;1;2;2;-12,50766107;-38,49626949;SPRF-BA;DEL01-BA;UOP01-DEL01-BA
587097;13/03/2024;quarta-feira;19:00:00;MT;174;273;PONTES E LACERDA;Reação tardia ou ineficiente do condutor;Colisão traseira;Com Vítimas Fatais;Plena Noite;Decrescente;Céu Claro;Simples;Reta;Não;2;1;0;0;1;0;0;2;-15,33936011;-59,21533126;SPRF-MT;DEL04-MT;UOP01-DEL04-MT
587098;26/02/2024;segunda-feira;14:25:00;SC;101;138;BALNEARIO CAMBORIU;Trafegar com motocicleta (ou similar) entre as faixas;Colisão lateral mesmo sentido;Sem Vítimas;Pleno dia;Crescente;Ignorado;Dupla;Reta;Sim;2;0;0;0;0;2;0;2;-27,02330722;-48,60796273;SPRF-SC;DEL04-SC;UOP03-DEL04-SC
587099;13/03/2024;quarta-feira;22:30:00;MA;222;662,5;ACAILANDIA;Transitar na contramão;Colisão frontal;Com Vítimas Feridas;Plena Noite;Crescente;Nublado;Simples;Reta;Sim;2;0;0;1;1;0;1;2;-4,88027519;-47,36113789;SPRF-MA;DEL04-MA;UOP03-DEL04-MA
587104;14/03/2024;quinta-feira;00:15:00;GO;40;25;LUZIANIA;Deficiência do Sistema de Iluminação/Sinalização;Saída de leito carroçável;Com Vítimas Feridas;Plena Noite;Decrescente;Céu Claro;Simples;Interseção de Vias;Não;1;0;1;0;0;0;1;1;-16,252751;-47,900453;SPRF-DF;DEL01-DF;UOP01-DEL01-DF
587106;14/03/2024;quinta-feira;00:15:00;SC;101;206,1;SAO JOSE;Transitar na contramão;Colisão frontal;Com Vítimas Feridas;Plena Noite;Crescente;Céu Claro;Múltipla;Reta;Sim;4;0;1;1;2;0;2;3;-27,59193546;-48,61824557;SPRF-SC;DEL01-SC;UOP01-DEL01-SC
587108;13/03/2024;quarta-feira;23:00:00;SC;280;226;TRES BARRAS;Ausência de reação do condutor;Saída de leito carroçável;Com Vítimas Feridas;Plena Noite;Crescente;Céu Claro;Simples;"Reta;Declive";Não;1;0;1;0;0;0;1;1;-26,18105839;-50,32269294;SPRF-SC;DEL06-SC;UOP04-DEL06-SC
587112;13/03/2024;quarta-feira;21:10:00;RO;425;129;GUAJARA-MIRIM;Deficiência do Sistema de Iluminação/Sinalização;Colisão traseira;Com Vítimas Feridas;Plena Noite;Crescente;Céu Claro;Simples;Reta;Não;3;0;0;1;2;0;1;2;-10,706122;-65,27331;SPRF-RO;DEL01-RO;UOP03-DEL01-RO
587115;13/03/2024;quarta-feira;18:50:00;BA;30;717,1;BOA NOVA;Transitar na contramão;Colisão lateral sentido oposto;Com Vítimas Fatais;Plena Noite;Crescente;Céu Claro;Simples;"Aclive;Curva";Não;2;1;0;0;1;0;0;2;-14,374796;-40,255903;SPRF-BA;DEL05-BA;UOP01-DEL05-BA
587116;14/03/2024;quinta-feira;00:15:00;AL;316;88,8;SANTANA DO IPANEMA;Reação tardia ou ineficiente do condutor;Atropelamento de Animal;Com Vítimas Feridas;Plena Noite;Decrescente;Céu Claro;Simples;Reta;Não;1;0;1;0;0;0;1;1;-9,38256709;-37,2204121;SPRF-AL;DEL03-AL;UOP02-DEL03-AL
587117;14/03/2024;quinta-feira;01:40:00;RS;153;397,6;CACHOEIRA DO SUL;Transitar na contramão;Colisão frontal;Com Vítimas Fatais;Plena Noite;Crescente;Céu Claro;Simples;Reta;Não;3;1;0;1;0;1;1;2;-29,94389;-52,95091;SPRF-RS;DEL02-RS;UOP03-DEL02-RS
587120;14/03/2024;quinta-feira;05:30:00;SP;153;57,7;SAO JOSE DO RIO PRETO;Ausência de reação do condutor;Colisão com objeto;Sem Vítimas;Amanhecer;Crescente;Céu Claro;Dupla;"Curva;Ponte";Sim;1;0;0;0;0;1;0;1;-20,76991095;-49,34982212;SPRF-SP;DEL09-SP;UOP01-DEL09-SP
587121;14/03/2024;quinta-feira;03:20:00;MS;163;593,4;SAO GABRIEL DO OESTE;Animais na Pista;Atropelamento de Animal;Sem Vítimas;Plena Noite;Crescente;Céu Claro;Dupla;Curva;Não;4;0;0;0;4;0;0;1;-19,54929742;-54,43337661;SPRF-MS;DEL06-MS;UOP02-DEL06-MS
587122;01/03/2024;sexta-feira;20:15:00;PR;163;239,5;TOLEDO;Acessar a via sem observar a presença dos outros veículos;Colisão lateral mesmo sentido;Sem Vítimas;Plena Noite;Crescente;Céu Claro;Dupla;"Reta;Aclive";Não;2;0;0;0;2;0;0;2;-24,72738162;-53,70340347;SPRF-PR;DEL04-PR;UOP01-DEL04-PR
587125;14/03/2024;quinta-feira;07:09:00;MG;40;521,9;CONTAGEM;Ausência de reação do condutor;Colisão traseira;Com Vítimas Feridas;Pleno dia;Crescente;Céu Claro;Dupla;Reta;Sim;3;0;1;0;2;0;1;3;-19,85651501;-44,07213222;SPRF-MG;DEL01-MG;UOP02-DEL01-MG
587126;13/03/2024;quarta-feira;19:10:00;RO;364;426;JARU;Manobra de mudança de faixa;Colisão lateral mesmo sentido;Com Vítimas Feridas;Plena Noite;Decrescente;Céu Claro;Simples;Reta;Sim;1;0;1;0;0;0;1;1;-10,432443;-62,479584;SPRF-RO;DEL03-RO;UOP02-DEL03-RO
587128;14/03/2024;quinta-feira;07:15:00;GO;153;434;ANAPOLIS;Acessar a via sem observar a presença dos outros veículos;Colisão lateral mesmo sentido;Com Vítimas Feridas;Amanhecer;Decrescente;Céu Claro;Dupla;Retorno Regulamentado;Sim;2;0;1;0;1;0;1;2;-16,275604;-48,967766;SPRF-GO;DEL02-GO;UOP01-DEL02-GO
587129;14/03/2024;quinta-feira;06:50:00;SC;282;17,1;PALHOCA;Acessar a via sem observar a presença dos outros veículos;Colisão transversal;Com Vítimas Feridas;Pleno dia;Decrescente;Céu Claro;Simples;"Interseção de Vias;Rotatória";Sim;2;0;1;0;1;0;1;2;-27,66748976;-48,68951797;SPRF-SC;DEL01-SC;UOP02-DEL01-SC
587131;14/03/2024;quinta-feira;06:50:00;SC;101;7,1;GARUVA;Acessar a via sem observar a presença dos outros veículos;Colisão transversal;Com Vítimas Feridas;Pleno dia;Decrescente;Céu Claro;Múltipla;Reta;Não;2;0;2;0;0;0;2;2;-26,03593;-48,860302;SPRF-SC;DEL03-SC;UOP01-DEL03-SC
587133;14/03/2024;quinta-feira;07:28:00;MG;40;516;RIBEIRAO DAS NEVES;Reação tardia ou ineficiente do condutor;Colisão transversal;Com Vítimas Feridas;Pleno dia;Crescente;Céu Claro;Dupla;Reta;Não;2;0;1;0;1;0;1;2;-19,81628624;-44,08960124;SPRF-MG;DEL01-MG;UOP02-DEL01-MG
587134;22/02/2024;quinta-feira;08:50:00;RS;116;2;PORTO ALEGRE;Trafegar com motocicleta (ou similar) entre as faixas;Colisão lateral mesmo sentido;Com Vítimas Feridas;Pleno dia;Crescente;Céu Claro;Dupla;Reta;Não;2;0;1;0;1;0;1;2;-29,97354185;-51,1776799;SPRF-RS;DEL01-RS;UOP01-DEL01-RS
587136;14/03/2024;quinta-feira;07:20:00;SC;101;211,1;PALHOCA;Condutor deixou de manter distância do veículo da frente;Colisão traseira;Com Vítimas Feridas;Pleno dia;Decrescente;Céu Claro;Múltipla;Reta;Sim;4;0;1;0;2;1;1;3;-27,62329313;-48,65245588;SPRF-SC;DEL01-SC;UOP02-DEL01-SC
587137;14/03/2024;quinta-feira;07:30:00;PR;116;113;CURITIBA;Ausência de reação do condutor;Colisão traseira;Com Vítimas Feridas;Pleno dia;Crescente;Sol;Dupla;Reta;Sim;2;0;0;1;1;0;1;2;-25,54998609;-49,28174268;SPRF-PR;DEL01-PR;UOP07-DEL01-PR
587138;14/03/2024;quinta-feira;07:00:00;RS;290;484,3;ROSARIO DO SUL;Demais falhas mecânicas ou elétricas;Incêndio;Sem Vítimas;Pleno dia;Crescente;Céu Claro;Simples;Reta;Sim;4;0;0;0;4;0;0;1;-30,240904;-54,961258;SPRF-RS;DEL11-RS;UOP02-DEL11-RS
587139;14/03/2024;quinta-feira;06:50:00;MG;262;33,5;MANHUACU;Condutor deixou de manter distância do veículo da frente;Colisão traseira;Com Vítimas Feridas;Pleno dia;Decrescente;Nublado;Simples;"Declive;Reta";Não;2;0;1;0;0;1;1;2;-20,25550548;-42,00465315;SPRF-MG;DEL06-MG;UOP03-DEL06-MG
587141;14/03/2024;quinta-feira;06:35:00;PB;230;18,7;JOAO PESSOA;Condutor deixou de manter distância do veículo da frente;Queda de ocupante de veículo;Com Vítimas Feridas;Pleno dia;Decrescente;Céu Claro;Dupla;Reta;Sim;1;0;1;0;0;0;1;1;-7,1198;-34,8453;SPRF-PB;DEL01-PB;UOP01-DEL01-PB
587142;14/03/2024;quinta-feira;07:45:00;SC;101;349,8;JAGUARUNA;Condutor Dormindo;Saída de leito carroçável;Com Vítimas Feridas;Pleno dia;Decrescente;Céu Claro;Dupla;"Aclive;Reta";Não;1;0;0;1;0;0;1;1;-28,5820168;-49,05059372;SPRF-SC;DEL02-SC;UOP01-DEL02-SC
587144;14/03/2024;quinta-feira;07:00:00;RJ;101;503;ANGRA DOS REIS;Manobra de mudança de faixa;Colisão frontal;Com Vítimas Feridas;Pleno dia;Crescente;Céu Claro;Simples;Reta;Sim;2;0;0;1;1;0;1;2;-22,92894705;-44,37879998;SPRF-RJ;DEL03-RJ;UOP03-DEL03-RJ
587147;14/03/2024;quinta-feira;08:30:00;SC;282;17;PALHOCA;Acessar a via sem observar a presença dos outros veículos;Queda de ocupante de veículo;Com Vítimas Feridas;Pleno dia;Decrescente;Céu Claro;Simples;Reta;Não;2;0;1;0;1;0;1;2;-27,665707;-48,688065;SPRF-SC;DEL01-SC;UOP02-DEL01-SC
587148;14/03/2024;quinta-feira;08:20:00;TO;153;141;ARAGUAINA;Acessar a via sem observar a presença dos outros veículos;Colisão lateral mesmo sentido;Com Vítimas Feridas;Pleno dia;Crescente;Céu Claro;Dupla;"Curva;Rotatória";Sim;2;0;1;0;1;0;1;2;-7,175959;-48,219548;SPRF-TO;DEL02-TO;UOP01-DEL02-TO
587151;11/03/2024;segunda-feira;08:05:00;MG;40;528,4;CONTAGEM;Trafegar com motocicleta (ou similar) entre as faixas;Atropelamento de Pedestre;Com Vítimas Feridas;Pleno dia;Crescente;Nublado;Dupla;"Aclive;Curva";Sim;2;0;1;0;1;0;1;2;-19,91635592;-44,03966566;SPRF-MG;DEL01-MG;UOP02-DEL01-MG
587152;14/03/2024;quinta-feira;07:25:00;MS;158;270;TRES LAGOAS;Acessar a via sem observar a presença dos outros veículos;Colisão transversal;Com Vítimas Feridas;Pleno dia;Decrescente;Céu Claro;Simples;Curva;Sim;2;0;1;0;1;0;1;2;-20,7738105;-51,6710092;SPRF-MS;DEL07-MS;UOP01-DEL07-MS
587155;25/02/2024;domingo;05:00:00;PI;343;589,1;FLORIANO;Ausência de reação do condutor;Colisão com objeto;Com Vítimas Feridas;Amanhecer;Crescente;Céu Claro;Dupla;Reta;Sim;2;0;0;1;0;1;1;2;-6,776695;-43,009346;SPRF-PI;DEL03-PI;UOP01-DEL03-PI
587158;14/03/2024;quinta-feira;09:30:00;ES;101;270,7;SERRA;Condutor desrespeitou a iluminação vermelha do semáforo;Colisão transversal;Com Vítimas Feridas;Pleno dia;Decrescente;Céu Claro;Dupla;Interseção de Vias;Sim;2;0;1;0;1;0;1;2;-20,22662056;-40,27075088;SPRF-ES;DEL02-ES;UOP01-DEL02-ES
587159;14/03/2024;quinta-feira;08:40:00;PR;476;113;COLOMBO;Condutor deixou de manter distância do veículo da frente;Engavetamento;Com Vítimas Feridas;Pleno dia;Crescente;Céu Claro;Simples;Reta;Não;3;0;2;0;1;0;2;3;-25,327227;-49,15984;SPRF-PR;DEL01-PR;UOP01-DEL01-PR
587160;14/03/2024;quinta-feira;08:45:00;SC;101;46;JOINVILLE;Reação tardia ou ineficiente do condutor;Colisão traseira;Com Vítimas Feridas;Pleno dia;Decrescente;Céu Claro;Dupla;Reta;Não;4;0;1;0;3;0;1;4;-26,33150083;-48,86187762;SPRF-SC;DEL03-SC;UOP01-DEL03-SC
587162;14/03/2024;quinta-feira;08:05:00;SC;280;51;GUARAMIRIM;Manobra de mudança de faixa;Colisão lateral mesmo sentido;Com Vítimas Feridas;Pleno dia;Decrescente;Céu Claro;Dupla;Reta;Sim;2;0;1;0;1;0;1;2;-26,46538871;-48,95544449;SPRF-SC;DEL03-SC;UOP03-DEL03-SC
587164;14/03/2024;quinta-feira;09:00:00;GO;153;627,5;MORRINHOS;Condutor Dormindo;Saída de leito carroçável;Com Vítimas Feridas;Pleno dia;Crescente;Céu Claro;Dupla;Reta;Não;1;0;1;0;0;0;1;1;-17,775;-49,1754;SPRF-GO;DEL03-GO;UOP01-DEL03-GO
587165;02/01/2024;terça-feira;15:10:00;PI;343;52,7;BURITI DOS LOPES;Chuva;Saída de leito carroçável;Com Vítimas Fatais;Pleno dia;Decrescente;Chuva;Simples;Reta;Não;5;1;4;0;0;0;4;1;-3,194594;-41,841324;SPRF-PI;DEL05-PI;UOP01-DEL05-PI
587166;14/03/2024;quinta-feira;08:50:00;SC;101;118,3;ITAJAI;Ausência de reação do condutor;Colisão traseira;Sem Vítimas;Pleno dia;Crescente;Sol;Dupla;Reta;Não;3;0;0;0;3;0;0;3;-26,895859;-48,71903;SPRF-SC;DEL04-SC;UOP04-DEL04-SC
587170;14/03/2024;quinta-feira;08:15:00;SP;381;2;VARGEM;Reação tardia ou ineficiente do condutor;Engavetamento;Sem Vítimas;Pleno dia;Decrescente;Céu Claro;Simples;"Aclive;Reta";Não;4;0;0;0;4;0;0;4;-22,88187369;-46,39059388;SPRF-SP;DEL03-SP;UOP02-DEL03-SP
587173;14/03/2024;quinta-feira;11:10:00;ES;101;233;FUNDAO;Ausência de reação do condutor;Tombamento;Sem Vítimas;Pleno dia;Decrescente;Céu Claro;Simples;Reta;Não;2;0;0;0;0;2;0;1;-19,961042;-40,406889;SPRF-ES;DEL02-ES;UOP01-DEL02-ES
587174;14/03/2024;quinta-feira;09:19:00;GO;40;5;VALPARAISO DE GOIAS;Manobra de mudança de faixa;Colisão transversal;Com Vítimas Feridas;Pleno dia;Crescente;Céu Claro;Dupla;Reta;Sim;2;0;1;0;1;0;1;2;-16,093134;-47,982236;SPRF-DF;DEL01-DF;UOP01-DEL01-DF
587175;14/03/2024;quinta-feira;11:20:00;RN;101;146,3;GOIANINHA;Transitar na contramão;Colisão frontal;Com Vítimas Feridas;Pleno dia;Decrescente;Céu Claro;Simples;Reta;Sim;3;0;3;0;0;0;3;2;-6,26255354;-35,21147156;SPRF-RN;DEL01-RN;UOP01-DEL01-RN
587177;14/03/2024;quinta-feira;10:00:00;CE;222;315;TIANGUA;Reação tardia ou ineficiente do condutor;Saída de leito carroçável;Com Vítimas Feridas;Pleno dia;Crescente;Céu Claro;Dupla;Curva;Não;1;0;1;0;0;0;1;1;-3,738862;-41,005386;SPRF-CE;DEL04-CE;UOP02-DEL04-CE
587178;14/03/2024;quinta-feira;10:00:00;MG;262;482,9;BOM DESPACHO;Velocidade Incompatível;Saída de leito carroçável;Com Vítimas Feridas;Pleno dia;Decrescente;Céu Claro;Simples;Aclive;Não;1;0;1;0;0;0;1;1;-19,78223048;-45,26624285;SPRF-MG;DEL08-MG;UOP03-DEL08-MG
587180;06/03/2024;quarta-feira;08:15:00;PR;277;162;PALMEIRA;Reação tardia ou ineficiente do condutor;Eventos atípicos;Com Vítimas Feridas;Pleno dia;Decrescente;Ignorado;Simples;Reta;Não;2;0;1;0;0;1;1;2;-25,4601602;-49,9375614;SPRF-PR;DEL03-PR;UOP03-DEL03-PR
587182;14/03/2024;quinta-feira;08:48:00;RO;364;426,6;JARU;Acessar a via sem observar a presença dos outros veículos;Colisão transversal;Com Vítimas Feridas;Pleno dia;Crescente;Céu Claro;Simples;Reta;Sim;2;0;1;0;1;0;1;2;-10,432443;-62,479584;SPRF-RO;DEL03-RO;UOP02-DEL03-RO
587183;14/03/2024;quinta-feira;12:35:00;SC;101;135;BALNEARIO CAMBORIU;Ausência de reação do condutor;Colisão com objeto;Com Vítimas Feridas;Pleno dia;Crescente;Céu Claro;Dupla;Reta;Sim;1;0;1;0;0;0;1;1;-27,0050108;-48,62677494;SPRF-SC;DEL04-SC;UOP03-DEL04-SC
587184;14/03/2024;quinta-feira;12:30:00;PB;230;105,5;MOGEIRO;Pista Escorregadia;Saída de leito carroçável;Com Vítimas Fatais;Pleno dia;Decrescente;Chuva;Dupla;"Declive;Curva";Não;4;3;0;1;0;0;1;2;-7,204984;-35,5371268;SPRF-PB;DEL01-PB;UOP03-DEL01-PB
587185;27/02/2024;terça-feira;14:30:00;GO;364;4;SAO SIMAO;Ausência de reação do condutor;Colisão com objeto;Com Vítimas Feridas;Pleno dia;Decrescente;Céu Claro;Simples;Reta;Não;3;0;3;0;0;0;3;1;-19,024111;-50,528896;SPRF-GO;DEL05-GO;UOP02-DEL05-GO
587186;14/03/2024;quinta-feira;13:01:00;PI;343;184;PIRIPIRI;Condutor deixou de manter distância do veículo da frente;Tombamento;Com Vítimas Feridas;Pleno dia;Decrescente;Chuva;Simples;Rotatória;Sim;1;0;0;1;0;0;1;1;-4,272144;-41,761505;SPRF-PI;DEL02-PI;UOP01-DEL02-PI
587189;14/03/2024;quinta-feira;11:55:00;PR;277;520,9;GUARANIACU;Velocidade Incompatível;Saída de leito carroçável;Com Vítimas Feridas;Pleno dia;Decrescente;Céu Claro;Simples;Reta;Não;1;0;0;1;0;0;1;1;-25,11018112;-52,85167802;SPRF-PR;DEL04-PR;UOP04-DEL04-PR
587190;14/03/2024;quinta-feira;11:35:00;SC;470;54,1;BLUMENAU;Conversão proibida;Colisão frontal;Com Vítimas Feridas;Pleno dia;Decrescente;Céu Claro;Simples;"Reta;Em Obras;Interseção de Vias";Sim;2;0;1;0;1;0;1;2;-26,87159757;-49,11197662;SPRF-SC;DEL04-SC;UOP01-DEL04-SC
587193;14/03/2024;quinta-feira;13:31:00;DF;20;18;BRASILIA;Condutor Dormindo;Queda de ocupante de veículo;Com Vítimas Feridas;Pleno dia;Crescente;Nublado;Dupla;"Reta;Declive";Sim;1;0;1;0;0;0;1;1;-15,616901;-47,708927;SPRF-DF;DEL02-DF;UOP01-DEL02-DF
587194;26/01/2024;sexta-feira;15:05:00;RS;290;53,6;GLORINHA;Ausência de reação do condutor;Colisão traseira;Com Vítimas Feridas;Pleno dia;Crescente;Céu Claro;Dupla;Reta;Não;2;0;0;1;1;0;1;2;-29,912518;-50,796018;SPRF-RS;DEL03-RS;UOP01-DEL03-RS
587195;06/01/2024;sábado;16:00:00;RS;116;224;DOIS IRMAOS;Reação tardia ou ineficiente do condutor;Colisão frontal;Com Vítimas Feridas;Pleno dia;Crescente;Céu Claro;Simples;Curva;Não;3;0;1;1;1;0;2;2;-29,58975513;-51,10781795;SPRF-RS;DEL01-RS;UOP02-DEL01-RS
587197;14/03/2024;quinta-feira;13:40:00;PB;230;13;CABEDELO;Ingestão de álcool pelo condutor;Tombamento;Com Vítimas Feridas;Pleno dia;Crescente;Chuva;Dupla;Reta;Sim;1;0;1;0;0;0;1;1;-7,0772;-34,8494;SPRF-PB;DEL01-PB;UOP01-DEL01-PB
587200;14/03/2024;quinta-feira;10:45:00;RN;406;160;CEARA-MIRIM;Manobra de mudança de faixa;Colisão traseira;Com Vítimas Feridas;Pleno dia;Decrescente;Céu Claro;Simples;Reta;Sim;2;0;1;0;0;1;1;2;-5,71375666;-35,37210457;SPRF-RN;DEL02-RN;UOP01-DEL02-RN
587202;14/03/2024;quinta-feira;08:15:00;ES;101;276;SERRA;Demais falhas mecânicas ou elétricas;Incêndio;Sem Vítimas;Pleno dia;Crescente;Céu Claro;Dupla;Reta;Não;1;0;0;0;1;0;0;1;-20,20788726;-40,3133509;SPRF-ES;DEL02-ES;UOP01-DEL02-ES
587204;14/03/2024;quinta-feira;13:30:00;MT;163;844,7;SINOP;Acessar a via sem observar a presença dos outros veículos;Colisão transversal;Com Vítimas Feridas;Pleno dia;Crescente;Céu Claro;Simples;"Reta;Interseção de Vias";Sim;5;0;3;0;2;0;3;2;-11,77693366;-55,47437288;SPRF-MT;DEL06-MT;UOP02-DEL06-MT
587206;14/03/2024;quinta-feira;13:50:00;MG;50;61;UBERLANDIA;Reação tardia ou ineficiente do condutor;Colisão lateral mesmo sentido;Com Vítimas Feridas;Pleno dia;Crescente;Sol;Dupla;Reta;Não;2;0;1;0;1;0;1;2;-18,81603099;-48,25003475;SPRF-MG;DEL15-MG;UOP02-DEL15-MG
587208;14/03/2024;quinta-feira;13:00:00;SC;101;360,2;SANGAO;Ausência de reação do condutor;Saída de leito carroçável;Com Vítimas Feridas;Pleno dia;Decrescente;Sol;Dupla;Reta;Não;2;0;2;0;0;0;2;1;-28,66844922;-49,11800623;SPRF-SC;DEL02-SC;UOP01-DEL02-SC
587209;14/03/2024;quinta-feira;14:20:00;GO;153;296;RIALMA;Reação tardia ou ineficiente do condutor;Colisão transversal;Com Vítimas Feridas;Pleno dia;Decrescente;Céu Claro;Simples;Curva;Não;2;0;1;0;1;0;1;2;-15,255246;-49,550171;SPRF-GO;DEL02-GO;UOP02-DEL02-GO
587210;14/03/2024;quinta-feira;14:00:00;MG;40;669,8;CARANDAI;Retorno proibido;Colisão transversal;Com Vítimas Feridas;Pleno dia;Crescente;Sol;Simples;Reta;Não;5;0;0;2;3;0;2;2;-20,97134;-43,784695;SPRF-MG;DEL05-MG;UOP02-DEL05-MG
587211;14/03/2024;quinta-feira;11:30:00;SC;101;138;BALNEARIO CAMBORIU;Condutor deixou de manter distância do veículo da frente;Engavetamento;Com Vítimas Feridas;Pleno dia;Crescente;Céu Claro;Múltipla;Reta;Não;4;0;2;0;2;0;2;3;-27,02397426;-48,60761649;SPRF-SC;DEL04-SC;UOP03-DEL04-SC
587212;14/03/2024;quinta-feira;12:15:00;RS;116;228;DOIS IRMAOS;Conversão proibida;Colisão frontal;Com Vítimas Feridas;Pleno dia;Crescente;Céu Claro;Simples;"Reta;Declive";Sim;2;0;2;0;0;0;2;2;-29,60893571;-51,12797054;SPRF-RS;DEL01-RS;UOP02-DEL01-RS
587213;10/03/2024;domingo;19:10:00;MS;163;277;DOURADOS;Reação tardia ou ineficiente do condutor;Saída de leito carroçável;Sem Vítimas;Plena Noite;Crescente;Nublado;Dupla;"Reta;Rotatória";Não;1;0;0;0;0;1;0;1;-22,15520269;-54,64147924;SPRF-MS;DEL04-MS;UOP01-DEL04-MS
587215;14/03/2024;quinta-feira;16:00:00;SC;101;213;PALHOCA;Manobra de mudança de faixa;Colisão lateral mesmo sentido;Com Vítimas Feridas;Pleno dia;Crescente;Céu Claro;Dupla;Reta;Sim;2;0;1;0;0;1;1;2;-27,63656242;-48,66493624;SPRF-SC;DEL01-SC;UOP02-DEL01-SC
587216;14/03/2024;quinta-feira;16:10:00;MG;365;613,8;UBERLANDIA;Desrespeitar a preferência no cruzamento;Colisão frontal;Com Vítimas Feridas;Pleno dia;Crescente;Céu Claro;Simples;"Interseção de Vias;Reta";Sim;2;0;1;0;1;0;1;2;-18,913861;-48,216961;SPRF-MG;DEL15-MG;UOP01-DEL15-MG
587217;14/03/2024;quinta-feira;15:20:00;BA;324;516;FEIRA DE SANTANA;Acessar a via sem observar a presença dos outros veículos;Colisão transversal;Com Vítimas Feridas;Pleno dia;Decrescente;Céu Claro;Dupla;Interseção de Vias;Sim;2;0;1;0;1;0;1;2;-12,248992;-38,933542;SPRF-BA;DEL02-BA;UOP01-DEL02-BA
587219;14/03/2024;quinta-feira;15:30:00;RJ;116;271;BARRA MANSA;Conversão proibida;Colisão transversal;Com Vítimas Feridas;Pleno dia;Crescente;Céu Claro;Simples;Reta;Sim;2;0;1;0;1;0;1;2;-22,560883;-44,12224;SPRF-RJ;DEL07-RJ;UOP02-DEL07-RJ
587220;14/03/2024;quinta-feira;16:00:00;PE;101;63;RECIFE;Acessar a via sem observar a presença dos outros veículos;Colisão lateral mesmo sentido;Com Vítimas Feridas;Pleno dia;Decrescente;Céu Claro;Dupla;Reta;Não;2;0;0;1;1;0;1;2;-8,00800604;-34,93756535;SPRF-PE;DEL01-PE;UOP01-DEL01-PE
587223;14/03/2024;quinta-feira;17:00:00;SP;116;81;ROSEIRA;Ausência de reação do condutor;Colisão traseira;Com Vítimas Feridas;Pleno dia;Crescente;Céu Claro;Dupla;Reta;Sim;2;0;0;1;1;0;1;2;-22,90482177;-45,31030655;SPRF-SP;DEL08-SP;UOP01-DEL08-SP
587225;26/02/2024;segunda-feira;11:50:00;RO;429;299;SAO FRANCISCO DO GUAPORE;Ausência de reação do condutor;Saída de leito carroçável;Com Vítimas Fatais;Pleno dia;Crescente;Sol;Simples;Reta;Não;3;1;0;0;0;2;0;2;-12,0794482;-63,84284299;SPRF-RO;DEL02-RO;UOP03-DEL02-RO
587226;14/03/2024;quinta-feira;17:20:00;GO;60;92,4;ANAPOLIS;Animais na Pista;Tombamento;Com Vítimas Feridas;Pleno dia;Crescente;Nublado;Dupla;"Retorno Regulamentado;Interseção de Vias;Reta";Não;1;0;1;0;0;0;1;1;-16,352492;-48,9163;SPRF-GO;DEL02-GO;UOP01-DEL02-GO
587227;21/02/2024;quarta-feira;17:45:00;RS;116;2;PORTO ALEGRE;Reação tardia ou ineficiente do condutor;Colisão traseira;Sem Vítimas;Pleno dia;Decrescente;Céu Claro;Dupla;Reta;Sim;4;0;0;0;4;0;0;2;-29,99207707;-51,1854919;SPRF-RS;DEL01-RS;UOP01-DEL01-RS
587228;14/03/2024;quinta-feira;15:00:00;PR;376;83;GUAIRACA;Demais falhas mecânicas ou elétricas;Incêndio;Sem Vítimas;Pleno dia;Decrescente;Céu Claro;Simples;Reta;Não;1;0;0;0;0;1;0;1;-22,97153262;-52,62330289;SPRF-PR;DEL09-PR;UOP02-DEL09-PR
587229;14/03/2024;quinta-feira;17:25:00;SC;280;24;ARAQUARI;Acessar a via sem observar a presença dos outros veículos;Colisão transversal;Com Vítimas Feridas;Pleno dia;Crescente;Céu Claro;Simples;"Reta;Interseção de Vias";Sim;2;0;1;0;1;0;1;2;-26,37724921;-48,71953282;SPRF-SC;DEL03-SC;UOP03-DEL03-SC