id;data_inversa;dia_semana;horario;uf;br;km;municipio;causa_acidente;tipo_acidente;classificacao_acidente;fase_dia;sentido_via;condicao_metereologica;tipo_pista;tracado_via;uso_solo;pessoas;mortos;feridos_leves;feridos_graves;ilesos;ignorados;feridos;veiculos;latitude;longitude;regional;delegacia;uop
587501;15/03/2024;sexta-feira;19:40:00;PB;230;23;JOAO PESSOA;Ausência de reação do condutor;Tombamento;Com Vítimas Feridas;Plena Noite;Decrescente;Céu Claro;Dupla;"Reta;Viaduto";Sim;1;0;1;0;0;0;1;1;-7,16366418;-34,86153603;SPRF-PB;DEL01-PB;UOP01-DEL01-PB
587503;15/03/2024;sexta-feira;20:49:00;RS;392;22,8;RIO GRANDE;Problema com o freio;Colisão traseira;Com Vítimas Feridas;Pleno dia;Crescente;Nublado;Dupla;Reta;Não;2;0;1;0;1;0;1;2;-32,08800222;-52,22782002;SPRF-RS;DEL07-RS;UOP02-DEL07-RS
587504;15/03/2024;sexta-feira;17:30:00;RJ;465;5;SEROPEDICA;Entrada inopinada do pedestre;Colisão transversal;Com Vítimas Feridas;Pleno dia;Crescente;Céu Claro;Simples;Reta;Sim;2;0;2;0;0;0;2;2;-22,747673;-43,699196;SPRF-RJ;DEL06-RJ;UOP02-DEL06-RJ
587505;15/03/2024;sexta-feira;19:45:00;SC;101;1,3;GARUVA;Acumulo de óleo sobre o pavimento;Tombamento;Com Vítimas Feridas;Plena Noite;Crescente;Céu Claro;Dupla;Reta;Sim;2;0;2;0;0;0;2;1;-25,98895627;-48,88356133;SPRF-SC;DEL03-SC;UOP01-DEL03-SC
587506;15/03/2024;sexta-feira;20:00:00;RS;116;267;CANOAS;Acessar a via sem observar a presença dos outros veículos;Colisão lateral mesmo sentido;Com Vítimas Feridas;Pleno dia;Decrescente;Céu Claro;Dupla;Reta;Sim;1;0;1;0;0;0;1;1;-29,94142398;-51,17697062;SPRF-RS;DEL01-RS;UOP01-DEL01-RS
587507;15/03/2024;sexta-feira;20:30:00;SC;282;0,8;FLORIANOPOLIS;Ausência de reação do condutor;Engavetamento;Com Vítimas Feridas;Plena Noite;Crescente;Céu Claro;Dupla;Reta;Sim;4;0;1;0;3;0;1;4;-27,59845;-48,571995;SPRF-SC;DEL01-SC;UOP01-DEL01-SC
587508;15/03/2024;sexta-feira;21:00:00;PR;369;154,2;LONDRINA;Reação tardia ou ineficiente do condutor;Saída de leito carroçável;Com Vítimas Feridas;Plena Noite;Crescente;Céu Claro;Dupla;Reta;Sim;1;0;1;0;0;0;1;1;-23,29780758;-51,20027885;SPRF-PR;DEL07-PR;UOP01-DEL07-PR
587511;15/03/2024;sexta-feira;20:40:00;BA;324;612;SALVADOR;Ingestão de álcool pelo condutor;Colisão com objeto;Com Vítimas Feridas;Plena Noite;Decrescente;Céu Claro;Dupla;Reta;Não;1;0;1;0;0;0;1;1;-12,86012;-38,421998;SPRF-BA;DEL01-BA;UOP01-DEL01-BA
587512;15/03/2024;sexta-feira;20:42:00;RJ;116;173;SAO JOAO DE MERITI;Manobra de mudança de faixa;Colisão lateral mesmo sentido;Com Vítimas Feridas;Plena Noite;Decrescente;Céu Claro;Múltipla;Reta;Não;2;0;1;0;1;0;1;2;-22,79810324;-43,35726614;SPRF-RJ;DEL06-RJ;UOP01-DEL06-RJ
587513;15/03/2024;sexta-feira;20:10:00;PR;369;199;APUCARANA;Ingestão de álcool pelo condutor;Colisão frontal;Com Vítimas Feridas;Plena Noite;Crescente;Céu Claro;Simples;Curva;Não;2;0;0;2;0;0;2;2;-23,528079;-51,446785;SPRF-PR;DEL07-PR;UOP03-DEL07-PR
587514;15/03/2024;sexta-feira;18:30:00;PE;104;141,5;QUIPAPA;Ultrapassagem Indevida;Colisão frontal;Com Vítimas Fatais;Plena Noite;Crescente;Céu Claro;Simples;Reta;Não;2;1;0;0;1;0;0;2;-8,852131;-36,03056;SPRF-PE;DEL02-PE;UOP03-DEL02-PE
587517;15/03/2024;sexta-feira;21:30:00;ES;101;260;SERRA;Conversão proibida;Colisão transversal;Com Vítimas Feridas;Plena Noite;Decrescente;Céu Claro;Dupla;Reta;Sim;2;0;0;1;1;0;1;2;-20,14616415;-40,28836206;SPRF-ES;DEL02-ES;UOP01-DEL02-ES
587519;15/03/2024;sexta-feira;11:20:00;RS;116;265;CANOAS;Acessar a via sem observar a presença dos outros veículos;Colisão lateral mesmo sentido;Com Vítimas Feridas;Pleno dia;Decrescente;Céu Claro;Dupla;Interseção de Vias;Não;2;0;1;0;1;0;1;2;-29,92342302;-51,17780944;SPRF-RS;DEL01-RS;UOP01-DEL01-RS
587527;15/03/2024;sexta-feira;20:00:00;PI;343;344,8;TERESINA;Ausência de reação do condutor;Colisão traseira;Com Vítimas Feridas;Plena Noite;Decrescente;Céu Claro;Simples;Reta;Sim;3;0;1;1;1;0;2;2;-5,102547;-42,766538;SPRF-PI;DEL01-PI;UOP01-DEL01-PI
587528;15/03/2024;sexta-feira;14:40:00;BA;116;425;FEIRA DE SANTANA;Retorno proibido;Colisão transversal;Com Vítimas Feridas;Pleno dia;Decrescente;Sol;Dupla;Reta;Sim;2;0;0;1;1;0;1;2;-12,23736613;-38,97999588;SPRF-BA;DEL02-BA;UOP01-DEL02-BA
587530;15/03/2024;sexta-feira;16:25:00;RJ;356;76;ITALVA;Acessar a via sem observar a presença dos outros veículos;Colisão transversal;Com Vítimas Feridas;Pleno dia;Decrescente;Céu Claro;Simples;Reta;Sim;2;0;2;0;0;0;2;2;-21,4292092;-41,6933554;SPRF-RJ;DEL08-RJ;UOP03-DEL08-RJ
587531;15/03/2024;sexta-feira;18:30:00;RS;116;412;CAMAQUA;Acumulo de água sobre o pavimento;Saída de leito carroçável;Com Vítimas Feridas;Anoitecer;Crescente;Chuva;Dupla;Reta;Não;1;0;1;0;0;0;1;1;-30,92659213;-51,90929593;SPRF-RS;DEL02-RS;UOP02-DEL02-RS
587532;15/03/2024;sexta-feira;16:50:00;RJ;101;590;PARATY;Acessar a via sem observar a presença dos outros veículos;Colisão transversal;Com Vítimas Feridas;Pleno dia;Crescente;Céu Claro;Simples;Reta;Não;2;0;1;0;1;0;1;2;-23,30840813;-44,70725998;SPRF-RJ;DEL03-RJ;UOP04-DEL03-RJ
587535;15/03/2024;sexta-feira;17:00:00;MT;364;1;ALTO ARAGUAIA;Desrespeitar a preferência no cruzamento;Colisão transversal;Com Vítimas Feridas;Pleno dia;Crescente;Céu Claro;Dupla;Interseção de Vias;Sim;2;0;0;1;1;0;1;2;-17,31871;-53,211903;SPRF-MT;DEL02-MT;UOP02-DEL02-MT
587536;15/03/2024;sexta-feira;21:00:00;PB;230;35,8;SANTA RITA;Acostamento em desnível;Queda de ocupante de veículo;Com Vítimas Feridas;Plena Noite;Decrescente;Céu Claro;Dupla;Declive;Sim;1;0;1;0;0;0;1;1;-7,1268;-34,9412;SPRF-PB;DEL01-PB;UOP03-DEL01-PB
587537;15/03/2024;sexta-feira;21:20:00;PR;369;91;CORNELIO PROCOPIO;Desrespeitar a preferência no cruzamento;Colisão transversal;Com Vítimas Feridas;Plena Noite;Crescente;Céu Claro;Simples;Interseção de Vias;Sim;2;0;1;0;0;1;1;2;-23,19886729;-50,65406442;SPRF-PR;DEL07-PR;UOP05-DEL07-PR
587538;15/03/2024;sexta-feira;21:45:00;MS;158;268;TRES LAGOAS;Condutor deixou de manter distância do veículo da frente;Colisão traseira;Com Vítimas Feridas;Plena Noite;Decrescente;Céu Claro;Simples;Reta;Sim;2;0;1;0;0;1;1;2;-20,76319918;-51,6886941;SPRF-MS;DEL07-MS;UOP01-DEL07-MS
587540;15/03/2024;sexta-feira;22:30:00;CE;116;23;EUSEBIO;Pista Escorregadia;Queda de ocupante de veículo;Com Vítimas Feridas;Plena Noite;Crescente;Nublado;Dupla;Retorno Regulamentado;Sim;1;0;1;0;0;0;1;1;-3,94905489;-38,51212845;SPRF-CE;DEL01-CE;UOP02-DEL01-CE
587541;15/03/2024;sexta-feira;21:45:00;RJ;101;450;MANGARATIBA;Animais na Pista;Atropelamento de Animal;Com Vítimas Feridas;Plena Noite;Decrescente;Céu Claro;Simples;Curva;Não;1;0;0;1;0;0;1;1;-23,02288754;-44,11624415;SPRF-RJ;DEL03-RJ;UOP02-DEL03-RJ
587542;15/03/2024;sexta-feira;21:40:00;PR;376;50;NOVA LONDRINA;Pista esburacada;Tombamento;Com Vítimas Feridas;Plena Noite;Decrescente;Céu Claro;Simples;Reta;Não;2;0;2;0;0;0;2;1;-22,89538724;-52,91616517;SPRF-PR;DEL09-PR;UOP02-DEL09-PR
587544;15/03/2024;sexta-feira;20:20:00;AL;104;88,5;RIO LARGO;Ingestão de álcool pelo condutor;Colisão traseira;Com Vítimas Fatais;Plena Noite;Decrescente;Nublado;Dupla;Reta;Sim;4;1;1;1;0;1;2;4;-9,48375193;-35,81815581;SPRF-AL;DEL01-AL;UOP01-DEL01-AL
587545;15/03/2024;sexta-feira;20:35:00;AL;104;89,1;RIO LARGO;Ingestão de álcool pelo condutor;Colisão traseira;Com Vítimas Feridas;Plena Noite;Crescente;Céu Claro;Dupla;Reta;Não;2;0;0;1;0;1;1;2;-9,50059087;-35,81127569;SPRF-AL;DEL01-AL;UOP01-DEL01-AL
587546;15/03/2024;sexta-feira;23:01:00;MG;381;489,6;BETIM;Reação tardia ou ineficiente do condutor;Queda de ocupante de veículo;Com Vítimas Feridas;Plena Noite;Decrescente;Céu Claro;Múltipla;Reta;Sim;2;0;1;1;0;0;2;1;-19,96245618;-44,16455495;SPRF-MG;DEL01-MG;UOP03-DEL01-MG
587547;15/03/2024;sexta-feira;23:20:00;GO;153;437;ANAPOLIS;Ausência de reação do condutor;Tombamento;Com Vítimas Feridas;Plena Noite;Decrescente;Céu Claro;Dupla;Reta;Sim;1;0;1;0;0;0;1;1;-16,286884;-48,942978;SPRF-GO;DEL02-GO;UOP01-DEL02-GO
587549;15/03/2024;sexta-feira;22:40:00;SC;101;252,5;PAULO LOPES;Acesso irregular;Colisão transversal;Com Vítimas Feridas;Plena Noite;Crescente;Céu Claro;Dupla;Reta;Sim;3;0;0;1;2;0;1;2;-27,95672412;-48,6767588;SPRF-SC;DEL02-SC;UOP03-DEL02-SC
587550;15/03/2024;sexta-feira;18:10:00;RS;470;257;SALVADOR DO SUL;Conversão proibida;Colisão traseira;Com Vítimas Feridas;Pleno dia;Decrescente;Nublado;Simples;Reta;Sim;2;0;1;0;1;0;1;2;-29,44071;-51,50798;SPRF-RS;DEL06-RS;UOP01-DEL06-RS
587551;15/03/2024;sexta-feira;20:20:00;RS;470;175;VERANOPOLIS;Acessar a via sem observar a presença dos outros veículos;Atropelamento de Pedestre;Com Vítimas Feridas;Plena Noite;Crescente;Nublado;Simples;"Interseção de Vias;Reta";Sim;2;0;1;0;1;0;1;2;-28,91926201;-51,53914905;SPRF-RS;DEL06-RS;UOP02-DEL06-RS
587552;15/03/2024;sexta-feira;21:10:00;PR;153;376;MALLET;Ausência de reação do condutor;Saída de leito carroçável;Sem Vítimas;Plena Noite;Crescente;Céu Claro;Simples;"Aclive;Reta";Não;1;0;0;0;1;0;0;1;-25,77257801;-50,84657489;SPRF-PR;DEL08-PR;UOP02-DEL08-PR
587553;15/03/2024;sexta-feira;20:45:00;RS;470;194;BENTO GONCALVES;Reação tardia ou ineficiente do condutor;Colisão frontal;Com Vítimas Feridas;Plena Noite;Crescente;Céu Claro;Simples;Curva;Não;3;0;1;0;2;0;1;3;-29,05030203;-51,57387285;SPRF-RS;DEL06-RS;UOP02-DEL06-RS
587554;15/03/2024;sexta-feira;23:30:00;SC;101;213,1;PALHOCA;Demais falhas mecânicas ou elétricas;Incêndio;Com Vítimas Feridas;Plena Noite;Crescente;Céu Claro;Múltipla;Reta;Sim;2;0;1;0;1;0;1;1;-27,63697369;-48,66514142;SPRF-SC;DEL01-SC;UOP02-DEL01-SC
587555;15/03/2024;sexta-feira;23:50:00;SC;101;212,9;PALHOCA;Condutor deixou de manter distância do veículo da frente;Colisão traseira;Com Vítimas Feridas;Plena Noite;Decrescente;Céu Claro;Dupla;Declive;Sim;3;0;0;1;2;0;1;2;-27,62996929;-48,65903871;SPRF-SC;DEL01-SC;UOP02-DEL01-SC
587557;15/03/2024;sexta-feira;23:00:00;SP;116;151;SAO JOSE DOS CAMPOS;Ausência de reação do condutor;Colisão com objeto;Sem Vítimas;Plena Noite;Decrescente;Céu Claro;Dupla;Reta;Sim;1;0;0;0;0;1;0;1;-23,21980694;-45,89991605;SPRF-SP;DEL02-SP;UOP01-DEL02-SP
587558;15/03/2024;sexta-feira;22:45:00;SC;101;215,4;PALHOCA;Ausência de reação do condutor;Queda de ocupante de veículo;Com Vítimas Feridas;Plena Noite;Crescente;Céu Claro;Dupla;Reta;Não;1;0;0;1;0;0;1;1;-27,65184843;-48,67604941;SPRF-SC;DEL01-SC;UOP02-DEL01-SC
587559;15/03/2024;sexta-feira;22:20:00;MS;158;266;TRES LAGOAS;Ingestão de álcool pelo condutor;Saída de leito carroçável;Sem Vítimas;Plena Noite;Crescente;Céu Claro;Simples;Reta;Não;1;0;0;0;1;0;0;1;-20,75394198;-51,70516399;SPRF-MS;DEL07-MS;UOP01-DEL07-MS
587560;16/03/2024;sábado;00:10:00;SC;280;29;ARAQUARI;Ingestão de álcool pelo condutor;Colisão com objeto;Com Vítimas Feridas;Plena Noite;Decrescente;Céu Claro;Simples;Reta;Sim;3;0;2;1;0;0;3;1;-26,41066264;-48,75295628;SPRF-SC;DEL03-SC;UOP03-DEL03-SC
587561;16/03/2024;sábado;00:00:00;MS;463;2;DOURADOS;Velocidade Incompatível;Saída de leito carroçável;Sem Vítimas;Plena Noite;Crescente;Céu Claro;Simples;"Reta;Em Obras";Sim;1;0;0;0;0;1;0;1;-22,2591541;-54,823354;SPRF-MS;DEL04-MS;UOP01-DEL04-MS
587562;15/03/2024;sexta-feira;23:01:00;MT;364;498,3;JANGADA;Acessar a via sem observar a presença dos outros veículos;Colisão transversal;Com Vítimas Feridas;Plena Noite;Decrescente;Céu Claro;Simples;Reta;Não;2;0;1;0;1;0;1;2;-15,26383164;-56,45548663;SPRF-MT;DEL01-MT;UOP01-DEL01-MT
587563;15/03/2024;sexta-feira;23:45:00;RJ;101;573,9;PARATY;Reação tardia ou ineficiente do condutor;Colisão frontal;Com Vítimas Feridas;Plena Noite;Crescente;Céu Claro;Simples;Reta;Não;6;0;5;1;0;0;6;2;-23,20276908;-44,72989482;SPRF-RJ;DEL03-RJ;UOP04-DEL03-RJ
587564;16/03/2024;sábado;00:30:00;PE;428;188,5;PETROLINA;Condutor desrespeitou a iluminação vermelha do semáforo;Colisão transversal;Com Vítimas Feridas;Plena Noite;Crescente;Céu Claro;Dupla;Retorno Regulamentado;Sim;2;0;0;1;1;0;1;2;-9,36400596;-40,48266808;SPRF-PE;DEL06-PE;UOP01-DEL06-PE
587565;16/03/2024;sábado;01:35:00;ES;101;97,7;JAGUARE;Ingestão de álcool pelo condutor;Colisão traseira;Com Vítimas Feridas;Plena Noite;Crescente;Céu Claro;Simples;Reta;Não;2;0;1;0;1;0;1;2;-18,96518378;-39,98828357;SPRF-ES;DEL04-ES;UOP02-DEL04-ES
587568;16/03/2024;sábado;01:14:00;GO;70;9;AGUAS LINDAS DE GOIAS;Reação tardia ou ineficiente do condutor;Colisão lateral mesmo sentido;Com Vítimas Feridas;Plena Noite;Crescente;Céu Claro;Dupla;Retorno Regulamentado;Sim;1;0;0;1;0;0;1;1;-15,73576731;-48,28288046;SPRF-DF;DEL03-DF;UOP02-DEL03-DF
587569;16/03/2024;sábado;01:45:00;RS;116;477;SAO LOURENCO DO SUL;Condutor Dormindo;Saída de leito carroçável;Com Vítimas Feridas;Plena Noite;Decrescente;Nevoeiro/Neblina;Simples;Reta;Não;1;0;1;0;0;0;1;1;-31,38161704;-52,12712598;SPRF-RS;DEL07-RS;UOP01-DEL07-RS
587572;16/03/2024;sábado;01:46:00;PE;101;60,3;RECIFE;Transitar na contramão;Colisão frontal;Sem Vítimas;Plena Noite;Crescente;Chuva;Múltipla;Interseção de Vias;Sim;2;0;0;0;2;0;0;2;-7,98344307;-34,93176727;SPRF-PE;DEL01-PE;UOP02-DEL01-PE
587573;16/03/2024;sábado;01:46:00;MT;70;7;BARRA DO GARCAS;Velocidade Incompatível;Saída de leito carroçável;Com Vítimas Feridas;Plena Noite;Decrescente;Céu Claro;Simples;Curva;Sim;2;0;0;2;0;0;2;1;-15,87818521;-52,31306076;SPRF-MT;DEL07-MT;UOP01-DEL07-MT
587576;15/03/2024;sexta-feira;16:30:00;RO;435;85;COLORADO DO OESTE;Reação tardia ou ineficiente do condutor;Atropelamento de Pedestre;Com Vítimas Feridas;Pleno dia;Crescente;Céu Claro;Dupla;Reta;Sim;2;0;1;0;0;1;1;2;-13,12070205;-60,54365873;SPRF-RO;DEL04-RO;UOP02-DEL04-RO
587577;16/03/2024;sábado;03:00:00;RS;153;6,1;MARCELINO RAMOS;Ingestão de álcool pelo condutor;Saída de leito carroçável;Com Vítimas Feridas;Plena Noite;Decrescente;Céu Claro;Simples;Curva;Não;1;0;1;0;0;0;1;1;-27,41363626;-52,02329865;SPRF-RS;DEL08-RS;UOP04-DEL08-RS
587578;15/03/2024;sexta-feira;19:25:00;RJ;101;297;ITABORAI;Trafegar com motocicleta (ou similar) entre as faixas;Colisão lateral mesmo sentido;Com Vítimas Feridas;Plena Noite;Crescente;Céu Claro;Dupla;Viaduto;Sim;2;0;1;0;1;0;1;2;-22,76942037;-42,91873581;SPRF-RJ;DEL02-RJ;UOP02-DEL02-RJ
587579;16/03/2024;sábado;04:40:00;SC;280;124,7;RIO NEGRINHO;Ingestão de álcool pelo condutor;Colisão lateral mesmo sentido;Com Vítimas Feridas;Plena Noite;Decrescente;Céu Claro;Simples;Reta;Não;2;0;0;1;1;0;1;2;-26,24130297;-49,47514499;SPRF-SC;DEL06-SC;UOP03-DEL06-SC
587580;16/03/2024;sábado;05:10:00;SC;470;53,7;BLUMENAU;Ingestão de álcool pelo condutor;Colisão frontal;Com Vítimas Feridas;Plena Noite;Decrescente;Nublado;Simples;Curva;Sim;3;0;1;1;1;0;2;2;-26,87107998;-49,10776419;SPRF-SC;DEL04-SC;UOP01-DEL04-SC
587581;16/03/2024;sábado;04:30:00;SC;101;216,3;PALHOCA;Condutor Dormindo;Colisão com objeto;Sem Vítimas;Plena Noite;Crescente;Céu Claro;Múltipla;"Viaduto;Reta";Sim;1;0;0;0;1;0;0;1;-27,66400631;-48,67560267;SPRF-SC;DEL01-SC;UOP02-DEL01-SC
587583;16/03/2024;sábado;05:25:00;SP;116;219;GUARULHOS;Ausência de reação do condutor;Colisão lateral mesmo sentido;Com Vítimas Feridas;Amanhecer;Crescente;Céu Claro;Múltipla;"Reta;Interseção de Vias";Sim;2;0;1;0;0;1;1;2;-23,464256;-46,498075;SPRF-SP;DEL01-SP;UOP01-DEL01-SP
587585;16/03/2024;sábado;05:40:00;RN;101;85;NATAL;Transitar na contramão;Colisão transversal;Com Vítimas Feridas;Pleno dia;Crescente;Céu Claro;Simples;Reta;Sim;3;0;2;0;0;1;2;2;-5,777664;-35,24937;SPRF-RN;DEL02-RN;UOP01-DEL02-RN
587587;16/03/2024;sábado;02:00:00;BA;116;670;JEQUIE;Iluminação deficiente;Queda de ocupante de veículo;Com Vítimas Feridas;Plena Noite;Decrescente;Céu Claro;Simples;Reta;Não;1;0;1;0;0;0;1;1;-13,78272786;-40,10685828;SPRF-BA;DEL03-BA;UOP01-DEL03-BA
587588;16/03/2024;sábado;03:50:00;RO;319;63;PORTO VELHO;Acessar a via sem observar a presença dos outros veículos;Colisão transversal;Com Vítimas Feridas;Plena Noite;Crescente;Nublado;Dupla;Reta;Sim;2;0;0;1;1;0;1;2;-8,766685;-63,884052;SPRF-RO;DEL01-RO;UOP01-DEL01-RO
587589;16/03/2024;sábado;06:30:00;TO;153;245;COLINAS DO TOCANTINS;Ausência de reação do condutor;Colisão com objeto;Com Vítimas Feridas;Pleno dia;Crescente;Céu Claro;Dupla;Reta;Sim;4;0;0;4;0;0;4;1;-8,038621;-48,466015;SPRF-TO;DEL02-TO;UOP02-DEL02-TO
587590;16/03/2024;sábado;04:40:00;PB;230;260,9;JUNCO DO SERIDO;Animais na Pista;Atropelamento de Animal;Com Vítimas Feridas;Amanhecer;Decrescente;Céu Claro;Simples;Reta;Sim;1;0;1;0;0;0;1;1;-6,990158;-36,717113;SPRF-PB;DEL03-PB;UOP01-DEL03-PB
587591;15/03/2024;sexta-feira;21:45:00;SC;282;506,6;XANXERE;Ingestão de álcool pelo condutor;Saída de leito carroçável;Sem Vítimas;Plena Noite;Crescente;Nublado;Dupla;Reta;Sim;1;0;0;0;1;0;0;1;-26,885712;-52,42907;SPRF-SC;DEL07-SC;UOP01-DEL07-SC
587592;16/03/2024;sábado;01:00:00;MG;116;557;MANHUACU;Demais falhas mecânicas ou elétricas;Incêndio;Sem Vítimas;Plena Noite;Crescente;Céu Claro;Simples;Reta;Não;1;0;0;0;0;1;0;1;-20,01148644;-42,16007099;SPRF-MG;DEL06-MG;UOP03-DEL06-MG
587593;16/03/2024;sábado;02:38:00;PI;316;309;PICOS;Condutor Dormindo;Colisão com objeto;Com Vítimas Feridas;Plena Noite;Decrescente;Céu Claro;Dupla;Reta;Sim;1;0;0;1;0;0;1;1;-7,07778744;-41,48370094;SPRF-PI;DEL04-PI;UOP01-DEL04-PI
587594;16/03/2024;sábado;05:30:00;MG;40;697,3;BARBACENA;Ausência de reação do condutor;Colisão com objeto;Sem Vítimas;Plena Noite;Decrescente;Nublado;Dupla;Reta;Não;1;0;0;0;0;1;0;1;-21,18218793;-43,75430888;SPRF-MG;DEL05-MG;UOP02-DEL05-MG
587595;16/03/2024;sábado;06:10:00;RS;116;129,4;SAO MARCOS;Reação tardia ou ineficiente do condutor;Colisão com objeto;Sem Vítimas;Amanhecer;Decrescente;Nublado;Simples;"Curva;Aclive";Não;1;0;0;0;1;0;0;1;-29,03661379;-51,10112013;SPRF-RS;DEL05-RS;UOP01-DEL05-RS
587596;16/03/2024;sábado;04:20:00;SC;153;64,8;IRANI;Acessar a via sem observar a presença dos outros veículos;Colisão transversal;Com Vítimas Feridas;Plena Noite;Decrescente;Céu Claro;Simples;Reta;Sim;3;0;3;0;0;0;3;2;-27,01614172;-51,8817544;SPRF-SC;DEL07-SC;UOP04-DEL07-SC
587597;16/03/2024;sábado;06:00:00;PR;277;26,6;MORRETES;Condutor Dormindo;Saída de leito carroçável;Com Vítimas Feridas;Amanhecer;Crescente;Nublado;Dupla;Reta;Não;1;0;1;0;0;0;1;1;-25,53270001;-48,716296;SPRF-PR;DEL01-PR;UOP05-DEL01-PR
587598;16/03/2024;sábado;07:20:00;RJ;116;183;NOVA IGUACU;Ingestão de álcool pelo condutor;Colisão com objeto;Com Vítimas Feridas;Pleno dia;Decrescente;Céu Claro;Dupla;Reta;Não;2;0;0;1;0;1;1;1;-22,7516014;-43,43849831;SPRF-RJ;DEL06-RJ;UOP01-DEL06-RJ
587599;04/03/2024;segunda-feira;08:20:00;PE;101;72;RECIFE;Transitar no Acostamento;Colisão lateral mesmo sentido;Com Vítimas Feridas;Pleno dia;Crescente;Céu Claro;Dupla;Reta;Sim;3;0;1;0;2;0;1;2;-8,08732615;-34,94675875;SPRF-PE;DEL01-PE;UOP01-DEL01-PE
587600;15/03/2024;sexta-feira;23:21:00;SC;280;22,2;ARAQUARI;Acessar a via sem observar a presença dos outros veículos;Colisão frontal;Com Vítimas Feridas;Plena Noite;Crescente;Céu Claro;Simples;Reta;Não;2;0;2;0;0;0;2;2;-26,37092616;-48,70204099;SPRF-SC;DEL03-SC;UOP03-DEL03-SC
587604;15/03/2024;sexta-feira;22:25:00;MT;70;668;CACERES;Animais na Pista;Atropelamento de Animal;Sem Vítimas;Plena Noite;Crescente;Céu Claro;Simples;Reta;Não;1;0;0;0;1;0;0;1;-16,03596274;-57,2517562;SPRF-MT;DEL03-MT;UOP02-DEL03-MT
587606;16/03/2024;sábado;05:50:00;RO;364;199,2;PIMENTA BUENO;Ingestão de álcool pelo condutor;Colisão lateral sentido oposto;Com Vítimas Feridas;Pleno dia;Crescente;Céu Claro;Simples;Aclive;Sim;2;0;1;0;1;0;1;2;-11,661617;-61,191055;SPRF-RO;DEL02-RO;UOP02-DEL02-RO
587607;16/03/2024;sábado;06:45:00;PR;369;173;ROLANDIA;Condutor desrespeitou a iluminação vermelha do semáforo;Colisão transversal;Com Vítimas Feridas;Pleno dia;Crescente;Céu Claro;Dupla;Interseção de Vias;Sim;2;0;0;1;1;0;1;2;-23,352639;-51,389788;SPRF-PR;DEL07-PR;UOP01-DEL07-PR
587608;16/03/2024;sábado;06:00:00;PR;376;307,6;MAUA DA SERRA;Reação tardia ou ineficiente do condutor;Saída de leito carroçável;Com Vítimas Feridas;Amanhecer;Decrescente;Céu Claro;Dupla;"Curva;Declive";Não;4;0;2;1;1;0;3;1;-23,9743171;-51,1035821;SPRF-PR;DEL07-PR;UOP02-DEL07-PR
587610;16/03/2024;sábado;05:20:00;MG;116;540,6;SANTA RITA DE MINAS;Ingestão de álcool pelo condutor;Colisão frontal;Com Vítimas Fatais;Amanhecer;Decrescente;Céu Claro;Simples;Curva;Não;5;1;2;0;0;2;2;3;-19,886814;-42,13777186;SPRF-MG;DEL06-MG;UOP02-DEL06-MG
587612;16/03/2024;sábado;07:53:00;TO;10;454;PALMAS;Chuva;Queda de ocupante de veículo;Com Vítimas Feridas;Pleno dia;Crescente;Chuva;Múltipla;Reta;Sim;2;0;0;1;1;0;1;1;-10,22066983;-48,16302307;SPRF-TO;DEL01-TO;UOP03-DEL01-TO
587615;16/03/2024;sábado;04:00:00;RO;435;82;COLORADO DO OESTE;Entrada inopinada do pedestre;Atropelamento de Pedestre;Com Vítimas Feridas;Amanhecer;Decrescente;Céu Claro;Simples;Declive;Não;3;0;3;0;0;0;3;2;-13,11453938;-60,50579894;SPRF-RO;DEL04-RO;UOP02-DEL04-RO
587618;16/03/2024;sábado;07:00:00;RJ;116;172,8;SAO JOAO DE MERITI;Condutor Dormindo;Colisão com objeto;Sem Vítimas;Pleno dia;Decrescente;Céu Claro;Dupla;Reta;Não;1;0;0;0;1;0;0;1;-22,80188151;-43,35043673;SPRF-RJ;DEL06-RJ;UOP01-DEL06-RJ
587620;16/03/2024;sábado;04:00:00;SP;116;46;CANAS;Ausência de reação do condutor;Colisão frontal;Com Vítimas Fatais;Plena Noite;Decrescente;Céu Claro;Múltipla;Reta;Não;3;1;0;1;1;0;1;2;-22,71393589;-45,05335608;SPRF-SP;DEL08-SP;UOP02-DEL08-SP
587621;23/02/2024;sexta-feira;07:07:00;SC;280;46,8;GUARAMIRIM;Acessar a via sem observar a presença dos outros veículos;Colisão transversal;Com Vítimas Feridas;Pleno dia;Crescente;Céu Claro;Simples;"Interseção de Vias;Reta;Aclive";Não;2;0;0;1;1;0;1;2;-26,45313073;-48,91017795;SPRF-SC;DEL03-SC;UOP03-DEL03-SC
587622;16/03/2024;sábado;08:30:00;RJ;116;119;MAGE;Pedestre cruzava a pista fora da faixa;Atropelamento de Pedestre;Com Vítimas Feridas;Pleno dia;Decrescente;Céu Claro;Dupla;Reta;Não;2;0;1;0;1;0;1;2;-22,61573088;-43,03749507;SPRF-RJ;DEL04-RJ;UOP02-DEL04-RJ
587623;16/03/2024;sábado;08:35:00;PE;101;69;RECIFE;Acessar a via sem observar a presença dos outros veículos;Colisão transversal;Com Vítimas Feridas;Pleno dia;Crescente;Céu Claro;Dupla;Interseção de Vias;Sim;2;0;1;1;0;0;2;2;-8,059495;-34,946124;SPRF-PE;DEL01-PE;UOP01-DEL01-PE