id;data_inversa;dia_semana;horario;uf;br;km;municipio;causa_acidente;tipo_acidente;classificacao_acidente;fase_dia;sentido_via;condicao_metereologica;tipo_pista;tracado_via;uso_solo;pessoas;mortos;feridos_leves;feridos_graves;ilesos;ignorados;feridos;veiculos;latitude;longitude;regional;delegacia;uop
587625;16/03/2024;sábado;08:30:00;SP;116;96,1;PINDAMONHANGABA;Condutor deixou de manter distância do veículo da frente;Colisão traseira;Com Vítimas Feridas;Pleno dia;Crescente;Céu Claro;Dupla;Reta;Não;2;0;1;0;1;0;1;2;-22,96945055;-45,43869623;SPRF-SP;DEL08-SP;UOP01-DEL08-SP
587626;16/03/2024;sábado;09:00:00;SC;101;145;ITAPEMA;Reação tardia ou ineficiente do condutor;Tombamento;Com Vítimas Feridas;Pleno dia;Crescente;Céu Claro;Dupla;Reta;Não;1;0;1;0;0;0;1;1;-27,08267498;-48,60274315;SPRF-SC;DEL04-SC;UOP03-DEL04-SC
587627;16/03/2024;sábado;08:50:00;SC;101;145;ITAPEMA;Condutor deixou de manter distância do veículo da frente;Colisão traseira;Com Vítimas Feridas;Pleno dia;Crescente;Céu Claro;Dupla;Reta;Sim;3;0;1;0;2;0;1;2;-27,08139206;-48,60130993;SPRF-SC;DEL04-SC;UOP03-DEL04-SC
587628;16/03/2024;sábado;09:15:00;SC;101;34;JOINVILLE;Demais falhas mecânicas ou elétricas;Tombamento;Com Vítimas Feridas;Pleno dia;Decrescente;Nublado;Dupla;Reta;Não;2;0;2;0;0;0;2;1;-26,23667403;-48,91486706;SPRF-SC;DEL03-SC;UOP01-DEL03-SC
587629;16/03/2024;sábado;07:50:00;BA;367;29;PORTO SEGURO;Desrespeitar a preferência no cruzamento;Colisão transversal;Com Vítimas Feridas;Pleno dia;Crescente;Céu Claro;Simples;Rotatória;Sim;2;0;0;1;1;0;1;2;-16,41635076;-39,11793376;SPRF-BA;DEL09-BA;UOP03-DEL09-BA
587631;16/03/2024;sábado;07:40:00;SC;470;138,9;RIO DO SUL;Acessar a via sem observar a presença dos outros veículos;Colisão lateral mesmo sentido;Com Vítimas Feridas;Pleno dia;Crescente;Céu Claro;Simples;"Retorno Regulamentado;Reta";Sim;3;0;2;0;1;0;2;2;-27,207214;-49,648476;SPRF-SC;DEL04-SC;UOP02-DEL04-SC
587632;16/03/2024;sábado;08:52:00;PI;135;351,3;BOM JESUS;Acessar a via sem observar a presença dos outros veículos;Colisão transversal;Com Vítimas Feridas;Pleno dia;Crescente;Céu Claro;Dupla;"Retorno Regulamentado;Aclive;Interseção de Vias;Reta";Sim;2;0;0;1;1;0;1;2;-9,07627817;-44,34586005;SPRF-PI;DEL03-PI;UOP02-DEL03-PI
587634;16/03/2024;sábado;06:30:00;PI;316;10;TERESINA;Reação tardia ou ineficiente do condutor;Tombamento;Com Vítimas Feridas;Pleno dia;Decrescente;Nublado;Dupla;Reta;Sim;1;0;1;0;0;0;1;1;-5,18280197;-42,76350291;SPRF-PI;DEL01-PI;UOP02-DEL01-PI
587635;16/03/2024;sábado;09:00:00;SP;116;224,4;GUARULHOS;Ausência de reação do condutor;Colisão traseira;Com Vítimas Feridas;Pleno dia;Crescente;Nublado;Múltipla;Reta;Não;2;0;1;0;1;0;1;2;-23,48071896;-46,53271603;SPRF-SP;DEL01-SP;UOP01-DEL01-SP
587636;16/03/2024;sábado;07:15:00;AL;101;111;PILAR;Ausência de reação do condutor;Colisão traseira;Com Vítimas Feridas;Pleno dia;Crescente;Céu Claro;Dupla;Reta;Não;2;0;1;0;1;0;1;2;-9,6190292;-36,02931976;SPRF-AL;DEL02-AL;UOP01-DEL02-AL
587638;08/01/2024;segunda-feira;09:25:00;RS;116;530;CAPAO DO LEAO;Desrespeitar a preferência no cruzamento;Colisão transversal;Com Vítimas Feridas;Pleno dia;Crescente;Céu Claro;Simples;Interseção de Vias;Não;3;0;2;0;1;0;2;2;-31,7590834;-52,43687971;SPRF-RS;DEL07-RS;UOP01-DEL07-RS
587639;16/03/2024;sábado;09:30:00;MS;262;27,5;TRES LAGOAS;Transitar na contramão;Colisão frontal;Com Vítimas Fatais;Pleno dia;Decrescente;Sol;Simples;"Reta;Declive";Não;2;1;0;1;0;0;1;2;-20,80722;-51,848643;SPRF-MS;DEL07-MS;UOP01-DEL07-MS
587641;16/03/2024;sábado;09:02:00;SC;470;65,8;INDAIAL;Desrespeitar a preferência no cruzamento;Colisão traseira;Com Vítimas Feridas;Pleno dia;Decrescente;Nublado;Múltipla;"Em Obras;Aclive;Rotatória;Reta";Sim;2;0;1;0;0;1;1;2;-26,87046542;-49,22123021;SPRF-SC;DEL04-SC;UOP01-DEL04-SC
587642;16/03/2024;sábado;09:55:00;PE;104;58;CARUARU;Reação tardia ou ineficiente do condutor;Queda de ocupante de veículo;Com Vítimas Feridas;Pleno dia;Decrescente;Céu Claro;Dupla;Retorno Regulamentado;Sim;1;0;1;0;0;0;1;1;-8,2265;-35,9779;SPRF-PE;DEL02-PE;UOP01-DEL02-PE
587644;16/03/2024;sábado;07:20:00;RJ;101;312,4;SAO GONCALO;Ausência de reação do condutor;Queda de ocupante de veículo;Sem Vítimas;Pleno dia;Crescente;Céu Claro;Dupla;Reta;Sim;1;0;0;0;1;0;0;1;-22,80546555;-43,06156967;SPRF-RJ;DEL02-RJ;UOP02-DEL02-RJ
587645;16/03/2024;sábado;10:10:00;MG;116;702,2;MURIAE;Acesso irregular;Colisão transversal;Com Vítimas Feridas;Pleno dia;Decrescente;Céu Claro;Simples;Reta;Sim;2;0;1;0;1;0;1;2;-21,125355;-42,382186;SPRF-MG;DEL07-MG;UOP02-DEL07-MG
587646;16/03/2024;sábado;10:13:00;RS;116;145,9;CAXIAS DO SUL;Condutor deixou de manter distância do veículo da frente;Colisão traseira;Com Vítimas Feridas;Pleno dia;Crescente;Céu Claro;Dupla;Reta;Sim;2;0;1;0;1;0;1;2;-29,1350217;-51,1302779;SPRF-RS;DEL05-RS;UOP01-DEL05-RS
587647;16/03/2024;sábado;09:50:00;RJ;101;488;PARATY;Condutor deixou de manter distância do veículo da frente;Colisão traseira;Sem Vítimas;Pleno dia;Crescente;Céu Claro;Simples;Reta;Não;4;0;0;0;4;0;0;2;-23,31637545;-44,71956432;SPRF-RJ;DEL03-RJ;UOP03-DEL03-RJ
587648;16/03/2024;sábado;11:00:00;MG;50;56;UBERLANDIA;Demais falhas mecânicas ou elétricas;Tombamento;Com Vítimas Feridas;Pleno dia;Crescente;Céu Claro;Dupla;"Reta;Aclive";Não;2;0;2;0;0;0;2;1;-18,78116115;-48,23825717;SPRF-MG;DEL15-MG;UOP02-DEL15-MG
587649;16/03/2024;sábado;10:45:00;SC;101;206,3;SAO JOSE;Reação tardia ou ineficiente do condutor;Colisão lateral mesmo sentido;Com Vítimas Feridas;Pleno dia;Crescente;Céu Claro;Dupla;Reta;Não;2;0;1;0;1;0;1;2;-27,59193546;-48,61824557;SPRF-SC;DEL01-SC;UOP01-DEL01-SC
587650;16/03/2024;sábado;11:20:00;SC;280;30;ARAQUARI;Acesso irregular;Colisão transversal;Com Vítimas Feridas;Pleno dia;Crescente;Céu Claro;Simples;Reta;Sim;2;0;1;0;1;0;1;2;-26,4141523;-48,76209493;SPRF-SC;DEL03-SC;UOP03-DEL03-SC
587651;16/03/2024;sábado;10:30:00;PE;101;74,4;RECIFE;Reação tardia ou ineficiente do condutor;Saída de leito carroçável;Sem Vítimas;Pleno dia;Crescente;Céu Claro;Dupla;Reta;Sim;1;0;0;0;0;1;0;1;-8,104496;-34,948588;SPRF-PE;DEL01-PE;UOP01-DEL01-PE
587652;16/03/2024;sábado;11:00:00;PB;230;163,9;CAMPINA GRANDE;Acessar a via sem observar a presença dos outros veículos;Colisão transversal;Com Vítimas Feridas;Pleno dia;Crescente;Sol;Simples;"Reta;Interseção de Vias;Declive";Não;2;0;1;0;1;0;1;2;-7,2198;-35,9443;SPRF-PB;DEL02-PB;UOP01-DEL02-PB
587653;16/03/2024;sábado;10:30:00;RJ;393;255;BARRA DO PIRAI;Pedestre cruzava a pista fora da faixa;Atropelamento de Pedestre;Com Vítimas Feridas;Pleno dia;Decrescente;Céu Claro;Simples;Reta;Sim;2;0;0;1;1;0;1;2;-22,45028541;-43,7987758;SPRF-RJ;DEL05-RJ;UOP04-DEL05-RJ
587654;16/03/2024;sábado;11:30:00;PR;277;323;GUARAPUAVA;Transitar na contramão;Colisão lateral sentido oposto;Sem Vítimas;Pleno dia;Crescente;Céu Claro;Simples;Reta;Não;2;0;0;0;2;0;0;2;-25,373132;-51,305527;SPRF-PR;DEL08-PR;UOP01-DEL08-PR
587655;16/03/2024;sábado;10:00:00;TO;242;422;CARIRI DO TOCANTINS;Ingestão de álcool pelo condutor;Saída de leito carroçável;Com Vítimas Fatais;Pleno dia;Crescente;Céu Claro;Simples;Reta;Não;1;1;0;0;0;0;0;1;-11,93028018;-49,29724405;SPRF-TO;DEL01-TO;UOP02-DEL01-TO
587656;16/03/2024;sábado;11:10:00;TO;10;463;PALMAS;Acesso irregular;Colisão transversal;Com Vítimas Feridas;Pleno dia;Crescente;Chuva;Simples;Reta;Sim;3;0;0;1;2;0;1;2;-10,15618788;-48,16564032;SPRF-TO;DEL01-TO;UOP03-DEL01-TO
587657;16/03/2024;sábado;10:10:00;MG;40;738,4;SANTOS DUMONT;Reação tardia ou ineficiente do condutor;Colisão com objeto;Sem Vítimas;Pleno dia;Decrescente;Céu Claro;Simples;"Curva;Aclive";Não;3;0;0;0;3;0;0;1;-21,38880304;-43,56910622;SPRF-MG;DEL05-MG;UOP01-DEL05-MG
587659;16/03/2024;sábado;10:00:00;SC;101;216;PALHOCA;Reação tardia ou ineficiente do condutor;Colisão traseira;Com Vítimas Feridas;Pleno dia;Crescente;Céu Claro;Múltipla;"Reta;Declive";Sim;3;0;2;0;1;0;2;2;-27,65981409;-48,67747798;SPRF-SC;DEL01-SC;UOP02-DEL01-SC
587661;16/03/2024;sábado;12:25:00;RS;290;700;URUGUAIANA;Acumulo de água sobre o pavimento;Saída de leito carroçável;Com Vítimas Feridas;Pleno dia;Crescente;Chuva;Simples;Reta;Não;1;0;1;0;0;0;1;1;-29,862398;-56,894096;SPRF-RS;DEL13-RS;UOP01-DEL13-RS
587662;16/03/2024;sábado;10:00:00;CE;20;390,4;CAUCAIA;Manobra de mudança de faixa;Colisão frontal;Com Vítimas Feridas;Pleno dia;Crescente;Chuva;Simples;Reta;Não;3;0;3;0;0;0;3;2;-3,85470388;-38,7862261;SPRF-CE;DEL01-CE;UOP01-DEL01-CE
587663;16/03/2024;sábado;12:51:00;DF;20;19;BRASILIA;Condutor deixou de manter distância do veículo da frente;Engavetamento;Sem Vítimas;Pleno dia;Crescente;Céu Claro;Dupla;"Aclive;Reta";Sim;3;0;0;0;3;0;0;3;-15,612175;-47,700928;SPRF-DF;DEL02-DF;UOP01-DEL02-DF
587664;16/03/2024;sábado;13:10:00;SC;101;197;BIGUACU;Ingestão de álcool pelo condutor;Colisão traseira;Com Vítimas Feridas;Pleno dia;Crescente;Céu Claro;Múltipla;Reta;Não;2;0;1;0;1;0;1;2;-27,51844497;-48,63848496;SPRF-SC;DEL01-SC;UOP01-DEL01-SC
587665;16/03/2024;sábado;12:50:00;SP;116;115;TAUBATE;Ausência de reação do condutor;Colisão com objeto;Com Vítimas Feridas;Pleno dia;Decrescente;Céu Claro;Múltipla;Reta;Sim;1;0;1;0;0;0;1;1;-23,0496047;-45,59973712;SPRF-SP;DEL02-SP;UOP02-DEL02-SP
587667;16/03/2024;sábado;12:30:00;PE;428;189,6;PETROLINA;Condutor deixou de manter distância do veículo da frente;Colisão lateral mesmo sentido;Com Vítimas Feridas;Pleno dia;Crescente;Céu Claro;Múltipla;Reta;Sim;3;0;1;0;2;0;1;2;-9,37197508;-40,48679585;SPRF-PE;DEL06-PE;UOP01-DEL06-PE
587669;16/03/2024;sábado;11:00:00;RO;364;15,7;VILHENA;Desrespeitar a preferência no cruzamento;Colisão transversal;Com Vítimas Feridas;Pleno dia;Crescente;Céu Claro;Simples;Interseção de Vias;Sim;2;0;2;0;0;0;2;2;-12,73437947;-60,15696986;SPRF-RO;DEL04-RO;UOP01-DEL04-RO
587670;16/03/2024;sábado;12:00:00;RO;364;15;VILHENA;Manobra de mudança de faixa;Colisão lateral mesmo sentido;Com Vítimas Feridas;Pleno dia;Decrescente;Chuva;Simples;Interseção de Vias;Sim;2;0;1;0;1;0;1;2;-12,73672751;-60,14804088;SPRF-RO;DEL04-RO;UOP01-DEL04-RO
587672;16/03/2024;sábado;12:30:00;BA;101;866;TEIXEIRA DE FREITAS;Transitar na contramão;Saída de leito carroçável;Com Vítimas Feridas;Pleno dia;Decrescente;Sol;Simples;"Declive;Reta";Não;2;0;1;1;0;0;2;1;-17,64783894;-39,77062542;SPRF-BA;DEL09-BA;UOP02-DEL09-BA
587673;16/03/2024;sábado;14:00:00;RS;386;396;TRIUNFO;Acumulo de água sobre o pavimento;Saída de leito carroçável;Com Vítimas Feridas;Pleno dia;Decrescente;Chuva;Simples;Curva;Não;2;0;1;0;1;0;1;1;-29,732574;-51,631935;SPRF-RS;DEL04-RS;UOP02-DEL04-RS
587675;16/03/2024;sábado;14:30:00;RJ;101;524;ANGRA DOS REIS;Desrespeitar a preferência no cruzamento;Colisão transversal;Com Vítimas Feridas;Pleno dia;Decrescente;Céu Claro;Simples;"Reta;Interseção de Vias";Sim;8;0;2;0;6;0;2;3;-22,99959786;-44,47765217;SPRF-RJ;DEL03-RJ;UOP03-DEL03-RJ
587676;16/03/2024;sábado;14:52:00;RN;110;112;AUGUSTO SEVERO;Condutor Dormindo;Tombamento;Com Vítimas Feridas;Pleno dia;Crescente;Céu Claro;Simples;Reta;Não;1;0;1;0;0;0;1;1;-5,73075114;-37,29458012;SPRF-RN;DEL04-RN;UOP01-DEL04-RN
587678;16/03/2024;sábado;14:05:00;PR;116;122;CURITIBA;Manobra de mudança de faixa;Colisão lateral mesmo sentido;Com Vítimas Feridas;Pleno dia;Crescente;Céu Claro;Dupla;"Declive;Curva;Retorno Regulamentado";Sim;6;0;1;1;4;0;2;3;-25,609571;-49,3195551;SPRF-PR;DEL01-PR;UOP03-DEL01-PR
587679;16/03/2024;sábado;13:00:00;PE;101;65;RECIFE;Velocidade Incompatível;Colisão traseira;Com Vítimas Feridas;Pleno dia;Crescente;Céu Claro;Dupla;Reta;Sim;3;0;2;0;1;0;2;2;-8,03155609;-34,94284272;SPRF-PE;DEL01-PE;UOP01-DEL01-PE
587680;16/03/2024;sábado;14:45:00;MG;381;794,6;SAO GONCALO DO SAPUCAI;Velocidade Incompatível;Saída de leito carroçável;Com Vítimas Feridas;Pleno dia;Decrescente;Sol;Dupla;"Declive;Curva";Não;2;0;2;0;0;0;2;1;-21,92913899;-45,61170907;SPRF-MG;DEL16-MG;UOP02-DEL16-MG
587681;16/03/2024;sábado;15:00:00;RS;448;22;PORTO ALEGRE;Ausência de reação do condutor;Colisão com objeto;Com Vítimas Feridas;Pleno dia;Decrescente;Chuva;Dupla;"Curva;Aclive";Não;2;0;1;0;1;0;1;1;-29,972212;-51,199139;SPRF-RS;DEL01-RS;UOP01-DEL01-RS
587682;16/03/2024;sábado;15:00:00;SC;470;74;RODEIO;Reação tardia ou ineficiente do condutor;Colisão traseira;Com Vítimas Feridas;Pleno dia;Crescente;Céu Claro;Simples;Reta;Não;10;0;6;0;4;0;6;2;-26,916288;-49,280807;SPRF-SC;DEL04-SC;UOP01-DEL04-SC
587684;16/03/2024;sábado;13:53:00;PE;232;38;MORENO;Manobra de mudança de faixa;Colisão lateral mesmo sentido;Com Vítimas Feridas;Pleno dia;Crescente;Céu Claro;Dupla;Reta;Não;5;0;4;0;1;0;4;2;-8,11486109;-35,21852698;SPRF-PE;DEL01-PE;UOP01-DEL01-PE
587685;16/03/2024;sábado;14:30:00;MG;116;499,5;INHAPIM;Velocidade Incompatível;Colisão traseira;Com Vítimas Feridas;Pleno dia;Crescente;Sol;Simples;"Reta;Aclive";Sim;2;0;1;0;1;0;1;2;-19,55934531;-42,12312698;SPRF-MG;DEL06-MG;UOP02-DEL06-MG
587686;16/03/2024;sábado;12:15:00;PR;277;165;PALMEIRA;Reação tardia ou ineficiente do condutor;Colisão traseira;Com Vítimas Fatais;Pleno dia;Crescente;Céu Claro;Simples;Reta;Não;2;1;0;0;1;0;0;2;-25,47289;-49,895964;SPRF-PR;DEL03-PR;UOP03-DEL03-PR
587688;16/03/2024;sábado;17:00:00;MG;381;496;BETIM;Manobra de mudança de faixa;Colisão lateral mesmo sentido;Com Vítimas Feridas;Pleno dia;Decrescente;Céu Claro;Múltipla;Reta;Sim;2;0;1;0;1;0;1;2;-19,9749794;-44,1893861;SPRF-MG;DEL01-MG;UOP03-DEL01-MG
587690;16/03/2024;sábado;12:00:00;RJ;40;118;DUQUE DE CAXIAS;Demais falhas mecânicas ou elétricas;Queda de ocupante de veículo;Com Vítimas Feridas;Pleno dia;Decrescente;Céu Claro;Múltipla;Reta;Não;2;0;2;0;0;0;2;1;-22,75470802;-43,28737838;SPRF-RJ;DEL01-RJ;UOP02-DEL01-RJ
587692;16/03/2024;sábado;15:00:00;RJ;116;278;BARRA MANSA;Acessar a via sem observar a presença dos outros veículos;Colisão frontal;Com Vítimas Feridas;Pleno dia;Crescente;Céu Claro;Simples;Curva;Sim;2;0;1;0;1;0;1;2;-22,55271018;-44,17778004;SPRF-RJ;DEL07-RJ;UOP02-DEL07-RJ
587694;16/03/2024;sábado;17:05:00;SC;282;461,5;PONTE SERRADA;Transitar na contramão;Colisão lateral sentido oposto;Com Vítimas Feridas;Pleno dia;Decrescente;Céu Claro;Simples;Reta;Sim;3;0;2;1;0;0;3;2;-26,872128;-52,019024;SPRF-SC;DEL07-SC;UOP04-DEL07-SC
587695;16/03/2024;sábado;09:00:00;BA;101;358;WENCESLAU GUIMARAES;Acesso irregular;Colisão transversal;Com Vítimas Feridas;Pleno dia;Decrescente;Sol;Simples;"Reta;Interseção de Vias";Sim;2;0;1;0;1;0;1;2;-13,686121;-39,479875;SPRF-BA;DEL05-BA;UOP03-DEL05-BA
587696;16/03/2024;sábado;17:40:00;MG;40;544,9;NOVA LIMA;Manobra de mudança de faixa;Colisão lateral mesmo sentido;Com Vítimas Feridas;Pleno dia;Crescente;Céu Claro;Dupla;"Declive;Curva";Sim;4;0;2;1;1;0;3;2;-19,99848032;-43,96256558;SPRF-MG;DEL01-MG;UOP02-DEL01-MG
587697;16/03/2024;sábado;17:56:00;PR;476;117;COLOMBO;Reação tardia ou ineficiente do condutor;Colisão transversal;Com Vítimas Feridas;Pleno dia;Decrescente;Céu Claro;Múltipla;"Declive;Reta;Interseção de Vias";Sim;3;0;1;0;1;1;1;3;-25,35204;-49,178898;SPRF-PR;DEL01-PR;UOP01-DEL01-PR
587699;16/03/2024;sábado;16:15:00;GO;153;327,8;JARAGUA;Ausência de reação do condutor;Saída de leito carroçável;Com Vítimas Feridas;Pleno dia;Decrescente;Chuva;Simples;Curva;Não;2;0;1;0;1;0;1;1;-15,50462;-49,478848;SPRF-GO;DEL02-GO;UOP02-DEL02-GO
587701;16/03/2024;sábado;18:30:00;ES;101;288;CARIACICA;Desrespeitar a preferência no cruzamento;Colisão transversal;Com Vítimas Feridas;Plena Noite;Crescente;Céu Claro;Dupla;Reta;Sim;3;0;3;0;0;0;3;2;-20,27160351;-40,39091743;SPRF-ES;DEL01-ES;UOP01-DEL01-ES
587702;16/03/2024;sábado;16:35:00;ES;101;33,2;CONCEICAO DA BARRA;Acumulo de areia ou detritos sobre o pavimento;Tombamento;Com Vítimas Feridas;Pleno dia;Crescente;Sol;Simples;Reta;Não;2;0;2;0;0;0;2;1;-18,43474232;-39,933535;SPRF-ES;DEL04-ES;UOP02-DEL04-ES
587704;16/03/2024;sábado;17:30:00;AL;104;83;RIO LARGO;Condutor deixou de manter distância do veículo da frente;Colisão traseira;Com Vítimas Feridas;Anoitecer;Crescente;Céu Claro;Dupla;Aclive;Não;3;0;2;0;0;1;2;2;-9,43824556;-35,83701611;SPRF-AL;DEL01-AL;UOP01-DEL01-AL
587705;16/03/2024;sábado;18:10:00;RN;427;103,9;CAICO;Ingestão de álcool pelo condutor;Tombamento;Com Vítimas Feridas;Plena Noite;Crescente;Garoa/Chuvisco;Simples;Rotatória;Não;1;0;1;0;0;0;1;1;-6,42886381;-37,08337694;SPRF-RN;DEL03-RN;UOP01-DEL03-RN
587706;16/03/2024;sábado;16:30:00;ES;262;32;DOMINGOS MARTINS;Reação tardia ou ineficiente do condutor;Saída de leito carroçável;Sem Vítimas;Pleno dia;Decrescente;Céu Claro;Simples;"Declive;Curva";Não;4;0;0;0;4;0;0;1;-20,37885575;-40,577728;SPRF-ES;DEL01-ES;UOP01-DEL01-ES
587707;16/03/2024;sábado;16:20:00;MG;262;443;NOVA SERRANA;Ingestão de álcool pelo condutor;Colisão lateral mesmo sentido;Com Vítimas Feridas;Pleno dia;Decrescente;Sol;Dupla;Reta;Sim;2;0;1;0;0;1;1;2;-19,88065393;-44,92197102;SPRF-MG;DEL08-MG;UOP03-DEL08-MG
587708;16/03/2024;sábado;19:00:00;BA;367;83,5;EUNAPOLIS;Acessar a via sem observar a presença dos outros veículos;Colisão transversal;Com Vítimas Feridas;Plena Noite;Crescente;Céu Claro;Simples;Reta;Sim;2;0;0;1;1;0;1;2;-16,37256267;-39,57064408;SPRF-BA;DEL09-BA;UOP03-DEL09-BA
587709;16/03/2024;sábado;19:35:00;SC;101;33,7;JOINVILLE;Manobra de mudança de faixa;Colisão traseira;Sem Vítimas;Plena Noite;Crescente;Chuva;Dupla;"Interseção de Vias;Aclive;Rotatória";Não;2;0;0;0;2;0;0;2;-26,25835879;-48,9042449;SPRF-SC;DEL03-SC;UOP01-DEL03-SC
587710;16/03/2024;sábado;17:30:00;RS;158;558;SANTANA DO LIVRAMENTO;Avarias e/ou desgaste excessivo no pneu;Saída de leito carroçável;Com Vítimas Feridas;Anoitecer;Crescente;Chuva;Simples;"Reta;Declive";Não;1;0;1;0;0;0;1;1;-30,84439465;-55,44613406;SPRF-RS;DEL11-RS;UOP01-DEL11-RS
587711;16/03/2024;sábado;14:40:00;MT;163;792;VERA;Ausência de reação do condutor;Queda de ocupante de veículo;Com Vítimas Feridas;Pleno dia;Crescente;Nublado;Simples;Reta;Não;2;0;1;0;0;1;1;1;-12,3529838;-55,59851843;SPRF-MT;DEL06-MT;UOP02-DEL06-MT
587712;16/03/2024;sábado;20:00:00;MG;50;95;UBERLANDIA;Condutor deixou de manter distância do veículo da frente;Colisão traseira;Com Vítimas Feridas;Plena Noite;Decrescente;Céu Claro;Dupla;Reta;Não;2;0;0;1;1;0;1;2;-19,09239812;-48,1837074;SPRF-MG;DEL15-MG;UOP01-DEL15-MG
587713;16/03/2024;sábado;17:00:00;PR;369;134,4;IBIPORA;Ausência de reação do condutor;Saída de leito carroçável;Com Vítimas Feridas;Anoitecer;Crescente;Chuva;Simples;Reta;Não;4;0;4;0;0;0;4;1;-23,261844;-51,020179;SPRF-PR;DEL07-PR;UOP01-DEL07-PR
587714;16/03/2024;sábado;19:05:00;PR;277;594;CASCAVEL;Ingestão de álcool pelo condutor;Colisão frontal;Com Vítimas Feridas;Plena Noite;Crescente;Nublado;Simples;Reta;Sim;3;0;1;0;2;0;1;2;-24,979523;-53,495957;SPRF-PR;DEL04-PR;UOP01-DEL04-PR
587715;16/03/2024;sábado;19:50:00;SC;101;190;BIGUACU;Acumulo de areia ou detritos sobre o pavimento;Eventos atípicos;Com Vítimas Feridas;Plena Noite;Crescente;Chuva;Múltipla;Reta;Sim;1;0;1;0;0;0;1;1;-27,468056;-48,641712;SPRF-SC;DEL01-SC;UOP01-DEL01-SC
587716;16/03/2024;sábado;19:00:00;MG;364;0,2;PLANURA;Ausência de reação do condutor;Colisão com objeto;Sem Vítimas;Anoitecer;Decrescente;Céu Claro;Simples;"Reta;Ponte";Sim;1;0;0;0;0;1;0;1;-20,13824;-48,702347;SPRF-MG;DEL13-MG;UOP02-DEL13-MG
587717;16/03/2024;sábado;19:35:00;MS;158;343;BRASILANDIA;Transitar na contramão;Colisão lateral sentido oposto;Sem Vítimas;Plena Noite;Crescente;Céu Claro;Simples;Reta;Não;2;0;0;0;1;1;0;2;-21,256694;-51,998606;SPRF-MS;DEL07-MS;UOP01-DEL07-MS
587718;16/03/2024;sábado;19:39:00;PB;104;141;QUEIMADAS;Transitar na contramão;Colisão lateral sentido oposto;Com Vítimas Feridas;Plena Noite;Crescente;Céu Claro;Simples;"Em Obras;Reta";Sim;3;0;2;0;1;0;2;2;-7,38695208;-35,89595074;SPRF-PB;DEL02-PB;UOP03-DEL02-PB
587719;16/03/2024;sábado;19:45:00;RS;290;5;OSORIO;Avarias e/ou desgaste excessivo no pneu;Tombamento;Com Vítimas Feridas;Plena Noite;Crescente;Garoa/Chuvisco;Dupla;Reta;Não;2;0;2;0;0;0;2;1;-29,89662438;-50,32706022;SPRF-RS;DEL03-RS;UOP01-DEL03-RS
587720;16/03/2024;sábado;19:45:00;PE;101;68,8;RECIFE;Reação tardia ou ineficiente do condutor;Colisão traseira;Sem Vítimas;Plena Noite;Crescente;Céu Claro;Dupla;Reta;Sim;2;0;0;0;0;2;0;2;-8,05074296;-34,94580619;SPRF-PE;DEL01-PE;UOP01-DEL01-PE
587721;16/03/2024;sábado;20:10:00;CE;116;35;HORIZONTE;Demais falhas mecânicas ou elétricas;Incêndio;Sem Vítimas;Plena Noite;Decrescente;Chuva;Dupla;Reta;Sim;1;0;0;0;1;0;0;1;-4,05421547;-38,50525618;SPRF-CE;DEL01-CE;UOP02-DEL01-CE
587722;16/03/2024;sábado;19:00:00;MG;116;698,2;MURIAE;Ingestão de álcool pelo condutor;Colisão transversal;Com Vítimas Feridas;Plena Noite;Crescente;Céu Claro;Simples;Reta;Sim;3;0;0;1;2;0;1;2;-21,08628099;-42,37472805;SPRF-MG;DEL07-MG;UOP02-DEL07-MG
587723;16/03/2024;sábado;20:00:00;PE;428;185,4;PETROLINA;Ingestão de álcool pelo condutor;Colisão traseira;Com Vítimas Feridas;Plena Noite;Crescente;Céu Claro;Dupla;"Retorno Regulamentado;Reta";Sim;2;0;1;0;1;0;1;2;-9,35591652;-40,47878265;SPRF-PE;DEL06-PE;UOP01-DEL06-PE
587725;16/03/2024;sábado;21:00:00;GO;20;31;FORMOSA;Acessar a via sem observar a presença dos outros veículos;Atropelamento de Pedestre;Com Vítimas Feridas;Plena Noite;Crescente;Céu Claro;Simples;Reta;Sim;2;0;0;1;1;0;1;2;-15,490478;-47,104832;SPRF-DF;DEL02-DF;UOP02-DEL02-DF
587726;16/03/2024;sábado;18:30:00;MG;116;317,1;ITAMBACURI;Reação tardia ou ineficiente do condutor;Colisão com objeto;Com Vítimas Feridas;Plena Noite;Decrescente;Céu Claro;Simples;"Reta;Ponte";Não;1;0;0;1;0;0;1;1;-18,128808;-41,69483198;SPRF-MG;DEL11-MG;UOP01-DEL11-MG
587727;16/03/2024;sábado;17:30:00;BA;410;2;RIBEIRA DO POMBAL;Conversão proibida;Colisão transversal;Com Vítimas Feridas;Pleno dia;Crescente;Céu Claro;Simples;Reta;Não;2;0;1;0;1;0;1;2;-10,82458399;-38,54504201;SPRF-BA;DEL07-BA;UOP02-DEL07-BA
587728;16/03/2024;sábado;20:20:00;AL;104;88,9;RIO LARGO;Retorno proibido;Colisão transversal;Com Vítimas Fatais;Plena Noite;Crescente;Céu Claro;Dupla;Reta;Sim;2;1;0;0;0;1;0;2;-9,48878911;-35,81605196;SPRF-AL;DEL01-AL;UOP01-DEL01-AL