id;data_inversa;dia_semana;horario;uf;br;km;municipio;causa_acidente;tipo_acidente;classificacao_acidente;fase_dia;sentido_via;condicao_metereologica;tipo_pista;tracado_via;uso_solo;pessoas;mortos;feridos_leves;feridos_graves;ilesos;ignorados;feridos;veiculos;latitude;longitude;regional;delegacia;uop
587729;16/03/2024;sábado;21:40:00;MG;381;489,5;BETIM;Avarias e/ou desgaste excessivo no pneu;Tombamento;Com Vítimas Feridas;Plena Noite;Crescente;Céu Claro;Múltipla;Reta;Sim;2;0;2;0;0;0;2;1;-19,96245618;-44,16455495;SPRF-MG;DEL01-MG;UOP03-DEL01-MG
587730;16/03/2024;sábado;18:25:00;CE;222;278;FRECHEIRINHA;Manobra de mudança de faixa;Colisão transversal;Com Vítimas Feridas;Plena Noite;Crescente;Chuva;Simples;Reta;Não;2;0;0;1;1;0;1;2;-3,75925239;-40,80011108;SPRF-CE;DEL04-CE;UOP02-DEL04-CE
587731;16/03/2024;sábado;19:23:00;MA;135;10;SAO LUIS;Ingestão de álcool pelo condutor;Saída de leito carroçável;Com Vítimas Feridas;Plena Noite;Crescente;Garoa/Chuvisco;Dupla;Reta;Sim;2;0;1;1;0;0;2;2;-2,655912;-44,28629098;SPRF-MA;DEL01-MA;UOP01-DEL01-MA
587732;16/03/2024;sábado;19:20:00;RS;153;404,5;CACHOEIRA DO SUL;Transitar na contramão;Colisão lateral sentido oposto;Com Vítimas Feridas;Plena Noite;Decrescente;Chuva;Simples;Reta;Não;2;0;1;0;1;0;1;2;-30,04385346;-52,91083914;SPRF-RS;DEL02-RS;UOP03-DEL02-RS
587735;16/03/2024;sábado;20:50:00;RJ;40;72;PETROPOLIS;Avarias e/ou desgaste excessivo no pneu;Saída de leito carroçável;Com Vítimas Feridas;Plena Noite;Crescente;Céu Claro;Dupla;Curva;Não;2;0;1;1;0;0;2;1;-22,4585308;-43,21600514;SPRF-RJ;DEL01-RJ;UOP01-DEL01-RJ
587736;16/03/2024;sábado;20:00:00;BA;101;259;SAO MIGUEL DAS MATAS;Ingestão de álcool pelo condutor;Colisão traseira;Com Vítimas Feridas;Plena Noite;Crescente;Céu Claro;Simples;"Declive;Reta";Sim;5;0;1;0;4;0;1;2;-13,02475435;-39,25520865;SPRF-BA;DEL01-BA;UOP02-DEL01-BA
587737;16/03/2024;sábado;21:40:00;CE;116;9;FORTALEZA;Reação tardia ou ineficiente do condutor;Colisão traseira;Com Vítimas Feridas;Plena Noite;Crescente;Chuva;Dupla;Reta;Sim;2;0;1;0;1;0;1;2;-3,82779096;-38,50486117;SPRF-CE;DEL01-CE;UOP02-DEL01-CE
587739;16/03/2024;sábado;21:00:00;SC;101;331,6;TUBARAO;Acessar a via sem observar a presença dos outros veículos;Tombamento;Com Vítimas Feridas;Plena Noite;Crescente;Garoa/Chuvisco;Múltipla;Rotatória;Sim;1;0;1;0;0;0;1;1;-28,45567521;-48,9812689;SPRF-SC;DEL02-SC;UOP01-DEL02-SC
587740;16/03/2024;sábado;22:37:00;PB;230;24;JOAO PESSOA;Iluminação deficiente;Colisão traseira;Com Vítimas Feridas;Plena Noite;Decrescente;Garoa/Chuvisco;Simples;Reta;Sim;3;0;2;0;1;0;2;2;-7,1637;-34,8618;SPRF-PB;DEL01-PB;UOP01-DEL01-PB
587741;16/03/2024;sábado;22:30:00;PB;101;89;JOAO PESSOA;Ingestão de álcool pelo condutor;Tombamento;Com Vítimas Fatais;Plena Noite;Decrescente;Chuva;Dupla;Reta;Sim;3;1;1;0;0;1;1;2;-7,17295626;-34,89808982;SPRF-PB;DEL01-PB;UOP02-DEL01-PB
587742;16/03/2024;sábado;22:55:00;RN;406;149;CEARA-MIRIM;Condutor deixou de manter distância do veículo da frente;Colisão traseira;Com Vítimas Fatais;Plena Noite;Decrescente;Céu Claro;Simples;Reta;Não;3;1;0;1;0;1;1;2;-5,6485583;-35,44127004;SPRF-RN;DEL02-RN;UOP01-DEL02-RN
587743;16/03/2024;sábado;20:40:00;PE;408;100;SAO LOURENCO DA MATA;Ausência de reação do condutor;Colisão lateral mesmo sentido;Com Vítimas Feridas;Plena Noite;Crescente;Nublado;Dupla;Rotatória;Não;3;0;2;0;1;0;2;2;-8,04364056;-35,01674995;SPRF-PE;DEL01-PE;UOP01-DEL01-PE
587744;16/03/2024;sábado;22:30:00;PR;277;683;SAO MIGUEL DO IGUACU;Retorno proibido;Colisão transversal;Com Vítimas Feridas;Plena Noite;Crescente;Céu Claro;Dupla;Retorno Regulamentado;Sim;2;0;2;0;0;0;2;2;-25,33269888;-54,19204103;SPRF-PR;DEL05-PR;UOP01-DEL05-PR
587745;16/03/2024;sábado;18:20:00;RS;285;273;MATO CASTELHANO;Ingestão de álcool pelo condutor;Saída de leito carroçável;Com Vítimas Feridas;Plena Noite;Crescente;Chuva;Simples;Reta;Não;1;0;1;0;0;0;1;1;-28,277298;-52,194843;SPRF-RS;DEL08-RS;UOP03-DEL08-RS
587746;16/03/2024;sábado;21:30:00;SC;101;189,6;BIGUACU;Reação tardia ou ineficiente do condutor;Colisão com objeto;Com Vítimas Fatais;Plena Noite;Crescente;Garoa/Chuvisco;Dupla;"Curva;Declive";Não;2;1;1;0;0;0;1;1;-27,465204;-48,642047;SPRF-SC;DEL01-SC;UOP01-DEL01-SC
587747;16/03/2024;sábado;21:00:00;BA;242;784;BARREIRAS;Reação tardia ou ineficiente do condutor;Queda de ocupante de veículo;Com Vítimas Feridas;Plena Noite;Crescente;Céu Claro;Simples;Reta;Não;1;0;0;1;0;0;1;1;-12,14093301;-44,744889;SPRF-BA;DEL10-BA;UOP01-DEL10-BA
587748;16/03/2024;sábado;20:20:00;MG;365;541;ROMARIA;Reação tardia ou ineficiente do condutor;Saída de leito carroçável;Com Vítimas Feridas;Plena Noite;Decrescente;Céu Claro;Dupla;Rotatória;Não;5;0;1;0;4;0;1;1;-18,933005;-47,581452;SPRF-MG;DEL10-MG;UOP01-DEL10-MG
587749;16/03/2024;sábado;17:30:00;MT;163;1049;MATUPA;Reação tardia ou ineficiente do condutor;Saída de leito carroçável;Sem Vítimas;Plena Noite;Crescente;Céu Claro;Simples;Reta;Não;1;0;0;0;0;1;0;1;-10,21397874;-54,96594637;SPRF-MT;DEL06-MT;UOP03-DEL06-MT
587750;16/03/2024;sábado;22:00:00;RS;468;106,8;TRES PASSOS;Mal súbito do condutor;Saída de leito carroçável;Com Vítimas Feridas;Plena Noite;Crescente;Chuva;Simples;Reta;Não;2;0;0;1;1;0;1;1;-27,43481611;-53,95049663;SPRF-RS;DEL08-RS;UOP02-DEL08-RS
587751;16/03/2024;sábado;13:14:00;RJ;101;295;ITABORAI;Acessar a via sem observar a presença dos outros veículos;Colisão traseira;Com Vítimas Feridas;Pleno dia;Decrescente;Céu Claro;Dupla;Reta;Não;2;0;1;0;1;0;1;2;-22,76365068;-42,90223623;SPRF-RJ;DEL02-RJ;UOP02-DEL02-RJ
587752;16/03/2024;sábado;19:20:00;RO;364;193;PIMENTA BUENO;Transitar na contramão;Tombamento;Com Vítimas Feridas;Plena Noite;Decrescente;Céu Claro;Simples;Reta;Não;2;0;2;0;0;0;2;1;-11,705448;-61,165848;SPRF-RO;DEL02-RO;UOP02-DEL02-RO
587753;16/03/2024;sábado;22:45:00;DF;251;11;BRASILIA;Condutor Dormindo;Saída de leito carroçável;Com Vítimas Feridas;Plena Noite;Decrescente;Céu Claro;Dupla;Rotatória;Não;2;0;0;1;1;0;1;1;-15,969707;-47,586941;SPRF-DF;DEL01-DF;UOP01-DEL01-DF
587756;16/03/2024;sábado;23:20:00;RJ;101;306;SAO GONCALO;Ausência de reação do condutor;Queda de ocupante de veículo;Com Vítimas Feridas;Plena Noite;Decrescente;Céu Claro;Dupla;Reta;Sim;1;0;1;0;0;0;1;1;-22,78913759;-43,00550909;SPRF-RJ;DEL02-RJ;UOP02-DEL02-RJ
587757;16/03/2024;sábado;22:30:00;PA;230;7;ALTAMIRA;Condutor Dormindo;Colisão com objeto;Com Vítimas Feridas;Plena Noite;Decrescente;Céu Claro;Simples;"Declive;Reta";Sim;1;0;1;0;0;0;1;1;-3,203721;-52,206787;SPRF-PA;DEL04-PA;UOP01-DEL04-PA
587758;16/03/2024;sábado;23:00:00;GO;153;597,7;MORRINHOS;Velocidade Incompatível;Saída de leito carroçável;Com Vítimas Fatais;Pleno dia;Decrescente;Céu Claro;Dupla;Curva;Não;1;1;0;0;0;0;0;1;-17,5271;-49,2152;SPRF-GO;DEL03-GO;UOP01-DEL03-GO
587759;17/03/2024;domingo;00:45:00;PR;277;1;FOZ DO IGUACU;Ingestão de álcool pelo condutor;Saída de leito carroçável;Sem Vítimas;Plena Noite;Decrescente;Céu Claro;Dupla;Reta;Não;1;0;0;0;1;0;0;1;-25,5469;-54,5882;SPRF-PR;DEL05-PR;UOP03-DEL05-PR
587760;16/03/2024;sábado;23:45:00;MG;116;302,4;ITAMBACURI;Pista esburacada;Tombamento;Com Vítimas Feridas;Plena Noite;Crescente;Céu Claro;Simples;Curva;Não;2;0;2;0;0;0;2;1;-18,018122;-41,637716;SPRF-MG;DEL11-MG;UOP01-DEL11-MG
587762;16/03/2024;sábado;23:10:00;MS;163;116,2;ITAQUIRAI;Ausência de reação do condutor;Tombamento;Com Vítimas Feridas;Plena Noite;Crescente;Céu Claro;Simples;Reta;Não;1;0;1;0;0;0;1;1;-23,14334198;-54,19671108;SPRF-MS;DEL09-MS;UOP01-DEL09-MS
587764;17/03/2024;domingo;00:30:00;MA;10;241;IMPERATRIZ;Transitar na contramão;Saída de leito carroçável;Com Vítimas Feridas;Plena Noite;Decrescente;Céu Claro;Simples;Reta;Não;2;0;1;0;1;0;1;2;-5,618424;-47,413895;SPRF-MA;DEL04-MA;UOP01-DEL04-MA
587765;16/03/2024;sábado;22:40:00;PI;343;266;CAMPO MAIOR;Ultrapassagem Indevida;Colisão transversal;Com Vítimas Fatais;Plena Noite;Crescente;Céu Claro;Simples;Reta;Sim;2;1;0;0;1;0;0;2;-4,840245;-42,174171;SPRF-PI;DEL01-PI;UOP03-DEL01-PI
587766;17/03/2024;domingo;02:00:00;SP;116;216;GUARULHOS;Reação tardia ou ineficiente do condutor;Colisão com objeto;Com Vítimas Feridas;Plena Noite;Decrescente;Céu Claro;Múltipla;Reta;Sim;2;0;1;0;1;0;1;1;-23,45056589;-46,46258105;SPRF-SP;DEL01-SP;UOP01-DEL01-SP
587768;17/03/2024;domingo;01:35:00;MG;381;525,6;BRUMADINHO;Ausência de reação do condutor;Colisão frontal;Sem Vítimas;Plena Noite;Crescente;Chuva;Dupla;Curva;Não;1;0;0;0;1;0;0;1;-20,16710798;-44,33422398;SPRF-MG;DEL04-MG;UOP03-DEL04-MG
587769;17/03/2024;domingo;00:45:00;MG;116;785,7;MURIAE;Reação tardia ou ineficiente do condutor;Saída de leito carroçável;Sem Vítimas;Plena Noite;Crescente;Céu Claro;Simples;"Curva;Declive";Não;1;0;0;0;0;1;0;1;-21,07424893;-42,38525391;SPRF-MG;DEL07-MG;UOP01-DEL07-MG
587770;17/03/2024;domingo;01:30:00;SC;280;48;GUARAMIRIM;Transitar na contramão;Colisão frontal;Com Vítimas Feridas;Plena Noite;Decrescente;Garoa/Chuvisco;Simples;"Reta;Em Obras;Desvio Temporário";Não;6;0;3;0;3;0;3;3;-26,45506795;-48,92766502;SPRF-SC;DEL03-SC;UOP03-DEL03-SC
587772;16/03/2024;sábado;23:20:00;BA;235;352;JUAZEIRO;Conversão proibida;Colisão frontal;Com Vítimas Feridas;Plena Noite;Crescente;Céu Claro;Simples;Reta;Sim;2;0;1;0;1;0;1;2;-9,4077522;-40,50490917;SPRF-PE;DEL06-PE;UOP01-DEL06-PE
587775;17/03/2024;domingo;03:20:00;PE;423;94;GARANHUNS;Transitar na contramão;Colisão frontal;Com Vítimas Feridas;Plena Noite;Decrescente;Céu Claro;Simples;Reta;Não;5;0;2;0;3;0;2;3;-8,87917797;-36,4784503;SPRF-PE;DEL03-PE;UOP01-DEL03-PE
587776;17/03/2024;domingo;03:40:00;SC;101;196,8;BIGUACU;Ausência de reação do condutor;Colisão com objeto;Sem Vítimas;Plena Noite;Decrescente;Céu Claro;Múltipla;Reta;Sim;1;0;0;0;1;0;0;1;-27,51101091;-48,64322292;SPRF-SC;DEL01-SC;UOP01-DEL01-SC
587777;17/03/2024;domingo;03:40:00;RS;116;261;CANOAS;Reação tardia ou ineficiente do condutor;Saída de leito carroçável;Com Vítimas Feridas;Plena Noite;Crescente;Céu Claro;Simples;Reta;Sim;2;0;0;1;0;1;1;2;-29,887983;-51,17901;SPRF-RS;DEL01-RS;UOP01-DEL01-RS
587779;17/03/2024;domingo;04:10:00;SC;101;209,6;SAO JOSE;Ingestão de álcool pelo condutor;Colisão com objeto;Com Vítimas Feridas;Plena Noite;Crescente;Céu Claro;Múltipla;Reta;Sim;1;0;1;0;0;0;1;1;-27,61000542;-48,63895057;SPRF-SC;DEL01-SC;UOP01-DEL01-SC
587780;17/03/2024;domingo;03:40:00;MS;158;97;PARANAIBA;Ingestão de álcool pelo condutor;Tombamento;Com Vítimas Feridas;Plena Noite;Crescente;Céu Claro;Dupla;Rotatória;Sim;1;0;1;0;0;0;1;1;-19,69627676;-51,17701292;SPRF-MS;DEL08-MS;UOP01-DEL08-MS
587782;17/03/2024;domingo;03:16:00;RN;101;84,8;NATAL;Condutor Dormindo;Colisão com objeto;Sem Vítimas;Plena Noite;Crescente;Nublado;Dupla;"Viaduto;Reta";Sim;1;0;0;0;0;1;0;1;-5,774175;-35,2578;SPRF-RN;DEL02-RN;UOP01-DEL02-RN
587783;17/03/2024;domingo;03:50:00;BA;116;671;JEQUIE;Reação tardia ou ineficiente do condutor;Colisão traseira;Com Vítimas Feridas;Plena Noite;Crescente;Céu Claro;Simples;"Reta;Aclive";Não;4;0;1;0;3;0;1;2;-13,84458033;-40,11125565;SPRF-BA;DEL03-BA;UOP01-DEL03-BA
587784;17/03/2024;domingo;04:12:00;RN;101;94;NATAL;Ausência de reação do condutor;Colisão com objeto;Com Vítimas Feridas;Amanhecer;Decrescente;Céu Claro;Dupla;Curva;Sim;1;0;1;0;0;0;1;1;-5,83176615;-35,21191342;SPRF-RN;DEL01-RN;UOP01-DEL01-RN
587785;17/03/2024;domingo;03:40:00;GO;50;282,3;CATALAO;Pedestre - Ingestão de álcool/ substâncias psicoativas;Atropelamento de Pedestre;Com Vítimas Feridas;Plena Noite;Crescente;Céu Claro;Simples;"Aclive;Em Obras;Reta";Sim;6;0;0;2;4;0;2;2;-18,19143901;-47,95319796;SPRF-GO;DEL06-GO;UOP01-DEL06-GO
587786;17/03/2024;domingo;04:26:00;PE;101;69;RECIFE;Velocidade Incompatível;Tombamento;Com Vítimas Feridas;Amanhecer;Crescente;Céu Claro;Múltipla;Reta;Não;2;0;1;1;0;0;2;1;-8,05951606;-34,94581024;SPRF-PE;DEL01-PE;UOP01-DEL01-PE
587787;17/03/2024;domingo;03:55:00;RS;116;359,5;SENTINELA DO SUL;Animais na Pista;Atropelamento de Animal;Sem Vítimas;Plena Noite;Crescente;Nublado;Dupla;Reta;Não;2;0;0;0;1;1;0;2;-30,61597406;-51,5434038;SPRF-RS;DEL02-RS;UOP02-DEL02-RS
587788;17/03/2024;domingo;04:50:00;MG;40;450,8;CAETANOPOLIS;Condutor Dormindo;Saída de leito carroçável;Com Vítimas Feridas;Plena Noite;Decrescente;Céu Claro;Dupla;"Curva;Declive";Não;1;0;0;1;0;0;1;1;-19,31698774;-44,36765061;SPRF-MG;DEL02-MG;UOP01-DEL02-MG
587789;17/03/2024;domingo;04:45:00;AL;316;238,2;ATALAIA;Condutor Dormindo;Colisão frontal;Com Vítimas Fatais;Amanhecer;Decrescente;Nublado;Simples;Reta;Não;2;1;0;0;1;0;0;2;-9,503766;-36,047102;SPRF-AL;DEL01-AL;UOP01-DEL01-AL
587790;17/03/2024;domingo;05:20:00;BA;135;169;BARREIRAS;Ingestão de álcool pelo condutor;Colisão lateral sentido oposto;Com Vítimas Feridas;Amanhecer;Crescente;Céu Claro;Simples;Reta;Não;12;0;5;0;7;0;5;4;-12,081188;-44,96973301;SPRF-BA;DEL08-BA;UOP04-DEL08-BA
587791;17/03/2024;domingo;05:00:00;RS;153;44,4;ERECHIM;Velocidade Incompatível;Saída de leito carroçável;Sem Vítimas;Plena Noite;Crescente;Chuva;Simples;Interseção de Vias;Não;1;0;0;0;0;1;0;1;-27,62312752;-52,23687793;SPRF-RS;DEL08-RS;UOP04-DEL08-RS
587792;17/03/2024;domingo;04:00:00;PE;104;29;TORITAMA;Ingestão de álcool pelo condutor;Colisão frontal;Com Vítimas Fatais;Plena Noite;Crescente;Ignorado;Simples;"Reta;Em Obras";Sim;2;1;0;0;0;1;0;2;-8,0078;-36,0621;SPRF-PE;DEL02-PE;UOP01-DEL02-PE
587793;17/03/2024;domingo;06:20:00;PB;104;118,7;CAMPINA GRANDE;Condutor deixou de manter distância do veículo da frente;Colisão traseira;Com Vítimas Feridas;Pleno dia;Decrescente;Céu Claro;Simples;Reta;Não;3;0;1;0;2;0;1;2;-7,19637839;-35,87571339;SPRF-PB;DEL02-PB;UOP04-DEL02-PB
587795;17/03/2024;domingo;05:50:00;RJ;101;445;MANGARATIBA;Ingestão de álcool pelo condutor;Colisão frontal;Com Vítimas Feridas;Amanhecer;Crescente;Céu Claro;Simples;"Declive;Curva";Não;3;0;2;1;0;0;3;2;-22,99332083;-44,09244699;SPRF-RJ;DEL03-RJ;UOP02-DEL03-RJ
587796;16/03/2024;sábado;20:45:00;MG;116;585;MANHUACU;Condutor deixou de manter distância do veículo da frente;Colisão traseira;Com Vítimas Feridas;Plena Noite;Crescente;Céu Claro;Simples;Reta;Não;2;0;1;0;0;1;1;2;-20,22987753;-42,17260057;SPRF-MG;DEL06-MG;UOP03-DEL06-MG
587797;17/03/2024;domingo;04:35:00;DF;60;8,9;BRASILIA;Ausência de reação do condutor;Saída de leito carroçável;Com Vítimas Feridas;Plena Noite;Crescente;Céu Claro;Dupla;Reta;Sim;1;0;1;0;0;0;1;1;-15,90324;-48,130695;SPRF-DF;DEL03-DF;UOP01-DEL03-DF
587798;17/03/2024;domingo;03:00:00;MG;116;552,7;SANTA BARBARA DO LESTE;Velocidade Incompatível;Saída de leito carroçável;Com Vítimas Feridas;Plena Noite;Decrescente;Céu Claro;Simples;"Reta;Declive";Não;2;0;2;0;0;0;2;1;-19,98476697;-42,1434265;SPRF-MG;DEL06-MG;UOP02-DEL06-MG
587799;17/03/2024;domingo;05:50:00;CE;116;23;AQUIRAZ;Ausência de reação do condutor;Tombamento;Com Vítimas Feridas;Pleno dia;Decrescente;Chuva;Dupla;Curva;Não;1;0;1;0;0;0;1;1;-3,94905489;-38,51212845;SPRF-CE;DEL01-CE;UOP02-DEL01-CE
587800;16/03/2024;sábado;21:00:00;CE;222;313;TIANGUA;Chuva;Tombamento;Com Vítimas Feridas;Plena Noite;Crescente;Chuva;Dupla;Reta;Não;1;0;0;1;0;0;1;1;-3,7236142;-40,99670064;SPRF-CE;DEL04-CE;UOP02-DEL04-CE
587802;17/03/2024;domingo;06:45:00;MG;262;370,3;JUATUBA;Condutor Dormindo;Saída de leito carroçável;Com Vítimas Feridas;Pleno dia;Crescente;Céu Claro;Dupla;"Aclive;Curva";Não;2;0;1;1;0;0;2;1;-19,9622206;-44,3435405;SPRF-MG;DEL01-MG;UOP03-DEL01-MG
587803;17/03/2024;domingo;06:15:00;MG;50;160,8;UBERABA;Condutor Dormindo;Capotamento;Com Vítimas Feridas;Amanhecer;Crescente;Céu Claro;Dupla;Reta;Não;4;0;2;0;2;0;2;1;-19,65077518;-48,00577746;SPRF-MG;DEL13-MG;UOP01-DEL13-MG
587804;17/03/2024;domingo;07:00:00;PR;163;252;TOLEDO;Ingestão de álcool pelo condutor;Saída de leito carroçável;Sem Vítimas;Pleno dia;Crescente;Céu Claro;Dupla;Reta;Não;2;0;0;0;1;1;0;1;-24,6895249;-53,74927497;SPRF-PR;DEL06-PR;UOP02-DEL06-PR
587806;17/03/2024;domingo;04:30:00;MS;60;390;SIDROLANDIA;Avarias e/ou desgaste excessivo no pneu;Saída de leito carroçável;Sem Vítimas;Amanhecer;Crescente;Céu Claro;Simples;Reta;Não;1;0;0;0;0;1;0;1;-20,7119949;-54,7737664;SPRF-MS;DEL01-MS;UOP04-DEL01-MS
587807;16/03/2024;sábado;20:45:00;PR;280;265,5;MARMELEIRO;Ingestão de álcool pelo condutor;Saída de leito carroçável;Com Vítimas Feridas;Plena Noite;Crescente;Nublado;Simples;Curva;Não;1;0;0;1;0;0;1;1;-26,20456439;-53,09775265;SPRF-PR;DEL02-PR;UOP01-DEL02-PR
587808;17/03/2024;domingo;00:15:00;PR;158;509;CORONEL VIVIDA;Ingestão de álcool pelo condutor;Colisão frontal;Com Vítimas Feridas;Plena Noite;Decrescente;Céu Claro;Simples;"Reta;Declive";Não;2;0;0;1;1;0;1;2;-26,0332948;-52,59203823;SPRF-PR;DEL02-PR;UOP01-DEL02-PR
587809;21/02/2024;quarta-feira;21:00:00;PR;376;174;MARINGA;Reação tardia ou ineficiente do condutor;Colisão lateral mesmo sentido;Com Vítimas Feridas;Plena Noite;Crescente;Céu Claro;Múltipla;Reta;Sim;2;0;0;1;1;0;1;2;-23,41670927;-51,95660023;SPRF-PR;DEL09-PR;UOP01-DEL09-PR
587810;17/03/2024;domingo;07:30:00;RJ;116;184;NOVA IGUACU;Mal súbito do condutor;Colisão com objeto;Sem Vítimas;Pleno dia;Decrescente;Céu Claro;Dupla;Reta;Não;1;0;0;0;1;0;0;1;-22,74647215;-43,44594311;SPRF-RJ;DEL06-RJ;UOP01-DEL06-RJ
587812;12/01/2024;sexta-feira;14:30:00;PI;343;482;ANGICAL DO PIAUI;Chuva;Capotamento;Com Vítimas Feridas;Pleno dia;Crescente;Chuva;Simples;Curva;Não;1;0;1;0;0;0;1;1;-6,182809;-42,708282;SPRF-PI;DEL01-PI;UOP02-DEL01-PI
587813;17/03/2024;domingo;08:40:00;SE;101;93,5;NOSSA SENHORA DO SOCORRO;Animais na Pista;Atropelamento de Animal;Com Vítimas Feridas;Pleno dia;Crescente;Nublado;Dupla;"Declive;Reta";Sim;2;0;1;1;0;0;2;1;-10,90212319;-37,14494787;SPRF-SE;DEL01-SE;UOP01-DEL01-SE
587816;17/03/2024;domingo;08:35:00;SC;282;590;SAUDADES;Ingestão de álcool pelo condutor;Saída de leito carroçável;Sem Vítimas;Pleno dia;Decrescente;Garoa/Chuvisco;Simples;"Aclive;Reta";Não;2;0;0;0;2;0;0;1;-26,82656009;-53,0744791;SPRF-SC;DEL07-SC;UOP02-DEL07-SC
587817;17/03/2024;domingo;09:00:00;RS;116;267;CANOAS;Ingestão de substâncias psicoativas pelo condutor;Colisão traseira;Com Vítimas Feridas;Pleno dia;Crescente;Céu Claro;Múltipla;Reta;Sim;3;0;2;0;0;1;2;3;-29,94142398;-51,17697062;SPRF-RS;DEL01-RS;UOP01-DEL01-RS
587818;17/03/2024;domingo;06:00:00;MS;60;411;SIDROLANDIA;Condutor Dormindo;Saída de leito carroçável;Com Vítimas Feridas;Amanhecer;Crescente;Céu Claro;Simples;Reta;Não;2;0;0;2;0;0;2;1;-20,88551782;-54,83267784;SPRF-MS;DEL01-MS;UOP04-DEL01-MS
587819;16/03/2024;sábado;21:00:00;GO;153;404;PIRENOPOLIS;Ausência de reação do condutor;Saída de leito carroçável;Sem Vítimas;Plena Noite;Decrescente;Nublado;Simples;"Reta;Aclive";Não;1;0;0;0;1;0;0;1;-16,055285;-49,069035;SPRF-GO;DEL02-GO;UOP02-DEL02-GO
587820;17/03/2024;domingo;01:20:00;RJ;465;11;SEROPEDICA;Ausência de reação do condutor;Queda de ocupante de veículo;Com Vítimas Feridas;Plena Noite;Decrescente;Céu Claro;Simples;Reta;Não;1;0;1;0;0;0;1;1;-22,784172;-43,656998;SPRF-RJ;DEL06-RJ;UOP02-DEL06-RJ
587823;17/03/2024;domingo;09:30:00;MG;381;533,6;ITATIAIUCU;Pista Escorregadia;Tombamento;Com Vítimas Feridas;Pleno dia;Decrescente;Céu Claro;Dupla;"Curva;Aclive";Não;2;0;2;0;0;0;2;1;-20,175858;-44,375783;SPRF-MG;DEL04-MG;UOP03-DEL04-MG
587825;17/03/2024;domingo;08:49:00;PE;232;76,5;GRAVATA;Manobra de mudança de faixa;Colisão transversal;Com Vítimas Feridas;Pleno dia;Crescente;Sol;Dupla;Reta;Não;2;0;2;0;0;0;2;2;-8,19541469;-35,53424693;SPRF-PE;DEL02-PE;UOP02-DEL02PE
587826;17/03/2024;domingo;09:17:00;RO;364;245;CACOAL;Transitar na contramão;Colisão transversal;Com Vítimas Feridas;Pleno dia;Crescente;Sol;Simples;Reta;Sim;3;0;0;1;2;0;1;2;-11,439733;-61,515045;SPRF-RO;DEL02-RO;UOP02-DEL02-RO
587827;17/03/2024;domingo;05:00:00;RO;364;696;CANDEIAS DO JAMARI;Chuva;Saída de leito carroçável;Sem Vítimas;Amanhecer;Decrescente;Chuva;Dupla;Reta;Não;1;0;0;0;0;1;0;1;-8,80046614;-63,734779;SPRF-RO;DEL01-RO;UOP01-DEL01-RO
587829;17/03/2024;domingo;10:00:00;RJ;116;282,5;BARRA MANSA;Reação tardia ou ineficiente do condutor;Colisão lateral mesmo sentido;Com Vítimas Feridas;Pleno dia;Crescente;Céu Claro;Dupla;Reta;Não;3;0;0;1;2;0;1;3;-22,52405173;-44,20072574;SPRF-RJ;DEL07-RJ;UOP02-DEL07-RJ
587833;17/03/2024;domingo;11:00:00;PR;376;232,7;APUCARANA;Velocidade Incompatível;Tombamento;Com Vítimas Feridas;Pleno dia;Decrescente;Nublado;Dupla;Curva;Sim;1;0;1;0;0;0;1;1;-23,56785591;-51,50923848;SPRF-PR;DEL07-PR;UOP03-DEL07-PR
587835;17/03/2024;domingo;10:50:00;PR;116;65;CAMPINA GRANDE DO SUL;Chuva;Colisão com objeto;Com Vítimas Feridas;Pleno dia;Crescente;Chuva;Dupla;"Curva;Declive";Não;2;0;1;0;1;0;1;1;-25,31031746;-49,00207969;SPRF-PR;DEL01-PR;UOP02-DEL01-PR
587836;17/03/2024;domingo;11:00:00;TO;NA;NA;PARAISO DO TOCANTINS;Reação tardia ou ineficiente do condutor;Colisão transversal;Com Vítimas Feridas;Pleno dia;Não Informado;Céu Claro;Simples;"Reta;Interseção de Vias;Aclive";Sim;4;0;1;0;3;0;1;2;-10,16527794;-48,88094578;SPRF-TO;DEL01-TO;UOP01-DEL01-TO
587837;17/03/2024;domingo;11:20:00;MG;381;479;CONTAGEM;Reação tardia ou ineficiente do condutor;Colisão com objeto;Sem Vítimas;Pleno dia;Decrescente;Céu Claro;Dupla;"Aclive;Curva";Sim;2;0;0;0;1;1;0;2;-19,95889605;-44,069202;SPRF-MG;DEL01-MG;UOP03-DEL01-MG
587839;17/03/2024;domingo;06:00:00;PA;153;42;SAO DOMINGOS DO ARAGUAIA;Ausência de reação do condutor;Atropelamento de Pedestre;Com Vítimas Fatais;Amanhecer;Decrescente;Céu Claro;Simples;Reta;Não;2;1;0;0;0;1;0;2;-5,490425;-48,739429;SPRF-PA;DEL03-PA;UOP01-DEL03-PA
587840;17/03/2024;domingo;11:00:00;GO;20;146,8;ALVORADA DO NORTE;Acumulo de água sobre o pavimento;Saída de leito carroçável;Com Vítimas Feridas;Pleno dia;Crescente;Céu Claro;Simples;Reta;Não;4;0;1;2;1;0;3;1;-14,734658;-46,652908;SPRF-DF;DEL02-DF;UOP03-DEL02-DF
587842;17/03/2024;domingo;11:40:00;PR;476;157;ARAUCARIA;Acessar a via sem observar a presença dos outros veículos;Colisão transversal;Com Vítimas Feridas;Pleno dia;Crescente;Nublado;Simples;Rotatória;Sim;2;0;0;1;1;0;1;2;-25,60639;-49,421112;SPRF-PR;DEL01-PR;UOP06-DEL01-PR
587843;17/03/2024;domingo;12:00:00;MG;40;632,2;CONSELHEIRO LAFAIETE;Demais falhas mecânicas ou elétricas;Incêndio;Sem Vítimas;Pleno dia;Decrescente;Sol;Dupla;"Aclive;Curva";Não;3;0;0;0;3;0;0;1;-20,679222;-43,794043;SPRF-MG;DEL05-MG;UOP02-DEL05-MG