id;data_inversa;dia_semana;horario;uf;br;km;municipio;causa_acidente;tipo_acidente;classificacao_acidente;fase_dia;sentido_via;condicao_metereologica;tipo_pista;tracado_via;uso_solo;pessoas;mortos;feridos_leves;feridos_graves;ilesos;ignorados;feridos;veiculos;latitude;longitude;regional;delegacia;uop
587844;17/03/2024;domingo;12:29:00;PR;277;12;PARANAGUA;Afundamento ou ondulação no pavimento;Tombamento;Com Vítimas Feridas;Pleno dia;Decrescente;Céu Claro;Dupla;Reta;Não;1;0;1;0;0;0;1;1;-25,568198;-48,615292;SPRF-PR;DEL01-PR;UOP05-DEL01-PR
587845;17/03/2024;domingo;12:15:00;SP;NA;NA;UBATUBA;Frear bruscamente;Colisão traseira;Com Vítimas Feridas;Pleno dia;Não Informado;Céu Claro;Simples;Interseção de Vias;Sim;3;0;1;0;2;0;1;2;-23,4235497;-45,07384658;SPRF-SP;DEL06-SP;UOP01-DEL06-SP
587847;17/03/2024;domingo;09:00:00;RJ;116;173;SAO JOAO DE MERITI;Avarias e/ou desgaste excessivo no pneu;Queda de ocupante de veículo;Com Vítimas Feridas;Pleno dia;Decrescente;Céu Claro;Dupla;Reta;Sim;2;0;2;0;0;0;2;1;-22,79810324;-43,35726614;SPRF-RJ;DEL06-RJ;UOP01-DEL06-RJ
587848;17/03/2024;domingo;12:00:00;MG;116;537,5;SANTA RITA DE MINAS;Acesso irregular;Colisão transversal;Com Vítimas Feridas;Pleno dia;Decrescente;Céu Claro;Simples;"Reta;Interseção de Vias";Sim;2;0;1;0;1;0;1;2;-19,86620285;-42,1352356;SPRF-MG;DEL06-MG;UOP02-DEL06-MG
587850;17/03/2024;domingo;12:10:00;SC;101;232,8;PALHOCA;Reação tardia ou ineficiente do condutor;Colisão traseira;Sem Vítimas;Pleno dia;Crescente;Nublado;Dupla;"Aclive;Curva";Não;3;0;0;0;3;0;0;2;-27,795666;-48,638153;SPRF-SC;DEL01-SC;UOP02-DEL01-SC
587851;17/03/2024;domingo;11:30:00;MG;262;398,5;PARA DE MINAS;Suicídio (presumido);Atropelamento de Pedestre;Com Vítimas Feridas;Pleno dia;Decrescente;Céu Claro;Dupla;Reta;Não;2;0;0;1;0;1;1;2;-19,89026603;-44,5868057;SPRF-MG;DEL01-MG;UOP03-DEL01-MG
587852;17/03/2024;domingo;11:00:00;MG;153;245;FRONTEIRA;Acessar a via sem observar a presença dos outros veículos;Colisão transversal;Com Vítimas Feridas;Pleno dia;Crescente;Sol;Simples;"Reta;Interseção de Vias";Sim;3;0;2;0;1;0;2;2;-20,29847332;-49,20614844;SPRF-MG;DEL13-MG;UOP02-DEL13-MG
587853;17/03/2024;domingo;11:00:00;PR;376;324,9;ORTIGUEIRA;Chuva;Colisão com objeto;Com Vítimas Feridas;Pleno dia;Decrescente;Chuva;Simples;Curva;Não;2;0;1;0;1;0;1;1;-24,08335501;-51,05936802;SPRF-PR;DEL07-PR;UOP02-DEL07-PR
587854;17/03/2024;domingo;12:40:00;PB;104;108,5;SAO SEBASTIAO DE LAGOA DE  ROCA;Reação tardia ou ineficiente do condutor;Colisão traseira;Com Vítimas Feridas;Pleno dia;Crescente;Nublado;Simples;Reta;Não;2;0;0;1;1;0;1;2;-7,11161678;-35,86768356;SPRF-PB;DEL02-PB;UOP04-DEL02-PB
587859;10/03/2024;domingo;00:30:00;BA;324;515;FEIRA DE SANTANA;Reação tardia ou ineficiente do condutor;Colisão transversal;Com Vítimas Feridas;Plena Noite;Crescente;Céu Claro;Simples;Curva;Sim;3;0;1;0;2;0;1;2;-12,244266;-38,94050729;SPRF-BA;DEL02-BA;UOP01-DEL02-BA
587860;17/03/2024;domingo;09:00:00;SC;470;246;CURITIBANOS;Mal súbito do condutor;Saída de leito carroçável;Com Vítimas Feridas;Pleno dia;Crescente;Nublado;Simples;Reta;Sim;1;0;1;0;0;0;1;1;-27,315086;-50,532715;SPRF-SC;DEL05-SC;UOP03-DEL05-SC
587861;17/03/2024;domingo;13:10:00;RN;406;129;TAIPU;Reação tardia ou ineficiente do condutor;Colisão traseira;Com Vítimas Feridas;Pleno dia;Crescente;Céu Claro;Simples;Declive;Não;2;0;0;1;1;0;1;2;-5,6219933;-35,6040879;SPRF-RN;DEL02-RN;UOP01-DEL02-RN
587862;17/03/2024;domingo;14:20:00;RS;116;40,5;VACARIA;Acessar a via sem observar a presença dos outros veículos;Colisão transversal;Com Vítimas Feridas;Pleno dia;Crescente;Céu Claro;Simples;Reta;Não;3;0;1;0;2;0;1;2;-28,52119273;-50,94259501;SPRF-RS;DEL05-RS;UOP03-DEL05-RS
587863;17/03/2024;domingo;13:00:00;RS;290;73;GRAVATAI;Ausência de reação do condutor;Colisão com objeto;Sem Vítimas;Pleno dia;Crescente;Céu Claro;Dupla;Reta;Sim;1;0;0;0;0;1;0;1;-29,952868;-50,986462;SPRF-RS;DEL03-RS;UOP01-DEL03-RS
587866;17/03/2024;domingo;14:33:00;ES;101;276;SERRA;Ausência de reação do condutor;Queda de ocupante de veículo;Com Vítimas Feridas;Pleno dia;Decrescente;Céu Claro;Dupla;Reta;Não;1;0;1;0;0;0;1;1;-20,20788726;-40,3133509;SPRF-ES;DEL02-ES;UOP01-DEL02-ES
587868;17/03/2024;domingo;10:50:00;PB;230;438,8;POMBAL;Acesso irregular;Colisão traseira;Com Vítimas Feridas;Pleno dia;Decrescente;Céu Claro;Simples;Reta;Não;3;0;2;1;0;0;3;2;-6,7612;-38,0094;SPRF-PB;DEL03-PB;UOP02-DEL03-PB
587869;17/03/2024;domingo;14:15:00;MS;158;69,9;PARANAIBA;Condutor Dormindo;Saída de leito carroçável;Com Vítimas Feridas;Pleno dia;Crescente;Céu Claro;Simples;"Reta;Declive";Não;6;0;3;1;2;0;4;1;-19,4849138;-51,2962532;SPRF-MS;DEL08-MS;UOP01-DEL08-MS
587870;17/03/2024;domingo;14:08:00;PE;232;125;CARUARU;Chuva;Saída de leito carroçável;Com Vítimas Feridas;Pleno dia;Decrescente;Nublado;Dupla;Reta;Sim;3;0;1;0;2;0;1;1;-8,30807114;-35,94580097;SPRF-PE;DEL02-PE;UOP01-DEL02-PE
587871;17/03/2024;domingo;14:15:00;ES;101;71;SAO MATEUS;Ausência de reação do condutor;Engavetamento;Com Vítimas Feridas;Pleno dia;Decrescente;Céu Claro;Simples;"Reta;Aclive";Não;3;0;1;0;2;0;1;3;-18,753513;-39,862598;SPRF-ES;DEL04-ES;UOP02-DEL04-ES
587872;17/03/2024;domingo;15:00:00;SC;282;390;JOACABA;Conversão proibida;Colisão transversal;Sem Vítimas;Pleno dia;Crescente;Sol;Simples;Reta;Não;3;0;0;0;3;0;0;2;-27,175066;-51,550556;SPRF-SC;DEL07-SC;UOP05-DEL07-SC
587874;17/03/2024;domingo;14:13:00;RO;319;64;PORTO VELHO;Acessar a via sem observar a presença dos outros veículos;Colisão lateral mesmo sentido;Com Vítimas Feridas;Pleno dia;Decrescente;Céu Claro;Dupla;Reta;Sim;2;0;2;0;0;0;2;2;-8,766685;-63,884052;SPRF-RO;DEL01-RO;UOP01-DEL01-RO
587875;17/03/2024;domingo;15:40:00;SP;116;227;GUARULHOS;Reação tardia ou ineficiente do condutor;Colisão lateral mesmo sentido;Com Vítimas Feridas;Pleno dia;Crescente;Céu Claro;Simples;Reta;Não;3;0;1;0;1;1;1;3;-23,49659264;-46,55648754;SPRF-SP;DEL01-SP;UOP01-DEL01-SP
587876;17/03/2024;domingo;15:30:00;SC;101;339;TUBARAO;Condutor Dormindo;Saída de leito carroçável;Sem Vítimas;Pleno dia;Crescente;Nublado;Dupla;"Curva;Aclive";Sim;1;0;0;0;1;0;0;1;-28,50457862;-49,04871404;SPRF-SC;DEL02-SC;UOP01-DEL02-SC
587878;17/03/2024;domingo;15:45:00;SE;101;54,8;CARMOPOLIS;Ingestão de álcool pelo condutor;Colisão transversal;Com Vítimas Feridas;Pleno dia;Crescente;Sol;Simples;Reta;Não;2;0;1;0;1;0;1;2;-10,633431;-37,003742;SPRF-SE;DEL02-SE;UOP02-DEL02-SE
587879;17/03/2024;domingo;10:10:00;BA;242;364;LENCOIS;Reação tardia ou ineficiente do condutor;Saída de leito carroçável;Com Vítimas Feridas;Pleno dia;Decrescente;Sol;Simples;Curva;Não;2;0;2;0;0;0;2;1;-12,467401;-41,41478;SPRF-BA;DEL08-BA;UOP04-DEL08-BA
587880;17/03/2024;domingo;15:45:00;SC;101;137,4;BALNEARIO CAMBORIU;Desrespeitar a preferência no cruzamento;Colisão transversal;Com Vítimas Feridas;Pleno dia;Crescente;Nublado;Dupla;Reta;Sim;2;0;1;0;1;0;1;2;-27,0157238;-48,61192763;SPRF-SC;DEL04-SC;UOP03-DEL04-SC
587882;17/03/2024;domingo;15:51:00;SP;116;225;GUARULHOS;Ultrapassagem Indevida;Eventos atípicos;Sem Vítimas;Pleno dia;Crescente;Céu Claro;Múltipla;Reta;Sim;2;0;0;0;2;0;0;2;-23,490383;-46,548989;SPRF-SP;DEL01-SP;UOP01-DEL01-SP
587884;17/03/2024;domingo;16:25:00;PB;101;110;ALHANDRA;Ingestão de álcool pelo condutor;Saída de leito carroçável;Com Vítimas Feridas;Pleno dia;Decrescente;Céu Claro;Múltipla;"Reta;Aclive;Retorno Regulamentado";Sim;2;0;1;0;1;0;1;1;-7,35255626;-34,94940909;SPRF-PB;DEL01-PB;UOP02-DEL01-PB
587887;17/03/2024;domingo;16:40:00;BA;242;584;IBOTIRAMA;Reação tardia ou ineficiente do condutor;Colisão traseira;Com Vítimas Feridas;Pleno dia;Crescente;Céu Claro;Simples;Reta;Sim;3;0;2;1;0;0;3;2;-12,05618113;-43,0936399;SPRF-BA;DEL10-BA;UOP02-DEL10-BA
587888;17/03/2024;domingo;16:40:00;CE;222;60,1;SAO GONCALO DO AMARANTE;Animais na Pista;Atropelamento de Animal;Com Vítimas Feridas;Pleno dia;Decrescente;Nublado;Simples;Reta;Sim;1;0;1;0;0;0;1;1;-3,67082927;-39,08068799;SPRF-CE;DEL01-CE;UOP03-DEL01-CE
587889;17/03/2024;domingo;16:44:00;SP;116;207;GUARULHOS;Ausência de reação do condutor;Eventos atípicos;Com Vítimas Feridas;Pleno dia;Crescente;Nublado;Múltipla;Reta;Sim;1;0;1;0;0;0;1;1;-23,41972188;-46,38419203;SPRF-SP;DEL01-SP;UOP01-DEL01-SP
587890;17/03/2024;domingo;16:50:00;RN;405;50,1;GOVERNADOR DIX-SEPT ROSADO;Condutor Dormindo;Saída de leito carroçável;Com Vítimas Feridas;Pleno dia;Decrescente;Céu Claro;Simples;Reta;Não;4;0;3;1;0;0;4;1;-5,45989385;-37,67511621;SPRF-RN;DEL04-RN;UOP02-DEL04-RN
587891;17/03/2024;domingo;17:15:00;SC;101;119;ITAJAI;Manobra de mudança de faixa;Colisão lateral mesmo sentido;Com Vítimas Feridas;Pleno dia;Decrescente;Céu Claro;Dupla;Reta;Não;5;0;1;1;3;0;2;2;-26,9043179;-48,71555481;SPRF-SC;DEL04-SC;UOP04-DEL04-SC
587892;17/03/2024;domingo;16:25:00;MG;40;451;CAETANOPOLIS;Manobra de mudança de faixa;Saída de leito carroçável;Sem Vítimas;Pleno dia;Crescente;Céu Claro;Dupla;Reta;Não;3;0;0;0;2;1;0;2;-19,32547602;-44,36467416;SPRF-MG;DEL02-MG;UOP01-DEL02-MG
587893;17/03/2024;domingo;15:04:00;MG;116;573;MANHUACU;Ausência de reação do condutor;Saída de leito carroçável;Com Vítimas Feridas;Pleno dia;Decrescente;Céu Claro;Simples;Reta;Não;3;0;1;0;2;0;1;1;-20,13004403;-42,17794986;SPRF-MG;DEL06-MG;UOP03-DEL06-MG
587894;17/03/2024;domingo;16:10:00;AL;423;78;AGUA BRANCA;Chuva;Saída de leito carroçável;Com Vítimas Feridas;Pleno dia;Decrescente;Chuva;Simples;Reta;Não;1;0;1;0;0;0;1;1;-9,32481684;-37,96857706;SPRF-AL;DEL03-AL;UOP02-DEL03-AL
587895;17/03/2024;domingo;17:02:00;PB;101;95,6;ALHANDRA;Reação tardia ou ineficiente do condutor;Colisão traseira;Com Vítimas Feridas;Anoitecer;Decrescente;Céu Claro;Dupla;"Reta;Declive";Não;3;0;2;0;0;1;2;2;-7,22379403;-34,91488195;SPRF-PB;DEL01-PB;UOP02-DEL01-PB
587896;17/03/2024;domingo;17:02:00;DF;20;17;BRASILIA;Acumulo de óleo sobre o pavimento;Capotamento;Sem Vítimas;Pleno dia;Decrescente;Céu Claro;Dupla;Reta;Sim;1;0;0;0;1;0;0;1;-15,621374;-47,71698;SPRF-DF;DEL02-DF;UOP01-DEL02-DF
587898;17/03/2024;domingo;17:10:00;RJ;465;4;SEROPEDICA;Condutor deixou de manter distância do veículo da frente;Colisão traseira;Com Vítimas Feridas;Pleno dia;Crescente;Céu Claro;Simples;Reta;Sim;7;0;1;0;6;0;1;2;-22,740971;-43,705597;SPRF-RJ;DEL06-RJ;UOP02-DEL06-RJ
587899;17/03/2024;domingo;16:43:00;PI;316;8;TERESINA;Acessar a via sem observar a presença dos outros veículos;Colisão transversal;Com Vítimas Feridas;Pleno dia;Crescente;Nublado;Simples;Reta;Sim;2;0;1;0;0;1;1;2;-5,16483402;-42,76899508;SPRF-PI;DEL01-PI;UOP02-DEL01-PI
587900;17/03/2024;domingo;15:25:00;SC;101;208;SAO JOSE;Reação tardia ou ineficiente do condutor;Colisão com objeto;Com Vítimas Feridas;Pleno dia;Decrescente;Céu Claro;Múltipla;Reta;Sim;2;0;1;0;1;0;1;1;-27,60327979;-48,63201818;SPRF-SC;DEL01-SC;UOP01-DEL01-SC
587901;17/03/2024;domingo;17:55:00;PE;101;71;RECIFE;Condutor deixou de manter distância do veículo da frente;Colisão traseira;Com Vítimas Feridas;Plena Noite;Decrescente;Céu Claro;Dupla;Reta;Sim;3;0;1;0;2;0;1;3;-8,07663102;-34,94277871;SPRF-PE;DEL01-PE;UOP01-DEL01-PE
587902;17/03/2024;domingo;16:50:00;MG;50;133;UBERABA;Condutor Dormindo;Saída de leito carroçável;Sem Vítimas;Pleno dia;Crescente;Céu Claro;Dupla;"Aclive;Reta";Não;1;0;0;0;1;0;0;1;-19,41574308;-48,07159033;SPRF-MG;DEL13-MG;UOP01-DEL13-MG
587903;17/03/2024;domingo;18:10:00;RN;406;149;CEARA-MIRIM;Pedestre andava na pista;Atropelamento de Pedestre;Com Vítimas Feridas;Plena Noite;Decrescente;Garoa/Chuvisco;Simples;Reta;Não;2;0;1;0;0;1;1;2;-5,6485583;-35,44127004;SPRF-RN;DEL02-RN;UOP01-DEL02-RN
587905;17/03/2024;domingo;17:50:00;PR;116;17;CURITIBA;Demais falhas mecânicas ou elétricas;Tombamento;Com Vítimas Feridas;Anoitecer;Decrescente;Nublado;Dupla;Reta;Sim;2;0;2;0;0;0;2;1;-25,389;-49,1867;SPRF-PR;DEL01-PR;UOP02-DEL01-PR
587906;17/03/2024;domingo;17:45:00;MG;40;546,5;NOVA LIMA;Manobra de mudança de faixa;Colisão lateral mesmo sentido;Com Vítimas Feridas;Pleno dia;Decrescente;Céu Claro;Dupla;Reta;Não;7;0;2;0;4;1;2;3;-20,01395994;-43,96859407;SPRF-MG;DEL01-MG;UOP02-DEL01-MG
587907;17/03/2024;domingo;18:00:00;SC;101;139;BALNEARIO CAMBORIU;Condutor deixou de manter distância do veículo da frente;Colisão traseira;Com Vítimas Feridas;Anoitecer;Decrescente;Céu Claro;Dupla;Reta;Sim;3;0;1;1;1;0;2;2;-27,02982303;-48,60115006;SPRF-SC;DEL04-SC;UOP03-DEL04-SC
587908;07/01/2024;domingo;22:40:00;RS;101;71;OSORIO;Pedestre - Ingestão de álcool/ substâncias psicoativas;Atropelamento de Pedestre;Com Vítimas Fatais;Plena Noite;Crescente;Céu Claro;Dupla;Reta;Não;6;1;0;0;4;1;0;3;-29,759604;-50,21723;SPRF-RS;DEL03-RS;UOP01-DEL03-RS
587909;17/03/2024;domingo;18:00:00;BA;410;5,5;RIBEIRA DO POMBAL;Entrada inopinada do pedestre;Colisão traseira;Com Vítimas Feridas;Anoitecer;Decrescente;Céu Claro;Simples;"Declive;Reta";Não;5;0;1;0;4;0;1;3;-10,83904026;-38,56813884;SPRF-BA;DEL07-BA;UOP02-DEL07-BA
587910;17/03/2024;domingo;17:00:00;SP;116;515;CAJATI;Velocidade Incompatível;Capotamento;Com Vítimas Feridas;Pleno dia;Decrescente;Garoa/Chuvisco;Dupla;"Curva;Declive";Não;2;0;1;0;1;0;1;1;-24,86704083;-48,21738184;SPRF-SP;DEL05-SP;UOP02-DEL05-SP
587911;17/03/2024;domingo;18:00:00;MG;381;511;IGARAPE;Avarias e/ou desgaste excessivo no pneu;Tombamento;Com Vítimas Feridas;Plena Noite;Crescente;Céu Claro;Dupla;Reta;Sim;1;0;1;0;0;0;1;1;-20,08463223;-44,3099407;SPRF-MG;DEL01-MG;UOP03-DEL01-MG
587912;17/03/2024;domingo;17:22:00;ES;259;32;COLATINA;Ausência de reação do condutor;Colisão traseira;Sem Vítimas;Anoitecer;Decrescente;Céu Claro;Simples;Reta;Não;2;0;0;0;0;2;0;2;-19,57831211;-40,50880592;SPRF-ES;DEL02-ES;UOP01-DEL02-ES
587913;17/03/2024;domingo;18:25:00;RJ;116;82;TERESOPOLIS;Iluminação deficiente;Atropelamento de Pedestre;Com Vítimas Feridas;Plena Noite;Decrescente;Nublado;Simples;"Declive;Reta";Sim;2;0;0;1;1;0;1;2;-22,4065491;-42,95136745;SPRF-RJ;DEL04-RJ;UOP01-DEL04-RJ
587915;17/03/2024;domingo;17:55:00;SP;153;1,8;ICEM;Ingestão de álcool pelo condutor;Saída de leito carroçável;Com Vítimas Feridas;Anoitecer;Crescente;Céu Claro;Simples;"Reta;Declive";Não;4;0;3;1;0;0;4;1;-20,31427991;-49,20946944;SPRF-SP;DEL09-SP;UOP01-DEL09-SP
587916;17/03/2024;domingo;18:00:00;MG;365;7;MONTES CLAROS;Ingestão de álcool pelo condutor;Colisão traseira;Sem Vítimas;Anoitecer;Decrescente;Nublado;Simples;"Declive;Reta";Não;2;0;0;0;2;0;0;2;-16,82885665;-43,92602929;SPRF-MG;DEL12-MG;UOP01-DEL12-MG
587918;17/03/2024;domingo;19:00:00;TO;153;560;SANTA RITA DO TOCANTINS;Acessar a via sem observar a presença dos outros veículos;Colisão frontal;Com Vítimas Feridas;Plena Noite;Crescente;Céu Claro;Simples;Reta;Não;3;0;1;1;1;0;2;2;-11,007385;-48,90839085;SPRF-TO;DEL01-TO;UOP01-DEL01-TO
587919;17/03/2024;domingo;18:30:00;PR;476;59;TUNAS DO PARANA;Reação tardia ou ineficiente do condutor;Tombamento;Com Vítimas Feridas;Anoitecer;Decrescente;Nublado;Simples;Curva;Não;2;0;0;2;0;0;2;1;-24,99930905;-49,08053789;SPRF-PR;DEL01-PR;UOP01-DEL01-PR
587920;17/03/2024;domingo;18:13:00;SP;116;104;TAUBATE;Reação tardia ou ineficiente do condutor;Tombamento;Com Vítimas Feridas;Plena Noite;Decrescente;Nublado;Dupla;Reta;Não;3;0;1;1;1;0;2;2;-23,00340176;-45,50626912;SPRF-SP;DEL02-SP;UOP02-DEL02-SP
587921;17/03/2024;domingo;17:30:00;PR;376;446;PONTA GROSSA;Reação tardia ou ineficiente do condutor;Colisão com objeto;Com Vítimas Feridas;Anoitecer;Crescente;Chuva;Dupla;"Declive;Curva";Não;3;0;2;0;1;0;2;1;-24,90359202;-50,42244741;SPRF-PR;DEL03-PR;UOP02-DEL03-PR
587922;17/03/2024;domingo;14:20:00;PA;230;10,2;ALTAMIRA;Conversão proibida;Colisão transversal;Com Vítimas Feridas;Pleno dia;Decrescente;Céu Claro;Simples;"Declive;Reta";Sim;2;0;1;0;1;0;1;2;-3,203721;-52,206787;SPRF-PA;DEL04-PA;UOP01-DEL04-PA
587924;17/03/2024;domingo;18:00:00;RJ;40;109;DUQUE DE CAXIAS;Ausência de reação do condutor;Colisão traseira;Com Vítimas Feridas;Anoitecer;Crescente;Céu Claro;Múltipla;Reta;Sim;2;0;1;0;1;0;1;2;-22,67374628;-43,28638368;SPRF-RJ;DEL01-RJ;UOP02-DEL01-RJ
587925;17/03/2024;domingo;19:20:00;BA;324;6;FEIRA DE SANTANA;Condutor deixou de manter distância do veículo da frente;Colisão traseira;Com Vítimas Feridas;Plena Noite;Decrescente;Céu Claro;Dupla;Reta;Sim;3;0;2;0;1;0;2;2;-12,267113;-38,966988;SPRF-BA;DEL02-BA;UOP01-DEL02-BA
587926;17/03/2024;domingo;18:20:00;SC;101;41;JOINVILLE;Reação tardia ou ineficiente do condutor;Colisão traseira;Com Vítimas Feridas;Anoitecer;Crescente;Chuva;Dupla;Curva;Sim;5;0;1;0;4;0;1;4;-26,28215489;-48,88973081;SPRF-SC;DEL03-SC;UOP01-DEL03-SC
587927;17/03/2024;domingo;18:10:00;RJ;101;481;ANGRA DOS REIS;Manobra de mudança de faixa;Colisão frontal;Com Vítimas Feridas;Anoitecer;Crescente;Céu Claro;Simples;"Curva;Declive";Sim;2;0;0;1;1;0;1;2;-23,00976021;-44,29153237;SPRF-RJ;DEL03-RJ;UOP03-DEL03-RJ
587928;17/03/2024;domingo;18:24:00;SC;470;96,8;APIUNA;Ausência de reação do condutor;Colisão traseira;Com Vítimas Feridas;Anoitecer;Decrescente;Céu Claro;Simples;Reta;Sim;2;0;1;0;1;0;1;2;-26,98908907;-49,37444687;SPRF-SC;DEL04-SC;UOP01-DEL04-SC
587929;17/03/2024;domingo;18:45:00;SE;101;79,8;LARANJEIRAS;Ausência de reação do condutor;Colisão com objeto;Com Vítimas Feridas;Plena Noite;Crescente;Céu Claro;Dupla;Aclive;Não;1;0;0;1;0;0;1;1;-10,79083797;-37,14163167;SPRF-SE;DEL01-SE;UOP01-DEL01-SE
587931;17/03/2024;domingo;18:30:00;RJ;116;212;SEROPEDICA;Ausência de reação do condutor;Colisão traseira;Sem Vítimas;Anoitecer;Crescente;Céu Claro;Múltipla;Reta;Não;9;0;0;0;9;0;0;2;-22,71844298;-43,700897;SPRF-RJ;DEL06-RJ;UOP02-DEL06-RJ
587932;17/03/2024;domingo;19:15:00;RS;101;13,5;MAQUINE;Animais na Pista;Atropelamento de Animal;Com Vítimas Feridas;Plena Noite;Decrescente;Céu Claro;Simples;Reta;Não;2;0;1;0;1;0;1;1;-29,77181678;-50,17183542;SPRF-RS;DEL03-RS;UOP01-DEL03-RS
587933;17/03/2024;domingo;17:30:00;BA;242;419;SEABRA;Reação tardia ou ineficiente do condutor;Queda de ocupante de veículo;Com Vítimas Feridas;Anoitecer;Decrescente;Céu Claro;Simples;Reta;Não;2;0;1;0;1;0;1;1;-12,43288;-41,81167;SPRF-BA;DEL06-BA;UOP01-DEL06-BA
587934;17/03/2024;domingo;18:24:00;PB;230;501;CAJAZEIRAS;Ingestão de álcool pelo condutor;Colisão frontal;Com Vítimas Feridas;Plena Noite;Crescente;Nublado;Simples;Reta;Sim;6;0;3;3;0;0;6;2;-6,899;-38,5159;SPRF-PB;DEL03-PB;UOP03-DEL03-PB
587935;17/03/2024;domingo;18:10:00;BA;116;909,6;CANDIDO SALES;Pedestre andava na pista;Atropelamento de Pedestre;Com Vítimas Feridas;Plena Noite;Decrescente;Céu Claro;Simples;Reta;Sim;2;0;1;1;0;0;2;2;-15,51187;-41,236613;SPRF-BA;DEL08-BA;UOP03-DEL08-BA
587936;17/03/2024;domingo;19:50:00;GO;60;81;ANAPOLIS;Entrada inopinada do pedestre;Atropelamento de Pedestre;Com Vítimas Feridas;Plena Noite;Decrescente;Céu Claro;Dupla;Reta;Não;2;0;0;1;1;0;1;2;-16,3116;-48,8277;SPRF-GO;DEL02-GO;UOP01-DEL02-GO
587938;17/03/2024;domingo;18:45:00;RJ;393;285,5;VOLTA REDONDA;Ingestão de álcool pelo condutor;Colisão traseira;Sem Vítimas;Plena Noite;Crescente;Céu Claro;Dupla;Curva;Sim;3;0;0;0;3;0;0;3;-22,481726;-44,06308602;SPRF-RJ;DEL05-RJ;UOP04-DEL05-RJ
587939;17/03/2024;domingo;20:20:00;MG;381;537;ITATIAIUCU;Velocidade Incompatível;Colisão traseira;Sem Vítimas;Plena Noite;Decrescente;Céu Claro;Dupla;"Curva;Aclive";Não;3;0;0;0;3;0;0;2;-20,23206636;-44,39955388;SPRF-MG;DEL04-MG;UOP03-DEL04-MG
587940;17/03/2024;domingo;20:00:00;SC;101;48,7;JOINVILLE;Velocidade Incompatível;Saída de leito carroçável;Com Vítimas Feridas;Amanhecer;Crescente;Céu Claro;Múltipla;"Declive;Curva";Não;2;0;2;0;0;0;2;1;-26,35345909;-48,85867862;SPRF-SC;DEL03-SC;UOP01-DEL03-SC
587941;17/03/2024;domingo;19:13:00;RJ;493;48;DUQUE DE CAXIAS;Ausência de reação do condutor;Colisão com objeto;Com Vítimas Feridas;Plena Noite;Decrescente;Céu Claro;Dupla;Reta;Sim;1;0;1;0;0;0;1;1;-22,672089;-43,285053;SPRF-RJ;DEL01-RJ;UOP02-DEL01-RJ
587942;17/03/2024;domingo;19:30:00;AL;104;92;RIO LARGO;Condutor deixou de manter distância do veículo da frente;Colisão traseira;Com Vítimas Feridas;Plena Noite;Crescente;Céu Claro;Dupla;"Viaduto;Reta;Aclive";Sim;6;0;1;0;5;0;1;5;-9,51818474;-35,80329441;SPRF-AL;DEL01-AL;UOP01-DEL01-AL
587943;17/03/2024;domingo;19:00:00;GO;70;24;COCALZINHO DE GOIAS;Problema com o freio;Colisão lateral mesmo sentido;Sem Vítimas;Plena Noite;Crescente;Nublado;Dupla;Reta;Sim;6;0;0;0;6;0;0;3;-15,7404865;-48,40963905;SPRF-DF;DEL03-DF;UOP02-DEL03-DF
587944;17/03/2024;domingo;20:06:00;SP;116;206;GUARULHOS;Trafegar com motocicleta (ou similar) entre as faixas;Colisão traseira;Com Vítimas Feridas;Plena Noite;Crescente;Céu Claro;Dupla;Reta;Não;2;0;1;0;1;0;1;2;-23,41722629;-46,37510292;SPRF-SP;DEL01-SP;UOP01-DEL01-SP
587945;17/03/2024;domingo;19:00:00;SC;101;420,7;ARARANGUA;Animais na Pista;Atropelamento de Animal;Com Vítimas Feridas;Plena Noite;Crescente;Céu Claro;Simples;Reta;Não;1;0;1;0;0;0;1;1;-29,00320483;-49,56109643;SPRF-SC;DEL02-SC;UOP02-DEL02-SC
587946;17/03/2024;domingo;18:40:00;PE;232;378;FLORES;Condutor deixou de manter distância do veículo da frente;Colisão traseira;Com Vítimas Feridas;Plena Noite;Crescente;Céu Claro;Simples;Reta;Não;5;0;1;0;4;0;1;2;-8,03888707;-38,03255195;SPRF-PE;DEL04-PE;UOP01-DEL04-PE
587947;17/03/2024;domingo;18:00:00;SC;470;256;CURITIBANOS;Velocidade Incompatível;Colisão lateral sentido oposto;Com Vítimas Feridas;Anoitecer;Decrescente;Céu Claro;Simples;Reta;Não;2;0;0;1;1;0;1;2;-27,309309;-50,630985;SPRF-SC;DEL05-SC;UOP03-DEL05-SC
587948;17/03/2024;domingo;17:30:00;PR;376;438,8;TIBAGI;Velocidade Incompatível;Saída de leito carroçável;Com Vítimas Feridas;Pleno dia;Crescente;Chuva;Dupla;Curva;Não;2;0;1;0;1;0;1;1;-24,84975558;-50,46706404;SPRF-PR;DEL03-PR;UOP02-DEL03-PR
587949;17/03/2024;domingo;20:50:00;RS;392;127,2;CANGUCU;Ausência de reação do condutor;Tombamento;Com Vítimas Feridas;Plena Noite;Crescente;Nublado;Simples;"Reta;Declive";Não;1;0;1;0;0;0;1;1;-31,346957;-52,735889;SPRF-RS;DEL07-RS;UOP01-DEL07-RS