id;data_inversa;dia_semana;horario;uf;br;km;municipio;causa_acidente;tipo_acidente;classificacao_acidente;fase_dia;sentido_via;condicao_metereologica;tipo_pista;tracado_via;uso_solo;pessoas;mortos;feridos_leves;feridos_graves;ilesos;ignorados;feridos;veiculos;latitude;longitude;regional;delegacia;uop
588095;18/03/2024;segunda-feira;11:25:00;DF;20;21;BRASILIA;Condutor Dormindo;Colisão com objeto;Com Vítimas Feridas;Pleno dia;Crescente;Céu Claro;Dupla;Reta;Sim;1;0;1;0;0;0;1;1;-15,607905;-47,692791;SPRF-DF;DEL02-DF;UOP01-DEL02-DF
588106;18/03/2024;segunda-feira;11:40:00;ES;101;91;SAO MATEUS;Reação tardia ou ineficiente do condutor;Tombamento;Com Vítimas Feridas;Pleno dia;Decrescente;Céu Claro;Dupla;Reta;Sim;2;0;2;0;0;0;2;1;-18,90626994;-39,95995813;SPRF-ES;DEL04-ES;UOP02-DEL04-ES
588108;18/03/2024;segunda-feira;05:30:00;PE;101;64;RECIFE;Chuva;Colisão lateral mesmo sentido;Com Vítimas Feridas;Pleno dia;Crescente;Chuva;Múltipla;"Ponte;Reta";Não;2;0;1;0;0;1;1;2;-8,0162921;-34,94045886;SPRF-PE;DEL01-PE;UOP01-DEL01-PE
588109;18/03/2024;segunda-feira;08:20:00;RS;470;195;BENTO GONCALVES;Problema com o freio;Tombamento;Com Vítimas Feridas;Pleno dia;Crescente;Céu Claro;Simples;Reta;Não;1;0;1;0;0;0;1;1;-29,05083141;-51,57747053;SPRF-RS;DEL06-RS;UOP02-DEL06-RS
588110;18/03/2024;segunda-feira;11:45:00;PR;116;122;CURITIBA;Condutor deixou de manter distância do veículo da frente;Colisão traseira;Com Vítimas Feridas;Pleno dia;Decrescente;Céu Claro;Dupla;"Retorno Regulamentado;Reta";Não;2;0;1;0;1;0;1;2;-25,60933278;-49,31918263;SPRF-PR;DEL01-PR;UOP03-DEL01-PR
588111;18/03/2024;segunda-feira;11:45:00;PR;277;6,8;PARANAGUA;Reação tardia ou ineficiente do condutor;Saída de leito carroçável;Com Vítimas Feridas;Pleno dia;Crescente;Céu Claro;Simples;Curva;Sim;2;0;1;1;0;0;2;1;-25,568198;-48,615292;SPRF-PR;DEL01-PR;UOP05-DEL01-PR
588113;18/03/2024;segunda-feira;11:00:00;ES;101;323;GUARAPARI;Ausência de reação do condutor;Saída de leito carroçável;Com Vítimas Feridas;Pleno dia;Decrescente;Céu Claro;Dupla;Aclive;Não;1;0;1;0;0;0;1;1;-20,53698408;-40,48275222;SPRF-ES;DEL03-ES;UOP01-DEL03-ES
588114;18/03/2024;segunda-feira;12:57:00;RS;116;262;CANOAS;Reação tardia ou ineficiente do condutor;Tombamento;Com Vítimas Feridas;Pleno dia;Decrescente;Céu Claro;Dupla;Reta;Sim;2;0;1;0;0;1;1;2;-29,896475;-51,17593;SPRF-RS;DEL01-RS;UOP01-DEL01-RS
588117;18/03/2024;segunda-feira;11:45:00;SC;101;119;ITAJAI;Ausência de reação do condutor;Colisão lateral mesmo sentido;Sem Vítimas;Pleno dia;Decrescente;Sol;Dupla;Reta;Não;2;0;0;0;1;1;0;2;-26,9043179;-48,71555481;SPRF-SC;DEL04-SC;UOP04-DEL04-SC
588120;18/03/2024;segunda-feira;13:10:00;PB;230;25;JOAO PESSOA;Pista Escorregadia;Tombamento;Com Vítimas Feridas;Pleno dia;Crescente;Chuva;Dupla;Reta;Sim;1;0;1;0;0;0;1;1;-7,1707;-34,8684;SPRF-PB;DEL01-PB;UOP01-DEL01-PB
588122;18/03/2024;segunda-feira;13:20:00;RJ;101;539;PARATY;Velocidade Incompatível;Capotamento;Com Vítimas Feridas;Pleno dia;Crescente;Céu Claro;Simples;Reta;Não;2;0;1;0;1;0;1;1;-23,054095;-44,581914;SPRF-RJ;DEL03-RJ;UOP04-DEL03-RJ
588123;16/03/2024;sábado;16:40:00;RJ;101;324;NITEROI;Ausência de reação do condutor;Colisão traseira;Com Vítimas Feridas;Pleno dia;Decrescente;Céu Claro;Dupla;Reta;Não;5;0;2;0;3;0;2;3;-22,87381074;-43,12640997;SPRF-RJ;DEL02-RJ;UOP01-DEL02-RJ
588124;18/03/2024;segunda-feira;08:30:00;MG;381;162,7;GOVERNADOR VALADARES;Acessar a via sem observar a presença dos outros veículos;Saída de leito carroçável;Com Vítimas Feridas;Pleno dia;Decrescente;Céu Claro;Simples;Reta;Não;2;0;1;0;1;0;1;2;-18,91688087;-42,01264512;SPRF-MG;DEL06-MG;UOP01-DEL06-MG
588125;18/03/2024;segunda-feira;11:20:00;RS;290;42;SANTO ANTONIO DA PATRULHA;Manobra de mudança de faixa;Colisão lateral mesmo sentido;Com Vítimas Feridas;Pleno dia;Crescente;Céu Claro;Dupla;Reta;Não;4;0;1;0;2;1;1;3;-29,888767;-50,679028;SPRF-RS;DEL03-RS;UOP01-DEL03-RS
588128;18/03/2024;segunda-feira;13:15:00;PR;476;153;ARAUCARIA;Reação tardia ou ineficiente do condutor;Atropelamento de Pedestre;Com Vítimas Feridas;Pleno dia;Decrescente;Céu Claro;Dupla;Reta;Sim;2;0;1;0;1;0;1;2;-25,577307;-49,392338;SPRF-PR;DEL01-PR;UOP06-DEL01-PR
588129;18/03/2024;segunda-feira;12:30:00;RJ;356;72;ITALVA;Pedestre - Ingestão de álcool/ substâncias psicoativas;Atropelamento de Pedestre;Com Vítimas Feridas;Pleno dia;Crescente;Céu Claro;Simples;Reta;Não;2;0;1;0;1;0;1;2;-21,39690599;-41,69222213;SPRF-RJ;DEL08-RJ;UOP03-DEL08-RJ
588130;18/03/2024;segunda-feira;13:35:00;SE;101;95,8;NOSSA SENHORA DO SOCORRO;Ausência de reação do condutor;Tombamento;Com Vítimas Feridas;Pleno dia;Crescente;Céu Claro;Dupla;Reta;Não;1;0;1;0;0;0;1;1;-10,91256274;-37,15981218;SPRF-SE;DEL02-SE;UOP01-DEL02-SE
588131;04/03/2024;segunda-feira;17:30:00;MG;262;96;ABRE CAMPO;Acessar a via sem observar a presença dos outros veículos;Colisão transversal;Sem Vítimas;Plena Noite;Crescente;Céu Claro;Simples;"Rotatória;Reta";Sim;6;0;0;0;6;0;0;2;-20,295544;-42,48012;SPRF-MG;DEL03-MG;UOP03-DEL03-MG
588134;18/03/2024;segunda-feira;13:00:00;RN;110;42;MOSSORO;Condutor deixou de manter distância do veículo da frente;Colisão traseira;Com Vítimas Feridas;Pleno dia;Decrescente;Céu Claro;Simples;Reta;Não;7;0;2;0;2;3;2;2;-5,17931909;-37,28785097;SPRF-RN;DEL04-RN;UOP01-DEL04-RN
588136;04/02/2024;domingo;14:50:00;RN;101;80,4;SAO GONCALO DO AMARANTE;Manobra de mudança de faixa;Colisão transversal;Com Vítimas Feridas;Pleno dia;Crescente;Sol;Dupla;"Rotatória;Interseção de Vias";Sim;3;0;1;1;1;0;2;3;-5,7630083;-35,28737068;SPRF-RN;DEL02-RN;UOP01-DEL02-RN
588139;24/01/2024;quarta-feira;08:00:00;RS;392;67;PELOTAS;Acessar a via sem observar a presença dos outros veículos;Colisão transversal;Com Vítimas Feridas;Pleno dia;Crescente;Céu Claro;Dupla;"Viaduto;Rotatória";Sim;2;0;0;1;1;0;1;2;-31,75685309;-52,40060091;SPRF-RS;DEL07-RS;UOP01-DEL07-RS
588140;18/03/2024;segunda-feira;13:05:00;RS;153;46,5;ERECHIM;Manobra de mudança de faixa;Colisão lateral mesmo sentido;Com Vítimas Feridas;Pleno dia;Decrescente;Céu Claro;Simples;Reta;Sim;2;0;1;0;1;0;1;2;-27,6394671;-52,24218389;SPRF-RS;DEL08-RS;UOP04-DEL08-RS
588141;02/03/2024;sábado;23:07:00;RS;471;661;SANTA VITORIA DO PALMAR;Pedestre andava na pista;Atropelamento de Pedestre;Com Vítimas Fatais;Plena Noite;Crescente;Nublado;Simples;"Interseção de Vias;Reta";Sim;2;1;0;0;1;0;0;2;-33,618935;-53,407661;SPRF-RS;DEL07-RS;UOP04-DEL07-RS
588148;17/03/2024;domingo;06:50:00;BA;324;535;CONCEICAO DO JACUIPE;Reação tardia ou ineficiente do condutor;Colisão traseira;Com Vítimas Feridas;Pleno dia;Decrescente;Céu Claro;Dupla;Reta;Sim;2;0;1;0;1;0;1;2;-12,35775097;-38,82802597;SPRF-BA;DEL01-BA;UOP03-DEL01-BA
588159;18/03/2024;segunda-feira;14:30:00;MG;153;44;MONTE ALEGRE DE MINAS;Reação tardia ou ineficiente do condutor;Saída de leito carroçável;Com Vítimas Feridas;Pleno dia;Crescente;Céu Claro;Dupla;"Curva;Aclive";Não;2;0;1;0;1;0;1;1;-18,77297399;-49,07332603;SPRF-MG;DEL15-MG;UOP03-DEL15-MG
588160;18/03/2024;segunda-feira;12:45:00;BA;407;7;JUAZEIRO;Entrada inopinada do pedestre;Atropelamento de Pedestre;Com Vítimas Feridas;Pleno dia;Crescente;Sol;Dupla;Interseção de Vias;Sim;2;0;0;1;1;0;1;2;-9,46406081;-40,48272061;SPRF-PE;DEL06-PE;UOP01-DEL06-PE
588164;12/03/2024;terça-feira;18:30:00;SC;282;4,5;SAO JOSE;Reação tardia ou ineficiente do condutor;Colisão lateral mesmo sentido;Com Vítimas Feridas;Anoitecer;Decrescente;Nublado;Múltipla;Reta;Sim;2;0;1;0;1;0;1;2;-27,592646;-48,604034;SPRF-SC;DEL01-SC;UOP01-DEL01-SC
588166;18/03/2024;segunda-feira;13:40:00;MG;116;496,4;INHAPIM;Reação tardia ou ineficiente do condutor;Tombamento;Com Vítimas Feridas;Pleno dia;Crescente;Sol;Simples;Curva;Não;1;0;1;0;0;0;1;1;-19,52772702;-42,12719586;SPRF-MG;DEL06-MG;UOP02-DEL06-MG
588168;18/03/2024;segunda-feira;15:15:00;PE;101;64;RECIFE;Demais falhas mecânicas ou elétricas;Tombamento;Com Vítimas Feridas;Pleno dia;Crescente;Céu Claro;Múltipla;Reta;Sim;2;0;2;0;0;0;2;1;-8,00800604;-34,93756535;SPRF-PE;DEL01-PE;UOP01-DEL01-PE
588169;18/03/2024;segunda-feira;14:40:00;PR;369;113;URAI;Demais falhas mecânicas ou elétricas;Saída de leito carroçável;Com Vítimas Fatais;Pleno dia;Decrescente;Céu Claro;Dupla;Curva;Não;2;1;0;0;0;1;0;2;-23,27910567;-50,84170103;SPRF-PR;DEL07-PR;UOP05-DEL07-PR
588171;12/01/2024;sexta-feira;22:00:00;RS;116;488;TURUCU;Demais falhas mecânicas ou elétricas;Saída de leito carroçável;Com Vítimas Feridas;Plena Noite;Crescente;Céu Claro;Simples;Reta;Não;2;0;1;0;1;0;1;1;-31,45150701;-52,20482999;SPRF-RS;DEL07-RS;UOP01-DEL07-RS
588172;08/01/2024;segunda-feira;08:01:00;RS;293;2;CAPAO DO LEAO;Acessar a via sem observar a presença dos outros veículos;Colisão transversal;Com Vítimas Feridas;Pleno dia;Crescente;Céu Claro;Simples;Rotatória;Sim;3;0;2;0;1;0;2;2;-31,76298328;-52,41851807;SPRF-RS;DEL07-RS;UOP01-DEL07-RS
588173;17/02/2024;sábado;03:15:00;AL;101;46,9;FLEXEIRAS;Condutor Dormindo;Colisão com objeto;Com Vítimas Feridas;Plena Noite;Crescente;Céu Claro;Dupla;Curva;Não;26;0;5;0;21;0;5;1;-9,20835728;-35,78500271;SPRF-AL;DEL01-AL;UOP02-DEL01-AL
588174;18/03/2024;segunda-feira;11:20:00;MT;70;518;VARZEA GRANDE;Ultrapassagem Indevida;Colisão lateral mesmo sentido;Com Vítimas Feridas;Pleno dia;Decrescente;Sol;Simples;"Aclive;Reta";Não;2;0;1;0;1;0;1;2;-15,69312018;-56,16794586;SPRF-MT;DEL01-MT;UOP02-DEL01-MT
588176;18/03/2024;segunda-feira;15:40:00;SP;116;166;JACAREI;Trafegar com motocicleta (ou similar) entre as faixas;Colisão traseira;Com Vítimas Feridas;Pleno dia;Crescente;Chuva;Dupla;Declive;Sim;2;0;1;0;1;0;1;2;-23,30055667;-46,01686506;SPRF-SP;DEL02-SP;UOP01-DEL02-SP
588177;12/02/2024;segunda-feira;19:00:00;RJ;101;487;ANGRA DOS REIS;Reação tardia ou ineficiente do condutor;Queda de ocupante de veículo;Com Vítimas Feridas;Plena Noite;Crescente;Céu Claro;Simples;Reta;Não;2;0;1;0;1;0;1;2;-22,96904245;-44,29853797;SPRF-RJ;DEL03-RJ;UOP03-DEL03-RJ
588179;18/03/2024;segunda-feira;11:00:00;RO;364;343;JI-PARANA;Acessar a via sem observar a presença dos outros veículos;Colisão transversal;Com Vítimas Feridas;Pleno dia;Decrescente;Sol;Dupla;"Retorno Regulamentado;Declive";Sim;3;0;3;0;0;0;3;2;-10,87878519;-61,94499012;SPRF-RO;DEL02-RO;UOP01-DEL02-RO
588180;18/03/2024;segunda-feira;15:25:00;SC;101;140;BALNEARIO CAMBORIU;Reação tardia ou ineficiente do condutor;Colisão com objeto;Com Vítimas Feridas;Pleno dia;Crescente;Céu Claro;Simples;Declive;Não;1;0;1;0;0;0;1;1;-27,03881189;-48,60025148;SPRF-SC;DEL04-SC;UOP03-DEL04-SC
588181;18/03/2024;segunda-feira;15:45:00;PR;277;111;CAMPO LARGO;Reação tardia ou ineficiente do condutor;Tombamento;Com Vítimas Feridas;Pleno dia;Crescente;Chuva;Dupla;"Reta;Aclive";Sim;1;0;1;0;0;0;1;1;-25,4464525;-49,4727117;SPRF-PR;DEL03-PR;UOP03-DEL03-PR
588183;18/03/2024;segunda-feira;16:00:00;PE;316;24;ARARIPINA;Entrada inopinada do pedestre;Atropelamento de Pedestre;Com Vítimas Feridas;Pleno dia;Crescente;Céu Claro;Simples;Reta;Sim;3;0;0;1;2;0;1;2;-7,588004;-40,49662;SPRF-PE;DEL05-PE;UOP02-DEL05-PE
588184;18/03/2024;segunda-feira;14:40:00;RN;304;74,9;MOSSORO;Demais falhas mecânicas ou elétricas;Colisão frontal;Com Vítimas Feridas;Pleno dia;Crescente;Sol;Simples;Reta;Não;7;0;4;3;0;0;7;3;-5,43028812;-37,20332515;SPRF-RN;DEL04-RN;UOP01-DEL04-RN
588185;18/03/2024;segunda-feira;16:00:00;GO;414;402,8;ABADIANIA;Velocidade Incompatível;Saída de leito carroçável;Com Vítimas Feridas;Pleno dia;Decrescente;Chuva;Simples;Curva;Não;3;0;1;1;1;0;2;1;-15,99146056;-48,83559539;SPRF-GO;DEL02-GO;UOP01-DEL02-GO
588186;18/03/2024;segunda-feira;17:00:00;CE;222;2,5;FORTALEZA;Manobra de mudança de faixa;Tombamento;Sem Vítimas;Pleno dia;Crescente;Céu Claro;Múltipla;Reta;Sim;3;0;0;0;3;0;0;3;-3,73911117;-38,58687498;SPRF-CE;DEL01-CE;UOP01-DEL01-CE
588189;18/03/2024;segunda-feira;15:22:00;PE;407;127;PETROLINA;Condutor desrespeitou a iluminação vermelha do semáforo;Colisão transversal;Com Vítimas Feridas;Pleno dia;Crescente;Sol;Simples;"Em Obras;Interseção de Vias";Sim;3;0;2;0;1;0;2;2;-9,3908678;-40,52038627;SPRF-PE;DEL06-PE;UOP01-DEL06-PE
588190;16/01/2024;terça-feira;18:15:00;RO;364;239,5;CACOAL;Demais falhas na via;Queda de ocupante de veículo;Com Vítimas Feridas;Pleno dia;Crescente;Céu Claro;Simples;Curva;Sim;2;0;0;1;1;0;1;1;-11,43401078;-61,46878481;SPRF-RO;DEL02-RO;UOP02-DEL02-RO
588193;18/03/2024;segunda-feira;16:30:00;ES;101;60,6;SAO MATEUS;Acesso irregular;Colisão lateral mesmo sentido;Com Vítimas Feridas;Anoitecer;Decrescente;Céu Claro;Simples;Reta;Sim;4;0;0;1;3;0;1;2;-18,67286757;-39,86626189;SPRF-ES;DEL04-ES;UOP02-DEL04-ES
588194;18/03/2024;segunda-feira;17:05:00;RN;110;49,2;MOSSORO;Manobra de mudança de faixa;Colisão traseira;Com Vítimas Feridas;Pleno dia;Crescente;Nublado;Dupla;Reta;Sim;2;0;0;1;1;0;1;2;-5,21645975;-37,32927128;SPRF-RN;DEL04-RN;UOP01-DEL04-RN
588195;18/03/2024;segunda-feira;17:23:00;SC;101;205;SAO JOSE;Ausência de reação do condutor;Colisão lateral mesmo sentido;Com Vítimas Feridas;Pleno dia;Crescente;Nublado;Dupla;Reta;Sim;2;0;1;0;1;0;1;2;-27,58313237;-48,61532885;SPRF-SC;DEL01-SC;UOP01-DEL01-SC
588196;18/03/2024;segunda-feira;17:45:00;SE;101;87;NOSSA SENHORA DO SOCORRO;Demais falhas mecânicas ou elétricas;Queda de ocupante de veículo;Com Vítimas Feridas;Anoitecer;Decrescente;Céu Claro;Dupla;Reta;Sim;2;0;2;0;0;0;2;1;-10,86174498;-37,13526579;SPRF-SE;DEL01-SE;UOP01-DEL01-SE
588197;18/03/2024;segunda-feira;14:35:00;PE;428;187,6;PETROLINA;Acessar a via sem observar a presença dos outros veículos;Colisão transversal;Com Vítimas Feridas;Pleno dia;Crescente;Céu Claro;Dupla;Reta;Sim;3;0;3;0;0;0;3;2;-9,35604301;-40,47854198;SPRF-PE;DEL06-PE;UOP01-DEL06-PE
588199;18/03/2024;segunda-feira;12:00:00;MT;163;629;NOVA MUTUM;Demais falhas mecânicas ou elétricas;Saída de leito carroçável;Sem Vítimas;Pleno dia;Decrescente;Céu Claro;Simples;Reta;Não;1;0;0;0;1;0;0;1;-13,655916;-56,03628006;SPRF-MT;DEL01-MT;UOP01-DEL01-MT
588200;18/03/2024;segunda-feira;17:50:00;RS;290;108;ELDORADO DO SUL;Desrespeitar a preferência no cruzamento;Colisão com objeto;Com Vítimas Feridas;Pleno dia;Crescente;Chuva;Simples;Rotatória;Sim;1;0;0;1;0;0;1;1;-30,006546;-51,312927;SPRF-RS;DEL02-RS;UOP01-DEL02-RS
588201;18/03/2024;segunda-feira;18:05:00;SP;116;220;GUARULHOS;Manobra de mudança de faixa;Colisão lateral mesmo sentido;Com Vítimas Feridas;Anoitecer;Crescente;Chuva;Múltipla;Reta;Sim;2;0;1;0;1;0;1;2;-23,46472809;-46,49793962;SPRF-SP;DEL01-SP;UOP01-DEL01-SP
588203;05/03/2024;terça-feira;21:10:00;PE;408;101,6;RECIFE;Demais falhas mecânicas ou elétricas;Incêndio;Sem Vítimas;Plena Noite;Decrescente;Céu Claro;Dupla;Declive;Não;1;0;0;0;0;1;0;1;-8,04710272;-35,00887967;SPRF-PE;DEL01-PE;UOP01-DEL01-PE
588205;18/03/2024;segunda-feira;07:10:00;SC;470;247,5;CURITIBANOS;Velocidade Incompatível;Saída de leito carroçável;Com Vítimas Feridas;Pleno dia;Decrescente;Céu Claro;Simples;"Interseção de Vias;Rotatória";Sim;2;0;2;0;0;0;2;1;-27,315269;-50,541786;SPRF-SC;DEL05-SC;UOP03-DEL05-SC
588206;18/03/2024;segunda-feira;18:15:00;MG;40;464,9;SETE LAGOAS;Pista Escorregadia;Saída de leito carroçável;Com Vítimas Feridas;Plena Noite;Decrescente;Chuva;Dupla;"Declive;Reta";Não;1;0;1;0;0;0;1;1;-19,43110896;-44,33657482;SPRF-MG;DEL02-MG;UOP01-DEL02-MG
588207;18/03/2024;segunda-feira;17:50:00;MG;381;496;BETIM;Condutor deixou de manter distância do veículo da frente;Engavetamento;Com Vítimas Feridas;Pleno dia;Crescente;Céu Claro;Dupla;Reta;Sim;4;0;1;0;3;0;1;3;-19,99676497;-44,20958506;SPRF-MG;DEL01-MG;UOP03-DEL01-MG
588208;18/03/2024;segunda-feira;17:40:00;PE;101;46;IGARASSU;Condutor deixou de manter distância do veículo da frente;Engavetamento;Com Vítimas Feridas;Plena Noite;Crescente;Céu Claro;Múltipla;Reta;Sim;5;0;1;0;4;0;1;4;-7,87355263;-34,90627885;SPRF-PE;DEL01-PE;UOP02-DEL01-PE
588209;18/03/2024;segunda-feira;18:30:00;MG;381;830;SAO SEBASTIAO DA BELA VISTA;Demais falhas mecânicas ou elétricas;Tombamento;Com Vítimas Feridas;Anoitecer;Crescente;Nublado;Dupla;Reta;Não;2;0;1;0;1;0;1;1;-22,12108828;-45,76781988;SPRF-MG;DEL16-MG;UOP01-DEL16-MG
588210;18/03/2024;segunda-feira;18:20:00;RJ;393;282;VOLTA REDONDA;Acesso irregular;Colisão lateral sentido oposto;Sem Vítimas;Pleno dia;Crescente;Chuva;Simples;"Interseção de Vias;Reta";Sim;2;0;0;0;1;1;0;2;-22,48082784;-44,04047201;SPRF-RJ;DEL05-RJ;UOP04-DEL05-RJ
588211;18/03/2024;segunda-feira;17:40:00;SC;470;142;RIO DO SUL;Condutor deixou de manter distância do veículo da frente;Colisão traseira;Com Vítimas Feridas;Anoitecer;Decrescente;Céu Claro;Dupla;Reta;Sim;3;0;1;0;2;0;1;3;-27,229801;-49,6693;SPRF-SC;DEL04-SC;UOP02-DEL04-SC
588212;18/03/2024;segunda-feira;18:30:00;ES;101;268;SERRA;Condutor deixou de manter distância do veículo da frente;Colisão traseira;Com Vítimas Feridas;Anoitecer;Decrescente;Céu Claro;Dupla;Reta;Não;2;0;1;0;0;1;1;2;-20,20842;-40,269405;SPRF-ES;DEL02-ES;UOP01-DEL02-ES
588213;18/03/2024;segunda-feira;17:40:00;ES;101;298,3;VIANA;Trafegar com motocicleta (ou similar) entre as faixas;Colisão lateral mesmo sentido;Com Vítimas Feridas;Anoitecer;Decrescente;Céu Claro;Múltipla;Reta;Sim;2;0;0;1;1;0;1;2;-20,35374444;-40,4156433;SPRF-ES;DEL01-ES;UOP01-DEL01-ES
588215;18/03/2024;segunda-feira;19:00:00;MG;50;181,7;UBERABA;Animais na Pista;Atropelamento de Animal;Com Vítimas Feridas;Plena Noite;Decrescente;Céu Claro;Dupla;Reta;Sim;1;0;0;1;0;0;1;1;-19,785967;-47,916336;SPRF-MG;DEL13-MG;UOP01-DEL13-MG
588216;18/03/2024;segunda-feira;15:50:00;MS;163;113;ITAQUIRAI;Problema com o freio;Colisão com objeto;Sem Vítimas;Pleno dia;Crescente;Céu Claro;Dupla;Reta;Não;1;0;0;0;1;0;0;1;-23,17022102;-54,19924375;SPRF-MS;DEL09-MS;UOP01-DEL09-MS
588217;12/03/2024;terça-feira;19:00:00;MG;40;581,9;ITABIRITO;Conversão proibida;Colisão transversal;Com Vítimas Feridas;Plena Noite;Crescente;Céu Claro;Simples;Curva;Sim;3;0;1;0;2;0;1;2;-20,30234388;-43,93887077;SPRF-MG;DEL01-MG;UOP02-DEL01-MG
588219;18/03/2024;segunda-feira;17:25:00;SC;116;211,1;PONTE ALTA;Reação tardia ou ineficiente do condutor;Colisão com objeto;Com Vítimas Feridas;Pleno dia;Decrescente;Céu Claro;Simples;Curva;Não;1;0;0;1;0;0;1;1;-27,51040007;-50,36397936;SPRF-SC;DEL05-SC;UOP03-DEL05-SC
588221;18/03/2024;segunda-feira;17:30:00;MT;364;405;CUIABA;Manobra de mudança de faixa;Colisão lateral mesmo sentido;Com Vítimas Feridas;Pleno dia;Decrescente;Céu Claro;Dupla;"Reta;Rotatória";Sim;2;0;1;0;0;1;1;2;-15,64116212;-56,02166247;SPRF-MT;DEL01-MT;UOP02-DEL01-MT
588222;18/03/2024;segunda-feira;18:45:00;MG;381;486;BETIM;Trafegar com motocicleta (ou similar) entre as faixas;Colisão lateral mesmo sentido;Com Vítimas Feridas;Pleno dia;Crescente;Céu Claro;Dupla;Reta;Sim;2;0;0;1;1;0;1;2;-19,95644414;-44,13611598;SPRF-MG;DEL01-MG;UOP03-DEL01-MG
588223;18/03/2024;segunda-feira;18:35:00;PB;230;121,2;RIACHAO DO BACAMARTE;Manobra de mudança de faixa;Colisão transversal;Com Vítimas Feridas;Plena Noite;Crescente;Céu Claro;Dupla;Reta;Não;5;0;2;0;3;0;2;2;-7,246471;-35,657018;SPRF-PB;DEL02-PB;UOP01-DEL02-PB
588224;18/03/2024;segunda-feira;19:28:00;ES;101;268,5;SERRA;Manobra de mudança de faixa;Colisão lateral mesmo sentido;Com Vítimas Feridas;Plena Noite;Decrescente;Céu Claro;Múltipla;Reta;Sim;2;0;1;0;1;0;1;2;-20,20842;-40,269405;SPRF-ES;DEL02-ES;UOP01-DEL02-ES
588226;18/03/2024;segunda-feira;19:40:00;MG;459;29,5;CALDAS;Transitar na contramão;Colisão frontal;Com Vítimas Fatais;Plena Noite;Crescente;Céu Claro;Simples;Curva;Não;3;1;2;0;0;0;2;2;-21,90761345;-46,38092995;SPRF-MG;DEL09-MG;UOP01-DEL09-MG
588231;18/03/2024;segunda-feira;20:30:00;PR;116;121;CURITIBA;Velocidade Incompatível;Colisão lateral mesmo sentido;Com Vítimas Feridas;Plena Noite;Crescente;Nublado;Dupla;"Declive;Reta";Não;2;0;0;1;1;0;1;2;-25,59943892;-49,31733727;SPRF-PR;DEL01-PR;UOP03-DEL01-PR
588232;18/03/2024;segunda-feira;17:15:00;RJ;465;22;RIO DE JANEIRO;Trafegar com motocicleta (ou similar) entre as faixas;Colisão transversal;Com Vítimas Feridas;Pleno dia;Crescente;Céu Claro;Simples;Reta;Sim;2;0;1;0;1;0;1;2;-22,863579;-43,601479;SPRF-RJ;DEL03-RJ;UOP01-DEL03-RJ
588234;18/03/2024;segunda-feira;18:30:00;PE;101;52;PAULISTA;Curva acentuada;Colisão frontal;Com Vítimas Fatais;Plena Noite;Crescente;Céu Claro;Simples;Curva;Sim;2;1;0;1;0;0;1;1;-7,92358799;-34,89607201;SPRF-PE;DEL01-PE;UOP02-DEL01-PE
588235;18/03/2024;segunda-feira;17:45:00;SC;101;43,9;JOINVILLE;Desrespeitar a preferência no cruzamento;Colisão transversal;Com Vítimas Feridas;Anoitecer;Crescente;Nublado;Simples;Interseção de Vias;Não;2;0;1;0;1;0;1;2;-26,31238996;-48,87458997;SPRF-SC;DEL03-SC;UOP01-DEL03-SC
588237;18/03/2024;segunda-feira;11:45:00;SC;470;5;NAVEGANTES;Transitar no Acostamento;Colisão transversal;Com Vítimas Feridas;Pleno dia;Decrescente;Nublado;Simples;Interseção de Vias;Não;3;0;2;0;1;0;2;2;-26,855688;-48,700333;SPRF-SC;DEL04-SC;UOP04-DEL04-SC
588240;18/03/2024;segunda-feira;20:30:00;MG;40;497;ESMERALDAS;Animais na Pista;Atropelamento de Animal;Com Vítimas Feridas;Plena Noite;Crescente;Chuva;Dupla;"Reta;Aclive";Sim;3;0;1;0;2;0;1;2;-19,67802022;-44,18830216;SPRF-MG;DEL02-MG;UOP01-DEL02-MG
588241;18/03/2024;segunda-feira;20:26:00;CE;NA;NA;CHOROZINHO;Ingestão de álcool pelo condutor;Colisão lateral sentido oposto;Sem Vítimas;Plena Noite;Não Informado;Nublado;Simples;Reta;Sim;2;0;0;0;2;0;0;2;-4,33249129;-38,48143816;SPRF-CE;DEL03-CE;UOP02-DEL03-CE
588242;18/03/2024;segunda-feira;19:30:00;MG;365;591,5;ARAGUARI;Demais falhas mecânicas ou elétricas;Incêndio;Sem Vítimas;Plena Noite;Decrescente;Céu Claro;Simples;"Aclive;Reta";Não;1;0;0;0;1;0;0;1;-18,88151863;-48,05235386;SPRF-MG;DEL15-MG;UOP02-DEL15-MG
588243;18/03/2024;segunda-feira;21:20:00;TO;10;454,1;PALMAS;Pedestre cruzava a pista fora da faixa;Atropelamento de Pedestre;Com Vítimas Fatais;Plena Noite;Crescente;Céu Claro;Múltipla;Reta;Sim;3;1;1;0;1;0;1;2;-10,22066983;-48,16302307;SPRF-TO;DEL01-TO;UOP03-DEL01-TO