id;data_inversa;dia_semana;horario;uf;br;km;municipio;causa_acidente;tipo_acidente;classificacao_acidente;fase_dia;sentido_via;condicao_metereologica;tipo_pista;tracado_via;uso_solo;pessoas;mortos;feridos_leves;feridos_graves;ilesos;ignorados;feridos;veiculos;latitude;longitude;regional;delegacia;uop
588509;20/03/2024;quarta-feira;07:50:00;MG;40;632,5;CONSELHEIRO LAFAIETE;Retorno proibido;Colisão transversal;Com Vítimas Feridas;Pleno dia;Crescente;Céu Claro;Simples;"Aclive;Reta";Sim;9;0;1;0;8;0;1;2;-20,67348593;-43,7968977;SPRF-MG;DEL05-MG;UOP02-DEL05-MG
588510;20/03/2024;quarta-feira;08:00:00;RJ;493;0,1;ITABORAI;Acesso irregular;Colisão transversal;Com Vítimas Feridas;Pleno dia;Decrescente;Céu Claro;Simples;Reta;Sim;2;0;0;1;1;0;1;2;-22,77062;-42,92223;SPRF-RJ;DEL02-RJ;UOP02-DEL02-RJ
588511;20/03/2024;quarta-feira;07:30:00;MG;251;498,1;FRANCISCO SA;Demais falhas mecânicas ou elétricas;Incêndio;Sem Vítimas;Pleno dia;Decrescente;Sol;Simples;Reta;Não;1;0;0;0;1;0;0;1;-16,58313895;-43,63386007;SPRF-MG;DEL12-MG;UOP01-DEL12-MG
588513;20/03/2024;quarta-feira;06:45:00;PE;232;105;BEZERROS;Acessar a via sem observar a presença dos outros veículos;Saída de leito carroçável;Com Vítimas Feridas;Pleno dia;Decrescente;Sol;Dupla;Reta;Não;2;0;0;1;1;0;1;2;-8,26000483;-35,78586102;SPRF-PE;DEL02-PE;UOP02-DEL02PE
588514;20/03/2024;quarta-feira;09:10:00;PR;369;159;CAMBE;Manobra de mudança de faixa;Colisão lateral mesmo sentido;Com Vítimas Feridas;Pleno dia;Decrescente;Céu Claro;Dupla;Reta;Não;2;0;0;1;1;0;1;2;-23,29819921;-51,19862453;SPRF-PR;DEL07-PR;UOP01-DEL07-PR
588515;19/03/2024;terça-feira;16:10:00;CE;20;314,2;CANINDE;Ultrapassagem Indevida;Colisão transversal;Com Vítimas Feridas;Pleno dia;Crescente;Chuva;Simples;"Reta;Aclive";Não;7;0;2;0;5;0;2;2;-4,31121804;-39,26572594;SPRF-CE;DEL02-CE;UOP01-DEL02-CE
588516;20/03/2024;quarta-feira;09:31:00;RN;101;104;PARNAMIRIM;Manobra de mudança de faixa;Colisão traseira;Com Vítimas Feridas;Pleno dia;Decrescente;Céu Claro;Múltipla;"Aclive;Curva";Sim;2;0;1;0;1;0;1;2;-5,892745;-35,257225;SPRF-RN;DEL01-RN;UOP01-DEL01-RN
588518;20/03/2024;quarta-feira;09:40:00;PR;277;1,3;PARANAGUA;Manobra de mudança de faixa;Colisão lateral mesmo sentido;Com Vítimas Feridas;Pleno dia;Crescente;Céu Claro;Simples;Reta;Não;2;0;1;0;1;0;1;2;-25,54043764;-48,53636384;SPRF-PR;DEL01-PR;UOP05-DEL01-PR
588519;23/02/2024;sexta-feira;10:15:00;PR;476;145;CURITIBA;Reação tardia ou ineficiente do condutor;Colisão lateral mesmo sentido;Com Vítimas Feridas;Pleno dia;Crescente;Sol;Dupla;Reta;Sim;2;0;0;1;1;0;1;2;-25,547749;-49,32095;SPRF-PR;DEL01-PR;UOP06-DEL01-PR
588520;20/03/2024;quarta-feira;09:00:00;MG;365;620,2;UBERLANDIA;Pista Escorregadia;Colisão traseira;Com Vítimas Feridas;Pleno dia;Crescente;Chuva;Dupla;Reta;Não;1;0;0;1;0;0;1;1;-18,88759;-48,26823;SPRF-MG;DEL15-MG;UOP01-DEL15-MG
588521;20/03/2024;quarta-feira;09:45:00;MG;381;0,3;BETIM;Trafegar com motocicleta (ou similar) entre as faixas;Colisão lateral mesmo sentido;Com Vítimas Feridas;Pleno dia;Decrescente;Nublado;Dupla;"Curva;Aclive";Não;3;0;0;1;1;1;1;3;-19,963855;-44,157759;SPRF-MG;DEL01-MG;UOP03-DEL01-MG
588522;20/03/2024;quarta-feira;04:00:00;PE;408;49;NAZARE DA MATA;Animais na Pista;Atropelamento de Animal;Sem Vítimas;Plena Noite;Crescente;Ignorado;Simples;Reta;Não;1;0;0;0;0;1;0;1;-7,72110607;-35,2389439;SPRF-PE;DEL01-PE;UOP02-DEL01-PE
588524;20/03/2024;quarta-feira;09:30:00;MG;262;368;JUATUBA;Reação tardia ou ineficiente do condutor;Engavetamento;Com Vítimas Feridas;Pleno dia;Decrescente;Céu Claro;Dupla;Reta;Não;4;0;1;0;2;1;1;4;-19,97354;-44,32765;SPRF-MG;DEL01-MG;UOP03-DEL01-MG
588528;20/03/2024;quarta-feira;11:00:00;RS;101;77,2;OSORIO;Reação tardia ou ineficiente do condutor;Saída de leito carroçável;Com Vítimas Feridas;Pleno dia;Decrescente;Céu Claro;Dupla;Reta;Não;2;0;2;0;0;0;2;1;-29,81058704;-50,24122892;SPRF-RS;DEL03-RS;UOP01-DEL03-RS
588532;20/03/2024;quarta-feira;09:50:00;PR;163;164,9;LINDOESTE;Reação tardia ou ineficiente do condutor;Colisão lateral mesmo sentido;Com Vítimas Feridas;Pleno dia;Decrescente;Sol;Simples;"Reta;Aclive";Sim;4;0;3;0;1;0;3;2;-25,30707401;-53,58023998;SPRF-PR;DEL05-PR;UOP05-DEL05-PR
588533;20/03/2024;quarta-feira;11:40:00;RJ;116;169;RIO DE JANEIRO;Ausência de reação do condutor;Colisão traseira;Com Vítimas Feridas;Pleno dia;Decrescente;Céu Claro;Dupla;Reta;Sim;2;0;1;0;1;0;1;2;-22,816206;-43,324463;SPRF-RJ;DEL06-RJ;UOP01-DEL06-RJ
588535;20/03/2024;quarta-feira;11:45:00;ES;101;66;SAO MATEUS;Manobra de mudança de faixa;Tombamento;Com Vítimas Feridas;Pleno dia;Decrescente;Céu Claro;Dupla;Curva;Sim;2;0;0;1;0;1;1;2;-18,7165195;-39,87436378;SPRF-ES;DEL04-ES;UOP02-DEL04-ES
588536;20/03/2024;quarta-feira;11:59:00;RN;101;94;NATAL;Ausência de reação do condutor;Colisão traseira;Com Vítimas Feridas;Pleno dia;Crescente;Céu Claro;Dupla;Interseção de Vias;Sim;7;0;1;3;3;0;4;4;-5,83176615;-35,21191342;SPRF-RN;DEL01-RN;UOP01-DEL01-RN
588537;20/03/2024;quarta-feira;12:15:00;RS;116;150;CAXIAS DO SUL;Manobra de mudança de faixa;Colisão lateral mesmo sentido;Com Vítimas Feridas;Pleno dia;Crescente;Céu Claro;Dupla;"Retorno Regulamentado;Curva";Não;3;0;1;0;2;0;1;3;-29,1684513;-51,15865767;SPRF-RS;DEL05-RS;UOP01-DEL05-RS
588538;11/02/2024;domingo;14:30:00;RS;116;253,3;SAPUCAIA DO SUL;Manobra de mudança de faixa;Queda de ocupante de veículo;Com Vítimas Feridas;Pleno dia;Decrescente;Céu Claro;Múltipla;Viaduto;Sim;1;0;1;0;0;0;1;1;-29,81784209;-51,16996166;SPRF-RS;DEL01-RS;UOP02-DEL01-RS
588539;19/01/2024;sexta-feira;03:45:00;RJ;101;305;SAO GONCALO;Reação tardia ou ineficiente do condutor;Atropelamento de Animal;Com Vítimas Feridas;Plena Noite;Decrescente;Céu Claro;Dupla;Reta;Não;3;0;1;1;1;0;2;1;-22,78702832;-42,99589293;SPRF-RJ;DEL02-RJ;UOP02-DEL02-RJ
588540;20/03/2024;quarta-feira;12:05:00;SC;101;224,8;PALHOCA;Avarias e/ou desgaste excessivo no pneu;Tombamento;Com Vítimas Feridas;Pleno dia;Crescente;Céu Claro;Dupla;Reta;Não;2;0;2;0;0;0;2;1;-27,72384789;-48,64386769;SPRF-SC;DEL01-SC;UOP02-DEL01-SC
588542;20/03/2024;quarta-feira;12:00:00;PR;476;160;ARAUCARIA;Entrada inopinada do pedestre;Atropelamento de Pedestre;Com Vítimas Fatais;Pleno dia;Crescente;Sol;Simples;Reta;Sim;2;1;1;0;0;0;1;2;-25,61833006;-49,43714619;SPRF-PR;DEL01-PR;UOP06-DEL01-PR
588544;20/03/2024;quarta-feira;12:10:00;GO;40;29;LUZIANIA;Acessar a via sem observar a presença dos outros veículos;Colisão transversal;Com Vítimas Feridas;Pleno dia;Crescente;Céu Claro;Dupla;Reta;Sim;2;0;0;1;1;0;1;2;-16,27601405;-47,86621571;SPRF-DF;DEL01-DF;UOP01-DEL01-DF
588546;21/02/2024;quarta-feira;15:30:00;RJ;116;184;NOVA IGUACU;Ausência de reação do condutor;Tombamento;Com Vítimas Feridas;Pleno dia;Crescente;Chuva;Dupla;Reta;Sim;1;0;0;1;0;0;1;1;-22,73841263;-43,49607468;SPRF-RJ;DEL06-RJ;UOP01-DEL06-RJ
588547;12/03/2024;terça-feira;07:00:00;MG;40;529,9;CONTAGEM;Reação tardia ou ineficiente do condutor;Atropelamento de Pedestre;Com Vítimas Feridas;Amanhecer;Decrescente;Céu Claro;Dupla;Reta;Sim;3;0;0;1;0;2;1;2;-19,92064782;-44,0335681;SPRF-MG;DEL01-MG;UOP02-DEL01-MG
588549;20/03/2024;quarta-feira;12:50:00;PR;116;210,7;RIO NEGRO;Acessar a via sem observar a presença dos outros veículos;Colisão transversal;Com Vítimas Feridas;Pleno dia;Crescente;Céu Claro;Simples;"Retorno Regulamentado;Interseção de Vias;Reta";Sim;2;0;1;0;1;0;1;2;-26,07479435;-49,76117178;SPRF-SC;DEL06-SC;UOP01-DEL06-SC
588552;20/03/2024;quarta-feira;12:30:00;SP;381;88,9;GUARULHOS;Acesso irregular;Colisão traseira;Com Vítimas Feridas;Pleno dia;Crescente;Nublado;Dupla;Reta;Sim;2;0;1;0;1;0;1;2;-23,47469314;-46,56112919;SPRF-SP;DEL03-SP;UOP01-DEL03-SP
588554;20/03/2024;quarta-feira;11:35:00;RO;364;423,9;JARU;Acessar a via sem observar a presença dos outros veículos;Colisão transversal;Sem Vítimas;Pleno dia;Crescente;Céu Claro;Simples;"Reta;Interseção de Vias";Sim;2;0;0;0;2;0;0;2;-10,44115992;-62,46794879;SPRF-RO;DEL03-RO;UOP02-DEL03-RO
588555;20/03/2024;quarta-feira;09:30:00;MG;40;17,6;PARACATU;Problema com o freio;Colisão lateral mesmo sentido;Com Vítimas Feridas;Pleno dia;Decrescente;Chuva;Dupla;Reta;Não;4;0;0;1;3;0;1;2;-17,09398409;-47,02830419;SPRF-MG;DEL14-MG;UOP01-DEL14-MG
588556;20/03/2024;quarta-feira;13:15:00;GO;153;434;ANAPOLIS;Velocidade Incompatível;Colisão traseira;Sem Vítimas;Pleno dia;Crescente;Céu Claro;Dupla;Reta;Sim;2;0;0;0;2;0;0;2;-16,275604;-48,967766;SPRF-GO;DEL02-GO;UOP01-DEL02-GO
588557;20/03/2024;quarta-feira;14:00:00;PR;116;4;CAMPINA GRANDE DO SUL;Manobra de mudança de faixa;Colisão lateral mesmo sentido;Com Vítimas Feridas;Pleno dia;Decrescente;Sol;Dupla;Reta;Não;2;0;1;0;1;0;1;2;-25,07606967;-48,5937452;SPRF-PR;DEL01-PR;UOP02-DEL01-PR
588558;20/03/2024;quarta-feira;12:16:00;PR;376;3,1;MANDAGUARI;Velocidade Incompatível;Capotamento;Com Vítimas Feridas;Pleno dia;Crescente;Céu Claro;Simples;"Aclive;Reta";Sim;3;0;0;1;0;2;1;1;-23,51591567;-51,69228852;SPRF-PR;DEL09-PR;UOP01-DEL09-PR
588559;20/03/2024;quarta-feira;08:10:00;SC;470;5;NAVEGANTES;Entrada inopinada do pedestre;Saída de leito carroçável;Com Vítimas Feridas;Pleno dia;Crescente;Garoa/Chuvisco;Múltipla;Reta;Sim;1;0;1;0;0;0;1;1;-26,855688;-48,700333;SPRF-SC;DEL04-SC;UOP04-DEL04-SC
588561;20/03/2024;quarta-feira;13:30:00;MG;50;89;UBERLANDIA;Demais falhas mecânicas ou elétricas;Saída de leito carroçável;Com Vítimas Feridas;Pleno dia;Decrescente;Nublado;Dupla;"Declive;Reta";Não;3;0;2;0;1;0;2;1;-19,0417219;-48,1990747;SPRF-MG;DEL15-MG;UOP01-DEL15-MG
588564;20/03/2024;quarta-feira;08:30:00;AM;NA;NA;MANAUS;Manobra de mudança de faixa;Colisão traseira;Com Vítimas Feridas;Pleno dia;Não Informado;Nublado;Múltipla;Declive;Sim;2;0;1;1;0;0;2;2;-3,13158473;-59,97375798;SPRF-AM;DEL01-AM;UOP03-DEL01-AM
588566;20/03/2024;quarta-feira;14:15:00;RS;285;336,6;CARAZINHO;Condutor deixou de manter distância do veículo da frente;Tombamento;Com Vítimas Feridas;Pleno dia;Crescente;Sol;Simples;Reta;Não;2;0;0;1;1;0;1;2;-28,31778;-52,759102;SPRF-RS;DEL08-RS;UOP03-DEL08-RS
588569;15/02/2024;quinta-feira;15:00:00;RJ;101;276;TANGUA;Trafegar com motocicleta (ou similar) entre as faixas;Colisão traseira;Com Vítimas Feridas;Pleno dia;Crescente;Nublado;Dupla;Reta;Não;2;0;0;1;1;0;1;2;-22,73796393;-42,73871802;SPRF-RJ;DEL02-RJ;UOP03-DEL02-RJ
588570;20/03/2024;quarta-feira;14:30:00;MG;381;857,1;POUSO ALEGRE;Ausência de reação do condutor;Saída de leito carroçável;Com Vítimas Feridas;Pleno dia;Decrescente;Céu Claro;Dupla;Reta;Não;16;0;6;0;10;0;6;1;-22,3341773;-45,92156967;SPRF-MG;DEL16-MG;UOP01-DEL16-MG
588571;20/03/2024;quarta-feira;12:01:00;PI;316;13;TERESINA;Reação tardia ou ineficiente do condutor;Colisão traseira;Com Vítimas Feridas;Pleno dia;Decrescente;Céu Claro;Dupla;Reta;Não;2;0;1;0;1;0;1;2;-5,2096314;-42,75526995;SPRF-PI;DEL01-PI;UOP02-DEL01-PI
588577;20/03/2024;quarta-feira;11:36:00;BA;116;277;TUCANO;Desrespeitar a preferência no cruzamento;Colisão transversal;Com Vítimas Feridas;Pleno dia;Decrescente;Céu Claro;Simples;Interseção de Vias;Sim;2;0;0;1;1;0;1;2;-10,98605827;-38,80013655;SPRF-BA;DEL07-BA;UOP02-DEL07-BA
588592;20/03/2024;quarta-feira;14:00:00;RJ;493;55;DUQUE DE CAXIAS;Reação tardia ou ineficiente do condutor;Saída de leito carroçável;Com Vítimas Feridas;Pleno dia;Decrescente;Céu Claro;Dupla;Reta;Não;1;0;1;0;0;0;1;1;-22,672089;-43,285053;SPRF-RJ;DEL01-RJ;UOP03-DEL01-RJ
588594;20/03/2024;quarta-feira;15:10:00;MS;158;269;TRES LAGOAS;Acesso irregular;Colisão lateral mesmo sentido;Com Vítimas Feridas;Pleno dia;Crescente;Céu Claro;Simples;Reta;Sim;4;0;2;0;1;1;2;3;-20,767932;-51,680243;SPRF-MS;DEL07-MS;UOP01-DEL07-MS
588596;17/03/2024;domingo;19:30:00;BA;101;505;ITABUNA;Condutor deixou de manter distância do veículo da frente;Colisão traseira;Com Vítimas Feridas;Plena Noite;Decrescente;Nublado;Simples;Reta;Não;2;0;1;0;0;1;1;2;-14,77853416;-39,28899765;SPRF-BA;DEL05-BA;UOP01-DEL05-BA
588597;20/03/2024;quarta-feira;15:40:00;SC;101;203,6;SAO JOSE;Acessar a via sem observar a presença dos outros veículos;Colisão lateral mesmo sentido;Com Vítimas Feridas;Pleno dia;Crescente;Céu Claro;Dupla;Reta;Não;2;0;1;0;1;0;1;2;-27,5650044;-48,61460082;SPRF-SC;DEL01-SC;UOP01-DEL01-SC
588605;20/03/2024;quarta-feira;14:20:00;MS;376;121,1;IVINHEMA;Manobra de mudança de faixa;Colisão frontal;Com Vítimas Feridas;Pleno dia;Crescente;Chuva;Simples;Reta;Sim;2;0;0;1;1;0;1;2;-22,31739233;-53,81754413;SPRF-MS;DEL04-MS;UOP04-DEL04-MS
588607;20/03/2024;quarta-feira;15:20:00;RS;290;103;PORTO ALEGRE;Reação tardia ou ineficiente do condutor;Colisão lateral mesmo sentido;Com Vítimas Feridas;Pleno dia;Crescente;Céu Claro;Dupla;"Reta;Viaduto";Não;2;0;1;0;1;0;1;2;-29,99017;-51,265766;SPRF-RS;DEL01-RS;UOP01-DEL01-RS
588608;20/03/2024;quarta-feira;16:20:00;PI;343;344,9;TERESINA;Ausência de reação do condutor;Colisão traseira;Com Vítimas Feridas;Pleno dia;Decrescente;Céu Claro;Simples;Reta;Sim;2;0;1;0;1;0;1;2;-5,094729;-42,762775;SPRF-PI;DEL01-PI;UOP01-DEL01-PI
588609;20/03/2024;quarta-feira;15:50:00;MS;163;281;DOURADOS;Ingestão de álcool pelo condutor;Queda de ocupante de veículo;Com Vítimas Feridas;Pleno dia;Crescente;Céu Claro;Dupla;Retorno Regulamentado;Sim;1;0;1;0;0;0;1;1;-22,13222947;-54,61222966;SPRF-MS;DEL04-MS;UOP01-DEL04-MS
588611;20/03/2024;quarta-feira;16:31:00;MG;381;485,5;BETIM;Manobra de mudança de faixa;Colisão lateral mesmo sentido;Com Vítimas Feridas;Pleno dia;Crescente;Garoa/Chuvisco;Múltipla;"Reta;Aclive";Sim;2;0;1;0;0;1;1;2;-19,9555296;-44,0994665;SPRF-MG;DEL01-MG;UOP03-DEL01-MG
588612;20/03/2024;quarta-feira;14:45:00;GO;60;220,1;CEZARINA;Condutor Dormindo;Saída de leito carroçável;Sem Vítimas;Pleno dia;Crescente;Sol;Dupla;Reta;Não;1;0;0;0;0;1;0;1;-16,9809;-49,7475;SPRF-GO;DEL01-GO;UOP02-DEL01-GO
588616;20/03/2024;quarta-feira;17:00:00;MG;381;484,1;BETIM;Reação tardia ou ineficiente do condutor;Colisão traseira;Com Vítimas Feridas;Pleno dia;Crescente;Nublado;Múltipla;"Reta;Declive";Sim;2;0;1;0;1;0;1;2;-19,95531717;-44,11722196;SPRF-MG;DEL01-MG;UOP03-DEL01-MG
588617;20/03/2024;quarta-feira;12:20:00;MS;60;603,5;JARDIM;Demais Fenômenos da natureza;Incêndio;Sem Vítimas;Pleno dia;Crescente;Céu Claro;Simples;Reta;Não;1;0;0;0;0;1;0;1;-21,56768196;-56,17000445;SPRF-MS;DEL05-MS;UOP01-DEL05-MS
588618;20/03/2024;quarta-feira;17:40:00;SC;101;213,6;PALHOCA;Trafegar com motocicleta (ou similar) entre as faixas;Colisão traseira;Com Vítimas Feridas;Anoitecer;Crescente;Céu Claro;Dupla;Reta;Sim;3;0;1;1;1;0;2;2;-27,63697369;-48,66514142;SPRF-SC;DEL01-SC;UOP02-DEL01-SC
588620;20/03/2024;quarta-feira;15:30:00;ES;101;206;IBIRACU;Reação tardia ou ineficiente do condutor;Tombamento;Com Vítimas Feridas;Pleno dia;Crescente;Nublado;Múltipla;Declive;Não;1;0;1;0;0;0;1;1;-19,76435421;-40,37263919;SPRF-ES;DEL02-ES;UOP01-DEL02-ES
588621;20/03/2024;quarta-feira;17:20:00;MS;463;100;PONTA PORA;Ausência de reação do condutor;Queda de ocupante de veículo;Com Vítimas Feridas;Anoitecer;Crescente;Céu Claro;Simples;Rotatória;Sim;1;0;1;0;0;0;1;1;-22,5893478;-55,51968813;SPRF-MS;DEL04-MS;UOP03-DEL04-MS
588624;20/03/2024;quarta-feira;18:00:00;PR;369;156;LONDRINA;Ausência de reação do condutor;Queda de ocupante de veículo;Com Vítimas Feridas;Anoitecer;Crescente;Céu Claro;Dupla;"Declive;Reta";Não;1;0;1;0;0;0;1;1;-23,29428106;-51,21128261;SPRF-PR;DEL07-PR;UOP01-DEL07-PR
588626;20/03/2024;quarta-feira;17:15:00;BA;415;49;ITABUNA;Velocidade Incompatível;Queda de ocupante de veículo;Com Vítimas Feridas;Pleno dia;Crescente;Céu Claro;Simples;Reta;Sim;1;0;0;1;0;0;1;1;-14,81574494;-39,29612388;SPRF-BA;DEL05-BA;UOP01-DEL05-BA
588627;20/03/2024;quarta-feira;17:00:00;RJ;493;1;ITABORAI;Pedestre cruzava a pista fora da faixa;Atropelamento de Pedestre;Com Vítimas Fatais;Anoitecer;Decrescente;Céu Claro;Dupla;Reta;Não;2;1;1;0;0;0;1;2;-22,76398788;-42,92731895;SPRF-RJ;DEL02-RJ;UOP02-DEL02-RJ
588628;20/03/2024;quarta-feira;18:25:00;SP;116;441;REGISTRO;Ausência de reação do condutor;Colisão traseira;Com Vítimas Feridas;Anoitecer;Decrescente;Céu Claro;Dupla;Reta;Não;2;0;1;0;1;0;1;2;-24,4688528;-47,82223728;SPRF-SP;DEL05-SP;UOP01-DEL05-SP
588629;26/02/2024;segunda-feira;04:55:00;MG;381;387;SAO GONCALO DO RIO ABAIXO;Transitar na contramão;Colisão lateral sentido oposto;Com Vítimas Feridas;Plena Noite;Crescente;Nevoeiro/Neblina;Simples;Curva;Sim;3;0;1;0;2;0;1;2;-19,82692046;-43,38405945;SPRF-MG;DEL01-MG;UOP01-DEL01-MG
588630;20/03/2024;quarta-feira;18:40:00;TO;153;141;ARAGUAINA;Reação tardia ou ineficiente do condutor;Colisão traseira;Com Vítimas Feridas;Plena Noite;Decrescente;Céu Claro;Simples;Retorno Regulamentado;Sim;3;0;1;0;1;1;1;2;-7,175959;-48,219548;SPRF-TO;DEL02-TO;UOP01-DEL02-TO
588631;20/03/2024;quarta-feira;09:30:00;PR;272;546,7;TERRA ROXA;Velocidade Incompatível;Saída de leito carroçável;Sem Vítimas;Pleno dia;Decrescente;Céu Claro;Simples;Curva;Não;1;0;0;0;0;1;0;1;-24,07430548;-54,02324812;SPRF-PR;DEL06-PR;UOP01-DEL06-PR
588633;20/03/2024;quarta-feira;18:40:00;GO;40;27;LUZIANIA;Transitar na contramão;Colisão lateral sentido oposto;Sem Vítimas;Anoitecer;Crescente;Céu Claro;Dupla;Reta;Não;2;0;0;0;2;0;0;2;-16,266185;-47,888241;SPRF-DF;DEL01-DF;UOP01-DEL01-DF
588634;20/03/2024;quarta-feira;13:30:00;MG;50;136,3;UBERABA;Ausência de reação do condutor;Tombamento;Com Vítimas Feridas;Pleno dia;Decrescente;Céu Claro;Dupla;Reta;Não;2;0;2;0;0;0;2;1;-19,44197927;-48,06433797;SPRF-MG;DEL13-MG;UOP01-DEL13-MG
588636;20/03/2024;quarta-feira;18:40:00;RN;110;46,6;MOSSORO;Ausência de reação do condutor;Tombamento;Com Vítimas Feridas;Plena Noite;Decrescente;Céu Claro;Dupla;Rotatória;Sim;1;0;0;1;0;0;1;1;-5,20192464;-37,32337832;SPRF-RN;DEL04-RN;UOP01-DEL04-RN
588637;20/03/2024;quarta-feira;19:20:00;PR;277;729;FOZ DO IGUACU;Pedestre andava na pista;Atropelamento de Pedestre;Com Vítimas Feridas;Plena Noite;Crescente;Céu Claro;Dupla;Reta;Sim;2;0;1;1;0;0;2;2;-25,50749887;-54,58379896;SPRF-PR;DEL05-PR;UOP03-DEL05-PR
588638;20/03/2024;quarta-feira;19:32:00;GO;40;4;VALPARAISO DE GOIAS;Condutor deixou de manter distância do veículo da frente;Colisão traseira;Com Vítimas Feridas;Plena Noite;Crescente;Céu Claro;Dupla;Reta;Sim;3;0;0;1;1;1;1;3;-16,085241;-47,986752;SPRF-DF;DEL01-DF;UOP01-DEL01-DF
588639;20/03/2024;quarta-feira;19:36:00;ES;101;264,7;SERRA;Condutor deixou de manter distância do veículo da frente;Colisão traseira;Com Vítimas Feridas;Plena Noite;Decrescente;Céu Claro;Dupla;Reta;Sim;2;0;1;0;1;0;1;2;-20,17292791;-40,26736384;SPRF-ES;DEL02-ES;UOP01-DEL02-ES
588640;20/03/2024;quarta-feira;19:10:00;RJ;493;18;MAGE;Acessar a via sem observar a presença dos outros veículos;Colisão transversal;Com Vítimas Feridas;Plena Noite;Decrescente;Céu Claro;Simples;Reta;Sim;2;0;1;0;1;0;1;2;-22,6687122;-43,01862696;SPRF-RJ;DEL04-RJ;UOP02-DEL04-RJ
588642;20/03/2024;quarta-feira;19:00:00;SP;116;229;SAO PAULO;Reação tardia ou ineficiente do condutor;Tombamento;Com Vítimas Feridas;Plena Noite;Decrescente;Nublado;Múltipla;"Em Obras;Reta";Sim;1;0;1;0;0;0;1;1;-23,51291902;-46,57604698;SPRF-SP;DEL01-SP;UOP01-DEL01-SP
588643;20/03/2024;quarta-feira;17:15:00;RS;285;377,8;SALDANHA MARINHO;Pedestre andava na pista;Atropelamento de Pedestre;Com Vítimas Feridas;Pleno dia;Crescente;Céu Claro;Simples;Reta;Não;2;0;0;1;1;0;1;2;-28,423319;-53,127022;SPRF-RS;DEL10-RS;UOP02-DEL10-RS
588646;20/03/2024;quarta-feira;19:40:00;GO;50;279;CATALAO;Acessar a via sem observar a presença dos outros veículos;Colisão transversal;Com Vítimas Feridas;Plena Noite;Crescente;Céu Claro;Simples;"Em Obras;Interseção de Vias;Reta";Sim;4;0;1;1;2;0;2;2;-18,17677125;-47,93387532;SPRF-GO;DEL06-GO;UOP01-DEL06-GO
588647;20/03/2024;quarta-feira;19:30:00;MG;381;510,6;SAO JOAQUIM DE BICAS;Desrespeitar a preferência no cruzamento;Colisão transversal;Com Vítimas Feridas;Plena Noite;Decrescente;Céu Claro;Simples;Reta;Sim;2;0;1;0;1;0;1;2;-20,0579952;-44,2877298;SPRF-MG;DEL01-MG;UOP03-DEL01-MG
588649;20/03/2024;quarta-feira;19:05:00;PE;232;8,3;RECIFE;Reação tardia ou ineficiente do condutor;Colisão traseira;Com Vítimas Feridas;Plena Noite;Decrescente;Céu Claro;Simples;"Interseção de Vias;Em Obras";Sim;2;0;0;1;1;0;1;2;-8,07583727;-34,97015791;SPRF-PE;DEL01-PE;UOP01-DEL01-PE
588650;20/03/2024;quarta-feira;17:15:00;MG;116;564;MANHUACU;Ausência de reação do condutor;Tombamento;Com Vítimas Feridas;Pleno dia;Crescente;Nublado;Simples;Curva;Não;1;0;1;0;0;0;1;1;-20,06216515;-42,17191471;SPRF-MG;DEL06-MG;UOP03-DEL06-MG
588651;20/03/2024;quarta-feira;19:35:00;PR;153;42,1;SANTO ANTONIO DA PLATINA;Desrespeitar a preferência no cruzamento;Colisão transversal;Com Vítimas Feridas;Plena Noite;Decrescente;Céu Claro;Simples;Interseção de Vias;Sim;4;0;1;0;3;0;1;2;-23,29449686;-50,06492483;SPRF-PR;DEL07-PR;UOP04-DEL07-PR
588652;20/03/2024;quarta-feira;07:40:00;RJ;101;318;NITEROI;Trafegar com motocicleta (ou similar) entre as faixas;Colisão traseira;Com Vítimas Feridas;Pleno dia;Crescente;Céu Claro;Dupla;Reta;Não;2;0;1;0;1;0;1;2;-22,84562994;-43,09841211;SPRF-RJ;DEL02-RJ;UOP02-DEL02-RJ
588653;20/03/2024;quarta-feira;19:50:00;PE;428;186,1;PETROLINA;Acessar a via sem observar a presença dos outros veículos;Queda de ocupante de veículo;Com Vítimas Feridas;Plena Noite;Crescente;Céu Claro;Múltipla;Reta;Sim;2;0;1;0;1;0;1;2;-9,36123299;-40,48091572;SPRF-PE;DEL06-PE;UOP01-DEL06-PE
588654;20/03/2024;quarta-feira;20:00:00;MG;381;920;CAMANDUCAIA;Velocidade Incompatível;Colisão com objeto;Com Vítimas Feridas;Plena Noite;Crescente;Chuva;Dupla;"Curva;Declive";Não;2;0;2;0;0;0;2;1;-22,7704869;-46,20021296;SPRF-MG;DEL16-MG;UOP03-DEL16-MG
588657;20/03/2024;quarta-feira;17:10:00;PA;230;695;BRASIL NOVO;Acumulo de água sobre o pavimento;Saída de leito carroçável;Sem Vítimas;Pleno dia;Decrescente;Chuva;Simples;Reta;Não;2;0;0;0;2;0;0;1;-3,30776982;-52,5209951;SPRF-PA;DEL04-PA;UOP01-DEL04-PA