id;data_inversa;dia_semana;horario;uf;br;km;municipio;causa_acidente;tipo_acidente;classificacao_acidente;fase_dia;sentido_via;condicao_metereologica;tipo_pista;tracado_via;uso_solo;pessoas;mortos;feridos_leves;feridos_graves;ilesos;ignorados;feridos;veiculos;latitude;longitude;regional;delegacia;uop
588658;20/03/2024;quarta-feira;19:42:00;RN;304;289;MACAIBA;Transitar na contramão;Colisão frontal;Com Vítimas Feridas;Plena Noite;Decrescente;Céu Claro;Dupla;Reta;Não;2;0;1;0;0;1;1;2;-5,86736783;-35,41180202;SPRF-RN;DEL01-RN;UOP02-DEL01-RN
588659;20/03/2024;quarta-feira;20:15:00;RS;116;250;SAO LEOPOLDO;Reação tardia ou ineficiente do condutor;Colisão traseira;Com Vítimas Feridas;Plena Noite;Decrescente;Garoa/Chuvisco;Dupla;"Curva;Viaduto";Sim;3;0;1;0;2;0;1;2;-29,79148798;-51,16399615;SPRF-RS;DEL01-RS;UOP02-DEL01-RS
588660;20/03/2024;quarta-feira;19:10:00;ES;101;20,1;PEDRO CANARIO;Entrada inopinada do pedestre;Colisão com objeto;Com Vítimas Feridas;Plena Noite;Crescente;Céu Claro;Dupla;Reta;Não;4;0;1;0;2;1;1;3;-18,32561;-39,9584401;SPRF-ES;DEL04-ES;UOP02-DEL04-ES
588661;20/03/2024;quarta-feira;19:15:00;PR;116;67;QUATRO BARRAS;Entrada inopinada do pedestre;Atropelamento de Pedestre;Com Vítimas Fatais;Plena Noite;Decrescente;Nublado;Dupla;Reta;Sim;3;1;0;0;2;0;0;2;-25,31679789;-49,01854527;SPRF-PR;DEL01-PR;UOP02-DEL01-PR
588662;20/03/2024;quarta-feira;19:29:00;RO;435;78,7;COLORADO DO OESTE;Objeto estático sobre o leito carroçável;Tombamento;Com Vítimas Feridas;Plena Noite;Decrescente;Céu Claro;Simples;Reta;Não;1;0;1;0;0;0;1;1;-13,10905126;-60,47049799;SPRF-RO;DEL04-RO;UOP02-DEL04-RO
588663;20/03/2024;quarta-feira;19:05:00;GO;40;20,8;LUZIANIA;Pedestre cruzava a pista fora da faixa;Atropelamento de Pedestre;Com Vítimas Fatais;Plena Noite;Decrescente;Céu Claro;Dupla;Reta;Sim;2;1;0;0;1;0;0;2;-16,21849;-47,915478;SPRF-DF;DEL01-DF;UOP01-DEL01-DF
588665;20/03/2024;quarta-feira;21:00:00;SC;101;205,5;SAO JOSE;Manobra de mudança de faixa;Colisão lateral mesmo sentido;Com Vítimas Feridas;Plena Noite;Crescente;Céu Claro;Múltipla;Reta;Sim;2;0;1;0;1;0;1;2;-27,58806163;-48,61699104;SPRF-SC;DEL01-SC;UOP01-DEL01-SC
588668;20/03/2024;quarta-feira;21:10:00;PR;376;105;PARANAVAI;Demais falhas mecânicas ou elétricas;Incêndio;Sem Vítimas;Plena Noite;Crescente;Céu Claro;Simples;Reta;Sim;1;0;0;0;1;0;0;1;-23,05727163;-52,43920671;SPRF-PR;DEL09-PR;UOP02-DEL09-PR
588670;20/03/2024;quarta-feira;20:40:00;PB;230;136;CAMPINA GRANDE;Ausência de reação do condutor;Saída de leito carroçável;Com Vítimas Feridas;Plena Noite;Decrescente;Céu Claro;Dupla;Curva;Não;1;0;1;0;0;0;1;1;-7,2818;-35,7675;SPRF-PB;DEL02-PB;UOP01-DEL02-PB
588672;20/03/2024;quarta-feira;19:50:00;MS;163;565,1;BANDEIRANTES;Retorno proibido;Colisão transversal;Sem Vítimas;Plena Noite;Crescente;Céu Claro;Simples;Declive;Não;2;0;0;0;2;0;0;2;-19,77562005;-54,36308781;SPRF-MS;DEL01-MS;UOP02-DEL01-MS
588674;20/03/2024;quarta-feira;20:30:00;PR;153;6,5;JACAREZINHO;Iluminação deficiente;Queda de ocupante de veículo;Com Vítimas Feridas;Plena Noite;Crescente;Nublado;Simples;Aclive;Não;1;0;1;0;0;0;1;1;-23,04202092;-49,92476412;SPRF-PR;DEL07-PR;UOP04-DEL07-PR
588675;20/03/2024;quarta-feira;20:40:00;SC;101;388,4;ICARA;Reação tardia ou ineficiente do condutor;Saída de leito carroçável;Sem Vítimas;Plena Noite;Crescente;Céu Claro;Múltipla;Reta;Não;1;0;0;0;1;0;0;1;-28,78529329;-49,33739925;SPRF-SC;DEL02-SC;UOP02-DEL02-SC
588676;20/03/2024;quarta-feira;20:45:00;RJ;116;144;DUQUE DE CAXIAS;Avarias e/ou desgaste excessivo no pneu;Tombamento;Com Vítimas Feridas;Plena Noite;Crescente;Céu Claro;Dupla;Reta;Não;1;0;1;0;0;0;1;1;-22,65737709;-43,24724694;SPRF-RJ;DEL01-RJ;UOP02-DEL01-RJ
588677;20/03/2024;quarta-feira;19:50:00;RJ;40;122;DUQUE DE CAXIAS;Trafegar com motocicleta (ou similar) entre as faixas;Colisão lateral mesmo sentido;Com Vítimas Feridas;Plena Noite;Decrescente;Céu Claro;Dupla;Reta;Sim;2;0;1;0;1;0;1;2;-22,79083113;-43,28611569;SPRF-RJ;DEL01-RJ;UOP02-DEL01-RJ
588678;20/03/2024;quarta-feira;21:50:00;MG;381;938,3;EXTREMA;Velocidade Incompatível;Tombamento;Com Vítimas Feridas;Plena Noite;Crescente;Céu Claro;Dupla;Curva;Não;1;0;0;1;0;0;1;1;-22,81707486;-46,29367232;SPRF-MG;DEL16-MG;UOP03-DEL16-MG
588679;20/03/2024;quarta-feira;20:40:00;RS;116;40;VACARIA;Pedestre cruzava a pista fora da faixa;Atropelamento de Pedestre;Com Vítimas Feridas;Plena Noite;Crescente;Céu Claro;Simples;Reta;Sim;2;0;0;1;1;0;1;2;-28,51839098;-50,93942202;SPRF-RS;DEL05-RS;UOP03-DEL05-RS
588681;20/03/2024;quarta-feira;22:25:00;PE;232;23,8;MORENO;Iluminação deficiente;Tombamento;Sem Vítimas;Plena Noite;Crescente;Céu Claro;Dupla;Curva;Não;1;0;0;0;0;1;0;1;-8,104461;-35,103269;SPRF-PE;DEL01-PE;UOP01-DEL01-PE
588682;20/03/2024;quarta-feira;19:40:00;RS;116;147;CAXIAS DO SUL;Manobra de mudança de faixa;Queda de ocupante de veículo;Com Vítimas Feridas;Anoitecer;Crescente;Céu Claro;Múltipla;Reta;Sim;2;0;1;0;1;0;1;2;-29,14908014;-51,1429969;SPRF-RS;DEL05-RS;UOP01-DEL05-RS
588683;20/03/2024;quarta-feira;22:10:00;SC;101;112;ITAJAI;Demais falhas mecânicas ou elétricas;Tombamento;Com Vítimas Feridas;Plena Noite;Crescente;Céu Claro;Dupla;Reta;Sim;1;0;1;0;0;0;1;1;-26,84589005;-48,72131295;SPRF-SC;DEL04-SC;UOP04-DEL04-SC
588684;20/03/2024;quarta-feira;22:50:00;CE;222;313;TIANGUA;Ingestão de álcool pelo condutor;Colisão com objeto;Sem Vítimas;Plena Noite;Crescente;Garoa/Chuvisco;Dupla;Reta;Não;1;0;0;0;1;0;0;1;-3,7236142;-40,99670064;SPRF-CE;DEL04-CE;UOP02-DEL04-CE
588687;20/03/2024;quarta-feira;21:40:00;SC;116;58;PAPANDUVA;Ausência de reação do condutor;Saída de leito carroçável;Com Vítimas Feridas;Plena Noite;Crescente;Nublado;Simples;Reta;Não;1;0;1;0;0;0;1;1;-26,37772259;-50,19785907;SPRF-SC;DEL06-SC;UOP02-DEL06-SC
588688;20/03/2024;quarta-feira;21:50:00;SP;116;308;SAO LOURENCO DA SERRA;Acessar a via sem observar a presença dos outros veículos;Colisão transversal;Sem Vítimas;Plena Noite;Crescente;Nublado;Simples;Rotatória;Sim;2;0;0;0;1;1;0;2;-23,86213995;-46,94718508;SPRF-SP;DEL04-SP;UOP01-DEL04-SP
588690;20/03/2024;quarta-feira;22:35:00;RO;425;79;NOVA MAMORE;Acessar a via sem observar a presença dos outros veículos;Colisão frontal;Com Vítimas Fatais;Plena Noite;Crescente;Céu Claro;Simples;"Desvio Temporário;Ponte;Reta";Não;6;1;0;0;5;0;0;2;-10,308517;-65,301384;SPRF-RO;DEL01-RO;UOP03-DEL01-RO
588692;21/03/2024;quinta-feira;00:05:00;SC;282;519,9;XAXIM;Velocidade Incompatível;Saída de leito carroçável;Sem Vítimas;Plena Noite;Decrescente;Céu Claro;Simples;Curva;Não;1;0;0;0;1;0;0;1;-26,947527;-52,517536;SPRF-SC;DEL07-SC;UOP01-DEL07-SC
588693;20/03/2024;quarta-feira;08:00:00;SC;101;254,5;PAULO LOPES;Avarias e/ou desgaste excessivo no pneu;Tombamento;Com Vítimas Feridas;Pleno dia;Decrescente;Céu Claro;Dupla;Reta;Não;1;0;1;0;0;0;1;1;-27,97368802;-48,67940247;SPRF-SC;DEL02-SC;UOP03-DEL02-SC
588694;21/03/2024;quinta-feira;00:14:00;MG;381;162;GOVERNADOR VALADARES;Pedestre andava na pista;Atropelamento de Pedestre;Com Vítimas Fatais;Plena Noite;Decrescente;Céu Claro;Simples;Reta;Não;3;1;2;0;0;0;2;2;-18,92981969;-42,04461724;SPRF-MG;DEL06-MG;UOP01-DEL06-MG
588697;21/03/2024;quinta-feira;00:59:00;PR;277;728,5;FOZ DO IGUACU;Ultrapassagem Indevida;Colisão lateral mesmo sentido;Com Vítimas Feridas;Plena Noite;Decrescente;Céu Claro;Simples;Reta;Sim;2;0;1;0;1;0;1;2;-25,5097634;-54,57387201;SPRF-PR;DEL05-PR;UOP03-DEL05-PR
588698;21/03/2024;quinta-feira;00:30:00;SC;101;137;BALNEARIO CAMBORIU;Transitar na contramão;Colisão traseira;Com Vítimas Feridas;Plena Noite;Crescente;Céu Claro;Dupla;Reta;Sim;2;0;1;0;1;0;1;2;-27,0157238;-48,61192763;SPRF-SC;DEL04-SC;UOP03-DEL04-SC
588699;20/03/2024;quarta-feira;23:50:00;GO;452;40;SANTA HELENA DE GOIAS;Velocidade Incompatível;Colisão com objeto;Com Vítimas Feridas;Plena Noite;Decrescente;Nublado;Dupla;"Rotatória;Interseção de Vias;Reta";Não;4;0;1;0;3;0;1;1;-17,930098;-50,552746;SPRF-GO;DEL04-GO;UOP01-DEL04-GO
588700;21/03/2024;quinta-feira;02:00:00;SP;116;225;GUARULHOS;Reação tardia ou ineficiente do condutor;Queda de ocupante de veículo;Com Vítimas Feridas;Plena Noite;Crescente;Céu Claro;Múltipla;Reta;Sim;1;0;1;0;0;0;1;1;-23,48586772;-46,54075317;SPRF-SP;DEL01-SP;UOP01-DEL01-SP
588702;21/03/2024;quinta-feira;00:10:00;RJ;493;18,1;GUAPIMIRIM;Transitar na contramão;Colisão frontal;Com Vítimas Feridas;Plena Noite;Decrescente;Nublado;Simples;Reta;Sim;4;0;3;0;1;0;3;3;-22,6687122;-43,01862696;SPRF-RJ;DEL04-RJ;UOP02-DEL04-RJ
588703;21/03/2024;quinta-feira;03:00:00;PR;376;192;MARIALVA;Condutor Dormindo;Saída de leito carroçável;Com Vítimas Feridas;Plena Noite;Decrescente;Céu Claro;Dupla;"Declive;Curva";Não;1;0;1;0;0;0;1;1;-23,48573281;-51,79744383;SPRF-PR;DEL09-PR;UOP01-DEL09-PR
588705;21/03/2024;quinta-feira;05:30:00;MG;40;479,4;SETE LAGOAS;Ausência de reação do condutor;Saída de leito carroçável;Com Vítimas Feridas;Amanhecer;Decrescente;Nublado;Dupla;"Reta;Declive";Não;1;0;1;0;0;0;1;1;-19,54014934;-44,25144288;SPRF-MG;DEL02-MG;UOP01-DEL02-MG
588709;21/03/2024;quinta-feira;06:05:00;SC;282;17;PALHOCA;Acesso irregular;Colisão transversal;Com Vítimas Feridas;Amanhecer;Crescente;Céu Claro;Simples;Reta;Sim;2;0;1;0;0;1;1;2;-27,665707;-48,688065;SPRF-SC;DEL01-SC;UOP02-DEL01-SC
588710;21/03/2024;quinta-feira;06:00:00;RS;116;223;DOIS IRMAOS;Objeto estático sobre o leito carroçável;Colisão com objeto;Sem Vítimas;Plena Noite;Decrescente;Chuva;Simples;"Ponte;Reta";Não;2;0;0;0;2;0;0;1;-29,58732461;-51,10115355;SPRF-RS;DEL01-RS;UOP02-DEL01-RS
588712;21/03/2024;quinta-feira;06:48:00;MG;116;277;TEOFILO OTONI;Retorno proibido;Colisão lateral mesmo sentido;Com Vítimas Feridas;Pleno dia;Crescente;Céu Claro;Simples;Reta;Sim;2;0;2;0;0;0;2;2;-17,859945;-41,515144;SPRF-MG;DEL11-MG;UOP01-DEL11-MG
588714;21/03/2024;quinta-feira;06:10:00;SC;101;396,7;MARACAJA;Transitar na contramão;Colisão traseira;Com Vítimas Feridas;Pleno dia;Decrescente;Céu Claro;Simples;Reta;Não;2;0;0;2;0;0;2;2;-28,841352;-49,427177;SPRF-SC;DEL02-SC;UOP02-DEL02-SC
588716;21/03/2024;quinta-feira;06:10:00;RS;116;242;SAO LEOPOLDO;Acumulo de água sobre o pavimento;Tombamento;Com Vítimas Feridas;Amanhecer;Decrescente;Chuva;Dupla;Reta;Sim;1;0;1;0;0;0;1;1;-29,72297087;-51,14858729;SPRF-RS;DEL01-RS;UOP02-DEL01-RS
588718;21/03/2024;quinta-feira;07:15:00;SP;153;284,1;OCAUCU;Afundamento ou ondulação no pavimento;Tombamento;Com Vítimas Feridas;Pleno dia;Decrescente;Céu Claro;Simples;Reta;Não;1;0;1;0;0;0;1;1;-22,44825692;-49,86247915;SPRF-SP;DEL07-SP;UOP02-DEL07-SP
588719;20/03/2024;quarta-feira;23:40:00;MG;365;626;UBERLANDIA;Condutor deixou de manter distância do veículo da frente;Colisão lateral mesmo sentido;Com Vítimas Feridas;Plena Noite;Decrescente;Céu Claro;Dupla;Reta;Não;1;0;1;0;0;0;1;1;-18,90659356;-48,33469405;SPRF-MG;DEL15-MG;UOP01-DEL15-MG
588721;21/03/2024;quinta-feira;07:10:00;PR;476;166,3;CONTENDA;Acesso irregular;Colisão lateral mesmo sentido;Com Vítimas Feridas;Pleno dia;Decrescente;Céu Claro;Simples;Reta;Não;2;0;0;1;1;0;1;2;-25,6560586;-49,482276;SPRF-PR;DEL01-PR;UOP06-DEL01-PR
588723;21/03/2024;quinta-feira;05:40:00;GO;40;7,9;VALPARAISO DE GOIAS;Entrada inopinada do pedestre;Atropelamento de Pedestre;Com Vítimas Feridas;Plena Noite;Decrescente;Céu Claro;Dupla;Reta;Sim;2;0;1;0;1;0;1;2;-16,10802971;-47,97237039;SPRF-DF;DEL01-DF;UOP01-DEL01-DF
588725;21/03/2024;quinta-feira;07:45:00;SP;101;52;UBATUBA;Desrespeitar a preferência no cruzamento;Colisão transversal;Com Vítimas Feridas;Pleno dia;Decrescente;Céu Claro;Simples;Rotatória;Sim;2;0;1;0;1;0;1;2;-23,4623355;-45,06476561;SPRF-SP;DEL06-SP;UOP01-DEL06-SP
588727;21/03/2024;quinta-feira;05:40:00;RJ;40;116;DUQUE DE CAXIAS;Reação tardia ou ineficiente do condutor;Queda de ocupante de veículo;Com Vítimas Feridas;Pleno dia;Decrescente;Céu Claro;Múltipla;Reta;Não;1;0;1;0;0;0;1;1;-22,73662299;-43,28858785;SPRF-RJ;DEL01-RJ;UOP02-DEL01-RJ
588729;01/03/2024;sexta-feira;08:30:00;RN;101;109;PARNAMIRIM;Acesso irregular;Queda de ocupante de veículo;Com Vítimas Feridas;Pleno dia;Crescente;Céu Claro;Múltipla;Reta;Sim;5;0;0;1;2;2;1;3;-5,937378;-35,26483;SPRF-RN;DEL01-RN;UOP01-DEL01-RN
588730;21/03/2024;quinta-feira;07:25:00;MG;116;522,2;CARATINGA;Acessar a via sem observar a presença dos outros veículos;Colisão traseira;Com Vítimas Feridas;Pleno dia;Decrescente;Céu Claro;Simples;Reta;Sim;3;0;1;0;2;0;1;2;-19,74300101;-42,13231969;SPRF-MG;DEL06-MG;UOP02-DEL06-MG
588732;21/03/2024;quinta-feira;07:40:00;SC;101;201;SAO JOSE;Ingestão de álcool pelo condutor;Colisão traseira;Com Vítimas Feridas;Pleno dia;Decrescente;Céu Claro;Múltipla;"Reta;Aclive";Não;2;0;1;0;1;0;1;2;-27,54836599;-48,61977975;SPRF-SC;DEL01-SC;UOP01-DEL01-SC
588733;21/03/2024;quinta-feira;07:34:00;PB;230;23;JOAO PESSOA;Ausência de reação do condutor;Colisão traseira;Com Vítimas Feridas;Pleno dia;Crescente;Céu Claro;Dupla;"Viaduto;Reta;Aclive";Sim;2;0;1;0;1;0;1;2;-7,1562;-34,8574;SPRF-PB;DEL01-PB;UOP01-DEL01-PB
588735;21/03/2024;quinta-feira;07:45:00;RJ;101;82;CAMPOS DOS GOYTACAZES;Ausência de reação do condutor;Saída de leito carroçável;Sem Vítimas;Pleno dia;Crescente;Céu Claro;Simples;Curva;Não;1;0;0;0;1;0;0;1;-21,82752108;-41,45414032;SPRF-RJ;DEL08-RJ;UOP02-DEL08-RJ
588736;21/03/2024;quinta-feira;07:50:00;MG;40;705,4;BARBACENA;Ausência de reação do condutor;Colisão com objeto;Com Vítimas Feridas;Pleno dia;Crescente;Céu Claro;Dupla;Curva;Não;1;0;0;1;0;0;1;1;-21,2165929;-43,7462589;SPRF-MG;DEL05-MG;UOP02-DEL05-MG
588737;18/03/2024;segunda-feira;06:30:00;SP;116;96;PINDAMONHANGABA;Ausência de reação do condutor;Saída de leito carroçável;Com Vítimas Feridas;Pleno dia;Decrescente;Céu Claro;Dupla;Reta;Não;2;0;1;1;0;0;2;1;-22,96945055;-45,43869623;SPRF-SP;DEL08-SP;UOP01-DEL08-SP
588738;21/03/2024;quinta-feira;07:30:00;SC;280;3,8;SAO FRANCISCO DO SUL;Desrespeitar a preferência no cruzamento;Colisão transversal;Com Vítimas Feridas;Pleno dia;Decrescente;Céu Claro;Simples;Rotatória;Sim;2;0;1;0;1;0;1;2;-26,252143;-48,618044;SPRF-SC;DEL03-SC;UOP03-DEL03-SC
588739;21/03/2024;quinta-feira;07:50:00;RS;116;268;CANOAS;Ausência de reação do condutor;Colisão lateral mesmo sentido;Com Vítimas Feridas;Pleno dia;Crescente;Chuva;Dupla;Reta;Não;2;0;1;0;1;0;1;2;-29,95042502;-51,17652939;SPRF-RS;DEL01-RS;UOP01-DEL01-RS
588741;21/03/2024;quinta-feira;06:31:00;MG;40;508,9;RIBEIRAO DAS NEVES;Transitar na contramão;Colisão transversal;Com Vítimas Feridas;Pleno dia;Decrescente;Céu Claro;Dupla;Interseção de Vias;Sim;2;0;1;0;1;0;1;2;-19,76061249;-44,1347544;SPRF-MG;DEL01-MG;UOP02-DEL01-MG
588742;21/03/2024;quinta-feira;08:10:00;SP;116;215;GUARULHOS;Reação tardia ou ineficiente do condutor;Colisão lateral mesmo sentido;Com Vítimas Feridas;Pleno dia;Crescente;Céu Claro;Dupla;Reta;Sim;2;0;1;0;1;0;1;2;-23,44695693;-46,45394103;SPRF-SP;DEL01-SP;UOP01-DEL01-SP
588743;08/02/2024;quinta-feira;16:45:00;RN;304;46;MOSSORO;Pedestre cruzava a pista fora da faixa;Atropelamento de Pedestre;Com Vítimas Feridas;Pleno dia;Crescente;Céu Claro;Dupla;Curva;Não;2;0;1;1;0;0;2;2;-5,22579384;-37,340046;SPRF-RN;DEL04-RN;UOP01-DEL04-RN
588744;21/03/2024;quinta-feira;06:20:00;ES;101;268,8;SERRA;Pedestre cruzava a pista fora da faixa;Atropelamento de Pedestre;Com Vítimas Feridas;Pleno dia;Crescente;Céu Claro;Múltipla;Reta;Sim;2;0;1;1;0;0;2;2;-20,2158045;-40,269646;SPRF-ES;DEL02-ES;UOP01-DEL02-ES
588746;21/03/2024;quinta-feira;07:40:00;SC;470;64;INDAIAL;Transitar na contramão;Colisão lateral sentido oposto;Com Vítimas Feridas;Pleno dia;Crescente;Céu Claro;Simples;Reta;Não;2;0;1;0;1;0;1;2;-26,869867;-49,201859;SPRF-SC;DEL04-SC;UOP01-DEL04-SC
588748;21/03/2024;quinta-feira;08:15:00;RS;290;92;PORTO ALEGRE;Acumulo de água sobre o pavimento;Saída de leito carroçável;Com Vítimas Feridas;Pleno dia;Decrescente;Chuva;Simples;"Curva;Aclive";Sim;1;0;1;0;0;0;1;1;-29,971916;-51,176838;SPRF-RS;DEL01-RS;UOP01-DEL01-RS
588749;16/03/2024;sábado;16:00:00;BA;101;645;ITAPEBI;Curva acentuada;Capotamento;Com Vítimas Feridas;Pleno dia;Crescente;Chuva;Simples;Curva;Não;2;0;0;1;1;0;1;1;-15,99150411;-39,575653;SPRF-BA;DEL05-BA;UOP02-DEL05-BA
588750;21/03/2024;quinta-feira;08:43:00;ES;101;283;CARIACICA;Condutor deixou de manter distância do veículo da frente;Tombamento;Com Vítimas Feridas;Pleno dia;Decrescente;Céu Claro;Dupla;Reta;Não;7;0;2;0;5;0;2;6;-20,23438373;-40,3693577;SPRF-ES;DEL01-ES;UOP01-DEL01-ES
588752;21/03/2024;quinta-feira;08:45:00;PB;230;23;JOAO PESSOA;Reação tardia ou ineficiente do condutor;Colisão traseira;Com Vítimas Feridas;Pleno dia;Decrescente;Sol;Dupla;Reta;Sim;3;0;1;1;1;0;2;2;-7,1562;-34,8574;SPRF-PB;DEL01-PB;UOP01-DEL01-PB
588753;21/03/2024;quinta-feira;08:00:00;PR;376;467;PONTA GROSSA;Reação tardia ou ineficiente do condutor;Saída de leito carroçável;Sem Vítimas;Pleno dia;Crescente;Céu Claro;Dupla;Reta;Não;1;0;0;0;1;0;0;1;-25,00145526;-50,36129594;SPRF-PR;DEL03-PR;UOP01-DEL03-PR
588756;21/03/2024;quinta-feira;08:26:00;MT;364;180,7;PEDRA PRETA;Acessar a via sem observar a presença dos outros veículos;Colisão transversal;Com Vítimas Feridas;Pleno dia;Crescente;Céu Claro;Simples;Reta;Sim;5;0;0;1;4;0;1;2;-16,60225916;-54,49213501;SPRF-MT;DEL02-MT;UOP01-DEL02-MT
588758;28/01/2024;domingo;18:20:00;ES;262;87,2;DOMINGOS MARTINS;Chuva;Eventos atípicos;Com Vítimas Feridas;Anoitecer;Crescente;Chuva;Simples;Reta;Não;4;0;2;0;2;0;2;3;-20,39409905;-41,00077621;SPRF-ES;DEL01-ES;UOP02-DEL01-ES
588759;21/03/2024;quinta-feira;07:50:00;GO;414;372;COCALZINHO DE GOIAS;Pedestre andava na pista;Saída de leito carroçável;Sem Vítimas;Pleno dia;Crescente;Sol;Dupla;Reta;Não;1;0;0;0;1;0;0;1;-15,78671658;-48,77033272;SPRF-GO;DEL02-GO;UOP01-DEL02-GO
588760;21/03/2024;quinta-feira;09:40:00;SP;381;85;SAO PAULO;Ausência de reação do condutor;Engavetamento;Com Vítimas Feridas;Pleno dia;Crescente;Céu Claro;Dupla;Aclive;Sim;5;0;1;0;4;0;1;5;-23,449343;-46,56983501;SPRF-SP;DEL03-SP;UOP01-DEL03-SP
588761;21/03/2024;quinta-feira;10:00:00;PB;230;22,8;JOAO PESSOA;Condutor deixou de manter distância do veículo da frente;Colisão traseira;Com Vítimas Feridas;Pleno dia;Decrescente;Céu Claro;Dupla;Reta;Sim;3;0;0;2;1;0;2;2;-7,1495;-34,8517;SPRF-PB;DEL01-PB;UOP01-DEL01-PB
588762;21/03/2024;quinta-feira;09:40:00;PE;407;124;PETROLINA;Acessar a via sem observar a presença dos outros veículos;Colisão traseira;Sem Vítimas;Pleno dia;Decrescente;Céu Claro;Dupla;Retorno Regulamentado;Sim;2;0;0;0;2;0;0;2;-9,37557124;-40,53771799;SPRF-PE;DEL06-PE;UOP01-DEL06-PE
588765;21/03/2024;quinta-feira;10:35:00;PR;116;115;CURITIBA;Ausência de reação do condutor;Colisão lateral mesmo sentido;Sem Vítimas;Pleno dia;Crescente;Sol;Dupla;Reta;Não;1;0;0;0;1;0;0;1;-25,54549752;-49,30367595;SPRF-PR;DEL01-PR;UOP07-DEL01-PR
588766;21/03/2024;quinta-feira;07:50:00;GO;60;3;SANTO ANTONIO DO DESCOBERTO;Velocidade Incompatível;Saída de leito carroçável;Com Vítimas Feridas;Pleno dia;Decrescente;Nublado;Dupla;"Curva;Aclive";Não;1;0;1;0;0;0;1;1;-16,0669659;-48,26382637;SPRF-DF;DEL03-DF;UOP01-DEL03-DF
588769;21/03/2024;quinta-feira;02:30:00;MG;365;792;GURINHATA;Velocidade Incompatível;Colisão com objeto;Com Vítimas Feridas;Plena Noite;Decrescente;Céu Claro;Dupla;Rotatória;Não;1;0;1;0;0;0;1;1;-18,93179601;-49,836825;SPRF-MG;DEL15-MG;UOP03-DEL15-MG
588773;21/03/2024;quinta-feira;07:20:00;ES;101;65,2;SAO MATEUS;Condutor deixou de manter distância do veículo da frente;Queda de ocupante de veículo;Com Vítimas Feridas;Pleno dia;Decrescente;Céu Claro;Simples;"Declive;Reta";Sim;1;0;1;0;0;0;1;1;-18,70935945;-39,87762087;SPRF-ES;DEL04-ES;UOP02-DEL04-ES
588774;10/03/2024;domingo;04:15:00;SC;101;199,3;BIGUACU;Ingestão de álcool pelo condutor;Saída de leito carroçável;Sem Vítimas;Plena Noite;Decrescente;Céu Claro;Múltipla;Reta;Sim;1;0;0;0;0;1;0;1;-27,53413705;-48,63003205;SPRF-SC;DEL01-SC;UOP01-DEL01-SC
588775;21/03/2024;quinta-feira;07:30:00;RJ;101;497,6;ANGRA DOS REIS;Entrada inopinada do pedestre;Atropelamento de Pedestre;Com Vítimas Feridas;Pleno dia;Decrescente;Céu Claro;Simples;Curva;Não;2;0;0;2;0;0;2;2;-22,91687742;-44,32911645;SPRF-RJ;DEL03-RJ;UOP03-DEL03-RJ
588776;02/02/2024;sexta-feira;15:00:00;SP;381;87;SAO PAULO;Acumulo de óleo sobre o pavimento;Tombamento;Com Vítimas Feridas;Pleno dia;Crescente;Garoa/Chuvisco;Múltipla;Reta;Sim;2;0;0;1;1;0;1;2;-23,46885001;-46,56996601;SPRF-SP;DEL03-SP;UOP01-DEL03-SP
588778;21/03/2024;quinta-feira;11:40:00;MG;381;358,5;JOAO MONLEVADE;Ausência de reação do condutor;Colisão com objeto;Com Vítimas Feridas;Pleno dia;Decrescente;Céu Claro;Simples;Reta;Sim;2;0;1;0;1;0;1;2;-19,85592801;-43,21689055;SPRF-MG;DEL03-MG;UOP01-DEL03-MG
588779;21/03/2024;quinta-feira;11:45:00;RS;116;234;NOVO HAMBURGO;Reação tardia ou ineficiente do condutor;Colisão traseira;Com Vítimas Feridas;Pleno dia;Crescente;Chuva;Simples;"Interseção de Vias;Rotatória;Reta;Retorno Regulamentado";Sim;2;0;1;0;1;0;1;2;-29,65121313;-51,1444433;SPRF-RS;DEL01-RS;UOP02-DEL01-RS
588780;21/03/2024;quinta-feira;08:00:00;BA;415;28;ILHEUS;Desrespeitar a preferência no cruzamento;Colisão lateral mesmo sentido;Com Vítimas Feridas;Pleno dia;Crescente;Céu Claro;Simples;Reta;Sim;1;0;1;0;0;0;1;1;-14,8482;-39,281986;SPRF-BA;DEL05-BA;UOP01-DEL05-BA
588784;21/03/2024;quinta-feira;12:30:00;SC;101;205,5;SAO JOSE;Reação tardia ou ineficiente do condutor;Queda de ocupante de veículo;Com Vítimas Feridas;Pleno dia;Crescente;Céu Claro;Múltipla;Curva;Não;1;0;1;0;0;0;1;1;-27,58313237;-48,61532885;SPRF-SC;DEL01-SC;UOP01-DEL01-SC
588785;02/01/2024;terça-feira;03:30:00;MG;381;486,8;BETIM;Pedestre andava na pista;Atropelamento de Pedestre;Com Vítimas Fatais;Plena Noite;Crescente;Nublado;Múltipla;Reta;Sim;2;1;0;0;0;1;0;2;-19,95644414;-44,13611598;SPRF-MG;DEL01-MG;UOP03-DEL01-MG
588787;21/03/2024;quinta-feira;13:03:00;SP;116;279,9;EMBU DAS ARTES;Acessar a via sem observar a presença dos outros veículos;Colisão lateral mesmo sentido;Com Vítimas Feridas;Pleno dia;Crescente;Sol;Dupla;Reta;Sim;2;0;1;1;0;0;2;2;-23,66233697;-46,85292907;SPRF-SP;DEL04-SP;UOP01-DEL04-SP