id;data_inversa;dia_semana;horario;uf;br;km;municipio;causa_acidente;tipo_acidente;classificacao_acidente;fase_dia;sentido_via;condicao_metereologica;tipo_pista;tracado_via;uso_solo;pessoas;mortos;feridos_leves;feridos_graves;ilesos;ignorados;feridos;veiculos;latitude;longitude;regional;delegacia;uop
588788;21/03/2024;quinta-feira;10:30:00;MG;116;673,9;MIRADOURO;Acessar a via sem observar a presença dos outros veículos;Colisão transversal;Com Vítimas Feridas;Pleno dia;Crescente;Sol;Simples;"Reta;Interseção de Vias";Sim;3;0;2;1;0;0;3;2;-20,89914969;-42,34660864;SPRF-MG;DEL07-MG;UOP02-DEL07-MG
588794;21/03/2024;quinta-feira;13:41:00;RN;405;0;MOSSORO;Acessar a via sem observar a presença dos outros veículos;Colisão transversal;Com Vítimas Feridas;Pleno dia;Crescente;Céu Claro;Simples;Interseção de Vias;Sim;2;0;1;0;1;0;1;2;-5,1914673;-37,351887;SPRF-RN;DEL04-RN;UOP02-DEL04-RN
588795;21/03/2024;quinta-feira;07:30:00;BA;116;439;FEIRA DE SANTANA;Carga excessiva e/ou mal acondicionada;Colisão com objeto;Com Vítimas Feridas;Pleno dia;Crescente;Céu Claro;Dupla;"Declive;Reta";Não;2;0;1;0;1;0;1;1;-12,32191792;-39,05070505;SPRF-BA;DEL02-BA;UOP01-DEL02-BA
588796;21/03/2024;quinta-feira;13:40:00;RS;285;300;PASSO FUNDO;Acessar a via sem observar a presença dos outros veículos;Colisão transversal;Sem Vítimas;Pleno dia;Decrescente;Garoa/Chuvisco;Simples;Interseção de Vias;Sim;2;0;0;0;1;1;0;2;-28,229494;-52,441837;SPRF-RS;DEL08-RS;UOP03-DEL08-RS
588799;21/03/2024;quinta-feira;12:55:00;PR;476;152;ARAUCARIA;Trafegar com motocicleta (ou similar) entre as faixas;Tombamento;Com Vítimas Feridas;Pleno dia;Crescente;Nublado;Dupla;Reta;Sim;1;0;0;1;0;0;1;1;-25,570036;-49,384193;SPRF-PR;DEL01-PR;UOP06-DEL01-PR
588800;21/03/2024;quinta-feira;14:17:00;BA;324;516;FEIRA DE SANTANA;Trafegar com motocicleta (ou similar) entre as faixas;Colisão lateral mesmo sentido;Com Vítimas Feridas;Pleno dia;Crescente;Céu Claro;Simples;"Reta;Aclive";Sim;2;0;2;0;0;0;2;2;-12,2417119;-38,93768485;SPRF-BA;DEL02-BA;UOP01-DEL02-BA
588801;21/03/2024;quinta-feira;14:30:00;MT;158;573;AGUA BOA;Acumulo de água sobre o pavimento;Saída de leito carroçável;Com Vítimas Feridas;Pleno dia;Crescente;Chuva;Simples;Curva;Não;2;0;1;0;1;0;1;1;-14,12920475;-52,1936757;SPRF-MT;DEL07-MT;UOP02-DEL07-MT
588804;21/03/2024;quinta-feira;14:30:00;SC;470;66;INDAIAL;Trafegar com motocicleta (ou similar) entre as faixas;Colisão transversal;Com Vítimas Feridas;Pleno dia;Decrescente;Nublado;Simples;Retorno Regulamentado;Não;2;0;0;1;1;0;1;2;-26,870407;-49,221844;SPRF-SC;DEL04-SC;UOP01-DEL04-SC
588806;21/03/2024;quinta-feira;14:55:00;PB;230;23,9;JOAO PESSOA;Ingestão de álcool pelo condutor;Colisão traseira;Com Vítimas Feridas;Pleno dia;Crescente;Céu Claro;Dupla;"Em Obras;Viaduto;Reta";Sim;2;0;1;0;1;0;1;2;-7,1562;-34,8574;SPRF-PB;DEL01-PB;UOP01-DEL01-PB
588808;21/03/2024;quinta-feira;15:45:00;SP;153;87,5;MIRASSOL;Ausência de reação do condutor;Saída de leito carroçável;Com Vítimas Feridas;Pleno dia;Crescente;Céu Claro;Simples;Reta;Não;2;0;2;0;0;0;2;1;-20,94498178;-49,53459612;SPRF-SP;DEL09-SP;UOP01-DEL09-SP
588810;10/02/2024;sábado;21:00:00;ES;262;77;MARECHAL FLORIANO;Ausência de reação do condutor;Colisão com objeto;Com Vítimas Feridas;Plena Noite;Decrescente;Chuva;Simples;Reta;Não;2;0;0;1;1;0;1;1;-20,40832649;-40,91604228;SPRF-ES;DEL01-ES;UOP02-DEL01-ES
588812;21/03/2024;quinta-feira;12:15:00;MT;364;519;ROSARIO OESTE;Chuva;Saída de leito carroçável;Com Vítimas Feridas;Pleno dia;Decrescente;Chuva;Simples;Curva;Não;2;0;2;0;0;0;2;1;-15,10294599;-56,51994216;SPRF-MT;DEL01-MT;UOP01-DEL01-MT
588814;21/03/2024;quinta-feira;16:00:00;SP;153;72,8;SAO JOSE DO RIO PRETO;Acumulo de areia ou detritos sobre o pavimento;Tombamento;Com Vítimas Feridas;Pleno dia;Crescente;Céu Claro;Dupla;"Declive;Reta";Sim;1;0;1;0;0;0;1;1;-20,86715501;-49,41334398;SPRF-SP;DEL09-SP;UOP01-DEL09-SP
588815;06/02/2024;terça-feira;07:30:00;ES;262;106;VENDA NOVA DO IMIGRANTE;Acessar a via sem observar a presença dos outros veículos;Colisão transversal;Com Vítimas Feridas;Pleno dia;Decrescente;Céu Claro;Simples;Reta;Não;2;0;0;1;1;0;1;2;-20,32620639;-41,14442285;SPRF-ES;DEL01-ES;UOP02-DEL01-ES
588818;02/02/2024;sexta-feira;20:50:00;ES;262;162;IBATIBA;Ausência de reação do condutor;Atropelamento de Pedestre;Com Vítimas Feridas;Plena Noite;Crescente;Chuva;Simples;Reta;Não;2;0;0;1;1;0;1;2;-20,23593228;-41,53109078;SPRF-ES;DEL01-ES;UOP02-DEL01-ES
588820;21/03/2024;quinta-feira;15:20:00;PE;232;267,7;SERTANIA;Reação tardia ou ineficiente do condutor;Tombamento;Com Vítimas Feridas;Pleno dia;Crescente;Céu Claro;Simples;Reta;Não;1;0;1;0;0;0;1;1;-8,40747261;-37,19190605;SPRF-PE;DEL04-PE;UOP02-DEL04-PE
588822;21/03/2024;quinta-feira;12:35:00;MS;163;150;NAVIRAI;Chuva;Colisão frontal;Com Vítimas Feridas;Pleno dia;Crescente;Chuva;Simples;"Reta;Declive";Não;3;0;1;0;2;0;1;2;-22,96283073;-54,4287818;SPRF-MS;DEL09-MS;UOP01-DEL09-MS
588823;21/03/2024;quinta-feira;17:15:00;PB;230;26;JOAO PESSOA;Demais Fenômenos da natureza;Saída de leito carroçável;Com Vítimas Feridas;Anoitecer;Crescente;Céu Claro;Dupla;Reta;Sim;1;0;1;0;0;0;1;1;-7,1693;-34,8782;SPRF-PB;DEL01-PB;UOP01-DEL01-PB
588825;21/03/2024;quinta-feira;17:10:00;MG;381;498;BETIM;Manobra de mudança de faixa;Colisão lateral mesmo sentido;Com Vítimas Feridas;Pleno dia;Crescente;Céu Claro;Dupla;Reta;Sim;2;0;1;0;1;0;1;2;-20,01172662;-44,21976041;SPRF-MG;DEL01-MG;UOP03-DEL01-MG
588826;24/02/2024;sábado;06:50:00;SC;470;57,8;BLUMENAU;Animais na Pista;Atropelamento de Animal;Com Vítimas Feridas;Pleno dia;Decrescente;Céu Claro;Simples;Reta;Não;1;0;1;0;0;0;1;1;-26,880428;-49,136532;SPRF-SC;DEL04-SC;UOP01-DEL04-SC
588828;18/02/2024;domingo;08:40:00;RN;226;78;TANGARA;Entrada inopinada do pedestre;Atropelamento de Pedestre;Com Vítimas Feridas;Pleno dia;Crescente;Céu Claro;Simples;Reta;Não;5;0;0;1;3;1;1;2;-6,169488;-35,76115;SPRF-RN;DEL01-RN;UOP02-DEL01-RN
588830;21/03/2024;quinta-feira;16:40:00;MG;153;197;FRUTAL;Ultrapassagem Indevida;Colisão transversal;Com Vítimas Feridas;Pleno dia;Crescente;Céu Claro;Simples;"Reta;Em Obras";Não;5;0;2;0;3;0;2;2;-19,94200611;-48,96020651;SPRF-MG;DEL13-MG;UOP02-DEL13-MG
588831;21/03/2024;quinta-feira;17:40:00;ES;101;270,2;SERRA;Ausência de reação do condutor;Colisão lateral mesmo sentido;Com Vítimas Feridas;Anoitecer;Decrescente;Sol;Múltipla;"Reta;Interseção de Vias";Sim;2;0;1;0;0;1;1;2;-20,22662056;-40,27075088;SPRF-ES;DEL02-ES;UOP01-DEL02-ES
588832;21/03/2024;quinta-feira;16:10:00;PR;376;324,9;ORTIGUEIRA;Pista Escorregadia;Colisão com objeto;Com Vítimas Feridas;Pleno dia;Decrescente;Garoa/Chuvisco;Simples;Curva;Não;3;0;2;0;1;0;2;1;-24,08335501;-51,05936802;SPRF-PR;DEL07-PR;UOP02-DEL07-PR
588833;21/03/2024;quinta-feira;17:30:00;RS;116;522,6;PELOTAS;Reação tardia ou ineficiente do condutor;Colisão traseira;Sem Vítimas;Pleno dia;Decrescente;Céu Claro;Simples;"Reta;Interseção de Vias";Sim;2;0;0;0;1;1;0;2;-31,714441;-52,374715;SPRF-RS;DEL07-RS;UOP01-DEL07-RS
588834;21/03/2024;quinta-feira;17:10:00;SP;116;166;JACAREI;Reação tardia ou ineficiente do condutor;Colisão traseira;Com Vítimas Feridas;Pleno dia;Decrescente;Nublado;Dupla;Curva;Não;2;0;0;1;1;0;1;2;-23,30055667;-46,01686506;SPRF-SP;DEL02-SP;UOP01-DEL02-SP
588835;21/03/2024;quinta-feira;17:50:00;PA;230;122;MARABA;Acessar a via sem observar a presença dos outros veículos;Colisão lateral mesmo sentido;Com Vítimas Feridas;Pleno dia;Crescente;Céu Claro;Dupla;"Reta;Retorno Regulamentado";Não;2;0;1;0;1;0;1;2;-5,36137537;-49,12376139;SPRF-PA;DEL03-PA;UOP01-DEL03-PA
588837;21/03/2024;quinta-feira;16:10:00;RJ;101;322;NITEROI;Estacionar ou parar em local proibido;Colisão traseira;Com Vítimas Feridas;Pleno dia;Crescente;Céu Claro;Dupla;"Curva;Aclive";Não;2;0;1;0;1;0;1;2;-22,878923;-43,110676;SPRF-RJ;DEL02-RJ;UOP01-DEL02-RJ
588838;21/03/2024;quinta-feira;14:30:00;MG;40;201;JOAO PINHEIRO;Animais na Pista;Atropelamento de Animal;Sem Vítimas;Pleno dia;Crescente;Céu Claro;Simples;Reta;Não;1;0;0;0;1;0;0;1;-18,0050494;-45,80489762;SPRF-MG;DEL14-MG;UOP02-DEL14-MG
588840;21/03/2024;quinta-feira;16:30:00;PB;230;1,5;PATOS;Acessar a via sem observar a presença dos outros veículos;Colisão transversal;Com Vítimas Feridas;Pleno dia;Crescente;Céu Claro;Simples;Reta;Sim;2;0;1;0;1;0;1;2;-7,024862;-37,280304;SPRF-PB;DEL03-PB;UOP01-DEL03-PB
588844;21/03/2024;quinta-feira;18:00:00;SC;101;227,5;PALHOCA;Manobra de mudança de faixa;Colisão transversal;Com Vítimas Feridas;Anoitecer;Crescente;Nublado;Simples;Declive;Sim;2;0;1;0;1;0;1;2;-27,7509149;-48,63460277;SPRF-SC;DEL01-SC;UOP02-DEL01-SC
588845;21/03/2024;quinta-feira;16:00:00;BA;410;7;RIBEIRA DO POMBAL;Ultrapassagem Indevida;Colisão lateral sentido oposto;Com Vítimas Feridas;Pleno dia;Decrescente;Céu Claro;Simples;Reta;Não;3;0;1;1;1;0;2;2;-10,84806849;-38,58388664;SPRF-BA;DEL07-BA;UOP02-DEL07-BA
588846;21/03/2024;quinta-feira;18:30:00;RJ;116;80;TERESOPOLIS;Deficiência do Sistema de Iluminação/Sinalização;Atropelamento de Pedestre;Com Vítimas Feridas;Plena Noite;Crescente;Nublado;Simples;Reta;Sim;2;0;1;0;1;0;1;2;-22,39006974;-42,9533628;SPRF-RJ;DEL04-RJ;UOP01-DEL04-RJ
588850;21/03/2024;quinta-feira;14:40:00;RJ;493;59;DUQUE DE CAXIAS;Ausência de reação do condutor;Saída de leito carroçável;Com Vítimas Feridas;Pleno dia;Decrescente;Céu Claro;Dupla;Reta;Não;2;0;2;0;0;0;2;1;-22,66756107;-43,37402344;SPRF-RJ;DEL01-RJ;UOP03-DEL01-RJ
588851;21/03/2024;quinta-feira;17:40:00;MG;381;523,5;BRUMADINHO;Acumulo de óleo sobre o pavimento;Queda de ocupante de veículo;Com Vítimas Feridas;Anoitecer;Crescente;Chuva;Dupla;"Curva;Declive";Não;1;0;1;0;0;0;1;1;-20,1530682;-44,32617552;SPRF-MG;DEL04-MG;UOP03-DEL04-MG
588852;21/03/2024;quinta-feira;17:35:00;MG;381;523,5;BRUMADINHO;Velocidade Incompatível;Colisão com objeto;Sem Vítimas;Anoitecer;Crescente;Chuva;Dupla;"Curva;Declive";Não;1;0;0;0;1;0;0;1;-20,1530682;-44,32617552;SPRF-MG;DEL04-MG;UOP03-DEL04-MG
588853;21/03/2024;quinta-feira;10:30:00;SP;116;151;SAO JOSE DOS CAMPOS;Ausência de reação do condutor;Colisão com objeto;Com Vítimas Feridas;Pleno dia;Crescente;Sol;Dupla;Reta;Sim;1;0;1;0;0;0;1;1;-23,21980694;-45,89991605;SPRF-SP;DEL02-SP;UOP01-DEL02-SP
588854;21/03/2024;quinta-feira;17:10:00;BA;367;43;PORTO SEGURO;Demais falhas mecânicas ou elétricas;Incêndio;Sem Vítimas;Pleno dia;Crescente;Céu Claro;Simples;Reta;Não;1;0;0;0;1;0;0;1;-16,37672212;-39,23544508;SPRF-BA;DEL09-BA;UOP03-DEL09-BA
588855;21/03/2024;quinta-feira;19:00:00;SC;470;56;BLUMENAU;Acessar a via sem observar a presença dos outros veículos;Colisão transversal;Com Vítimas Feridas;Plena Noite;Decrescente;Nublado;Simples;"Em Obras;Reta;Interseção de Vias";Sim;3;0;0;1;2;0;1;2;-26,87740663;-49,12991524;SPRF-SC;DEL04-SC;UOP01-DEL04-SC
588856;21/03/2024;quinta-feira;19:30:00;PA;230;119;MARABA;Manobra de mudança de faixa;Colisão lateral mesmo sentido;Sem Vítimas;Plena Noite;Crescente;Céu Claro;Dupla;"Reta;Ponte";Sim;2;0;0;0;2;0;0;2;-5,350407;-49,105981;SPRF-PA;DEL03-PA;UOP01-DEL03-PA
588857;21/03/2024;quinta-feira;15:00:00;PI;316;71;MONSENHOR GIL;Ausência de reação do condutor;Saída de leito carroçável;Com Vítimas Feridas;Pleno dia;Decrescente;Chuva;Simples;Curva;Não;1;0;1;0;0;0;1;1;-5,667205;-42,59158898;SPRF-PI;DEL01-PI;UOP02-DEL01-PI
588859;21/03/2024;quinta-feira;18:50:00;PE;232;77;GRAVATA;Pedestre cruzava a pista fora da faixa;Atropelamento de Pedestre;Com Vítimas Feridas;Plena Noite;Decrescente;Céu Claro;Dupla;"Declive;Reta";Sim;2;0;0;1;1;0;1;2;-8,193584;-35,543178;SPRF-PE;DEL02-PE;UOP02-DEL02PE
588860;21/03/2024;quinta-feira;19:46:00;ES;101;287;CARIACICA;Ausência de reação do condutor;Queda de ocupante de veículo;Com Vítimas Feridas;Plena Noite;Decrescente;Céu Claro;Dupla;Reta;Sim;1;0;1;0;0;0;1;1;-20,26493528;-40,38471702;SPRF-ES;DEL01-ES;UOP01-DEL01-ES
588861;21/03/2024;quinta-feira;19:20:00;PE;101;62;RECIFE;Demais falhas mecânicas ou elétricas;Saída de leito carroçável;Com Vítimas Feridas;Pleno dia;Crescente;Céu Claro;Dupla;Reta;Sim;2;0;2;0;0;0;2;1;-7,99905898;-34,93899295;SPRF-PE;DEL01-PE;UOP02-DEL01-PE
588862;21/03/2024;quinta-feira;19:00:00;GO;452;88;GOIATUBA;Transitar na contramão;Colisão frontal;Com Vítimas Fatais;Plena Noite;Crescente;Nublado;Simples;Reta;Não;7;5;0;2;0;0;2;2;-18,08884858;-50,10507721;SPRF-GO;DEL03-GO;UOP02-DEL03-GO
588864;21/03/2024;quinta-feira;11:45:00;MG;40;673,9;CARANDAI;Reação tardia ou ineficiente do condutor;Saída de leito carroçável;Com Vítimas Feridas;Pleno dia;Decrescente;Nublado;Simples;"Declive;Reta";Não;1;0;1;0;0;0;1;1;-20,98990688;-43,7813578;SPRF-MG;DEL05-MG;UOP02-DEL05-MG
588865;21/03/2024;quinta-feira;19:00:00;PR;373;260;PRUDENTOPOLIS;Condutor deixou de manter distância do veículo da frente;Colisão traseira;Com Vítimas Feridas;Plena Noite;Decrescente;Céu Claro;Simples;Reta;Sim;3;0;1;0;2;0;1;3;-25,20515216;-50,94482318;SPRF-PR;DEL08-PR;UOP01-DEL08-PR
588867;21/03/2024;quinta-feira;19:50:00;PE;428;191;PETROLINA;Acessar a via sem observar a presença dos outros veículos;Atropelamento de Pedestre;Com Vítimas Feridas;Plena Noite;Crescente;Céu Claro;Múltipla;Reta;Sim;2;0;1;1;0;0;2;2;-9,383332;-40,517438;SPRF-PE;DEL06-PE;UOP01-DEL06-PE
588869;21/03/2024;quinta-feira;18:00:00;RJ;356;75;ITALVA;Ultrapassagem Indevida;Colisão frontal;Com Vítimas Feridas;Plena Noite;Decrescente;Céu Claro;Simples;Interseção de Vias;Sim;3;0;1;0;2;0;1;3;-21,42140416;-41,69075621;SPRF-RJ;DEL08-RJ;UOP03-DEL08-RJ
588870;21/03/2024;quinta-feira;20:40:00;PR;376;5;MANDAGUARI;Reação tardia ou ineficiente do condutor;Colisão transversal;Com Vítimas Feridas;Plena Noite;Decrescente;Céu Claro;Simples;Interseção de Vias;Sim;2;0;1;0;1;0;1;2;-23,52497162;-51,67774265;SPRF-PR;DEL09-PR;UOP01-DEL09-PR
588871;21/03/2024;quinta-feira;20:20:00;SP;116;465;PARIQUERA-ACU;Ausência de reação do condutor;Queda de ocupante de veículo;Com Vítimas Feridas;Plena Noite;Decrescente;Nublado;Dupla;Reta;Não;1;0;0;1;0;0;1;1;-24,65092046;-47,94065092;SPRF-SP;DEL05-SP;UOP01-DEL05-SP
588872;21/03/2024;quinta-feira;20:55:00;GO;60;387;RIO VERDE;Sinalização mal posicionada;Saída de leito carroçável;Com Vítimas Feridas;Plena Noite;Crescente;Chuva;Dupla;Reta;Sim;1;0;1;0;0;0;1;1;-17,8098;-50,9267;SPRF-GO;DEL04-GO;UOP02-DEL04-GO
588873;21/03/2024;quinta-feira;21:10:00;MG;381;425,1;CAETE;Demais falhas mecânicas ou elétricas;Incêndio;Sem Vítimas;Plena Noite;Decrescente;Nublado;Dupla;Declive;Não;28;0;0;0;28;0;0;1;-19,789917;-43,68234;SPRF-MG;DEL01-MG;UOP01-DEL01-MG
588874;21/03/2024;quinta-feira;21:00:00;RS;386;391,9;TRIUNFO;Acesso irregular;Colisão transversal;Com Vítimas Feridas;Plena Noite;Decrescente;Garoa/Chuvisco;Simples;"Curva;Declive";Não;6;0;1;0;5;0;1;2;-29,70342489;-51,658777;SPRF-RS;DEL04-RS;UOP02-DEL04-RS
588876;21/03/2024;quinta-feira;19:30:00;SP;116;107;TAUBATE;Avarias e/ou desgaste excessivo no pneu;Queda de ocupante de veículo;Com Vítimas Feridas;Plena Noite;Decrescente;Céu Claro;Dupla;Reta;Sim;2;0;2;0;0;0;2;1;-23,01791287;-45,53009409;SPRF-SP;DEL02-SP;UOP02-DEL02-SP
588877;21/03/2024;quinta-feira;19:50:00;SC;280;29;ARAQUARI;Acessar a via sem observar a presença dos outros veículos;Colisão transversal;Com Vítimas Feridas;Plena Noite;Crescente;Nublado;Simples;Reta;Não;3;0;1;0;2;0;1;2;-26,41066264;-48,75295628;SPRF-SC;DEL03-SC;UOP03-DEL03-SC
588878;09/03/2024;sábado;06:00:00;MT;70;158;GENERAL CARNEIRO;Reação tardia ou ineficiente do condutor;Saída de leito carroçável;Com Vítimas Fatais;Pleno dia;Crescente;Céu Claro;Simples;"Declive;Reta";Não;1;1;0;0;0;0;0;1;-15,56153398;-53,44055899;SPRF-MT;DEL05-MT;UOP01-DEL05-MT
588879;21/03/2024;quinta-feira;21:00:00;RS;101;21;TRES CACHOEIRAS;Reação tardia ou ineficiente do condutor;Colisão com objeto;Com Vítimas Feridas;Plena Noite;Decrescente;Chuva;Múltipla;Reta;Sim;3;0;1;0;2;0;1;1;-29,4398072;-49,90113887;SPRF-RS;DEL03-RS;UOP02-DEL03-RS
588880;21/03/2024;quinta-feira;17:10:00;BA;101;274,3;SANTO ANTONIO DE JESUS;Demais falhas mecânicas ou elétricas;Incêndio;Sem Vítimas;Pleno dia;Decrescente;Céu Claro;Simples;"Curva;Declive";Não;1;0;0;0;0;1;0;1;-13,060148;-39,27929;SPRF-BA;DEL01-BA;UOP02-DEL01-BA
588881;21/03/2024;quinta-feira;13:20:00;GO;153;284;RIALMA;Transitar na contramão;Colisão lateral sentido oposto;Com Vítimas Feridas;Pleno dia;Decrescente;Chuva;Simples;Reta;Não;3;0;1;0;2;0;1;2;-15,162119;-49,5406;SPRF-GO;DEL07-GO;UOP02-DEL07-GO
588884;21/03/2024;quinta-feira;22:32:00;TO;153;681;CARIRI DO TOCANTINS;Transitar na contramão;Colisão frontal;Com Vítimas Fatais;Plena Noite;Crescente;Céu Claro;Simples;Reta;Não;3;1;0;0;2;0;0;2;-11,79764182;-49,12157239;SPRF-TO;DEL01-TO;UOP02-DEL01-TO
588885;21/03/2024;quinta-feira;21:00:00;RJ;101;455;MANGARATIBA;Demais falhas mecânicas ou elétricas;Incêndio;Sem Vítimas;Plena Noite;Decrescente;Céu Claro;Simples;Reta;Sim;1;0;0;0;0;1;0;1;-23,03130715;-44,15918011;SPRF-RJ;DEL03-RJ;UOP02-DEL03-RJ
588887;21/03/2024;quinta-feira;19:30:00;MG;381;847,9;POUSO ALEGRE;Reação tardia ou ineficiente do condutor;Colisão com objeto;Sem Vítimas;Plena Noite;Crescente;Nublado;Dupla;Reta;Sim;1;0;0;0;0;1;0;1;-22,22142509;-45,87328863;SPRF-MG;DEL16-MG;UOP01-DEL16-MG
588889;21/03/2024;quinta-feira;22:40:00;PR;369;152;LONDRINA;Ausência de reação do condutor;Saída de leito carroçável;Com Vítimas Feridas;Plena Noite;Decrescente;Céu Claro;Dupla;Viaduto;Sim;3;0;3;0;0;0;3;1;-23,29845921;-51,19515717;SPRF-PR;DEL07-PR;UOP01-DEL07-PR
588890;21/03/2024;quinta-feira;08:45:00;RS;470;268;SAO JOSE DO SUL;Ultrapassagem Indevida;Colisão frontal;Com Vítimas Feridas;Pleno dia;Crescente;Chuva;Simples;Curva;Não;2;0;1;0;1;0;1;2;-29,51341656;-51,47783126;SPRF-RS;DEL06-RS;UOP01-DEL06-RS
588893;21/03/2024;quinta-feira;23:20:00;RJ;40;109,9;DUQUE DE CAXIAS;Ausência de reação do condutor;Colisão traseira;Com Vítimas Feridas;Plena Noite;Decrescente;Nublado;Dupla;Curva;Sim;4;0;2;0;2;0;2;2;-22,67374628;-43,28638368;SPRF-RJ;DEL01-RJ;UOP02-DEL01-RJ
588896;21/03/2024;quinta-feira;22:00:00;RJ;40;93;PETROPOLIS;Chuva;Saída de leito carroçável;Com Vítimas Feridas;Plena Noite;Crescente;Chuva;Simples;Curva;Sim;1;0;1;0;0;0;1;1;-22,5554282;-43,25829998;SPRF-RJ;DEL01-RJ;UOP01-DEL01-RJ
588897;22/03/2024;sexta-feira;00:05:00;RJ;101;92;CAMPOS DOS GOYTACAZES;Ausência de reação do condutor;Saída de leito carroçável;Com Vítimas Feridas;Pleno dia;Crescente;Céu Claro;Dupla;Curva;Não;1;0;1;0;0;0;1;1;-21,85456357;-41,52621893;SPRF-RJ;DEL08-RJ;UOP02-DEL08-RJ
588898;21/03/2024;quinta-feira;19:30:00;MG;116;415,4;GOVERNADOR VALADARES;Ultrapassagem Indevida;Colisão lateral mesmo sentido;Com Vítimas Feridas;Plena Noite;Decrescente;Céu Claro;Simples;"Interseção de Vias;Reta";Sim;2;0;1;0;1;0;1;2;-18,88401297;-41,94924399;SPRF-MG;DEL06-MG;UOP01-DEL06-MG
588899;21/03/2024;quinta-feira;22:08:00;MG;116;413,1;GOVERNADOR VALADARES;Ingestão de álcool pelo condutor;Colisão frontal;Com Vítimas Feridas;Plena Noite;Crescente;Céu Claro;Simples;Reta;Sim;7;0;1;0;6;0;1;3;-18,873907;-41,966366;SPRF-MG;DEL06-MG;UOP01-DEL06-MG
588901;21/03/2024;quinta-feira;22:30:00;MA;135;18;SAO LUIS;Chuva;Tombamento;Com Vítimas Fatais;Plena Noite;Crescente;Nublado;Simples;Reta;Sim;2;1;0;1;0;0;1;1;-2,71885254;-44,32141826;SPRF-MA;DEL01-MA;UOP01-DEL01-MA
588902;21/03/2024;quinta-feira;21:45:00;RJ;101;305;SAO GONCALO;Pedestre andava na pista;Atropelamento de Pedestre;Com Vítimas Fatais;Anoitecer;Decrescente;Céu Claro;Dupla;Reta;Sim;2;1;0;0;0;1;0;2;-22,78702832;-42,99589293;SPRF-RJ;DEL02-RJ;UOP02-DEL02-RJ
588903;22/03/2024;sexta-feira;00:40:00;RJ;101;319;NITEROI;Reação tardia ou ineficiente do condutor;Colisão traseira;Sem Vítimas;Plena Noite;Decrescente;Nublado;Dupla;Reta;Sim;2;0;0;0;2;0;0;2;-22,85411774;-43,1018014;SPRF-RJ;DEL02-RJ;UOP02-DEL02-RJ
588904;22/03/2024;sexta-feira;00:50:00;PR;376;182;SARANDI;Reação tardia ou ineficiente do condutor;Colisão com objeto;Com Vítimas Feridas;Plena Noite;Crescente;Céu Claro;Dupla;Reta;Sim;1;0;1;0;0;0;1;1;-23,43684112;-51,87880764;SPRF-PR;DEL09-PR;UOP01-DEL09-PR
588905;21/03/2024;quinta-feira;18:00:00;PI;135;306,9;CRISTINO CASTRO;Transitar na contramão;Colisão frontal;Com Vítimas Feridas;Plena Noite;Decrescente;Céu Claro;Simples;"Declive;Reta";Não;3;0;2;1;0;0;3;2;-8,75988451;-44,16572571;SPRF-PI;DEL03-PI;UOP02-DEL03-PI
588906;22/03/2024;sexta-feira;01:10:00;RJ;116;300;RESENDE;Condutor Dormindo;Colisão com objeto;Com Vítimas Feridas;Plena Noite;Crescente;Céu Claro;Dupla;Reta;Não;1;0;0;1;0;0;1;1;-22,45223481;-44,35432502;SPRF-RJ;DEL07-RJ;UOP02-DEL07-RJ
588909;22/03/2024;sexta-feira;01:23:00;PE;408;83,9;PAUDALHO;Condutor Dormindo;Saída de leito carroçável;Com Vítimas Feridas;Plena Noite;Decrescente;Nublado;Dupla;"Curva;Aclive";Não;1;0;1;0;0;0;1;1;-7,950401;-35,109245;SPRF-PE;DEL01-PE;UOP01-DEL01-PE
588912;21/03/2024;quinta-feira;22:55:00;ES;262;177,3;IBATIBA;Velocidade Incompatível;Queda de ocupante de veículo;Com Vítimas Fatais;Plena Noite;Decrescente;Céu Claro;Simples;Curva;Não;2;2;0;0;0;0;0;1;-20,28062181;-41,64687634;SPRF-ES;DEL01-ES;UOP02-DEL01-ES
588914;22/03/2024;sexta-feira;03:40:00;PR;116;14;COLOMBO;Condutor deixou de manter distância do veículo da frente;Colisão traseira;Sem Vítimas;Plena Noite;Decrescente;Chuva;Dupla;Reta;Sim;3;0;0;0;3;0;0;2;-25,3818;-49,1643;SPRF-PR;DEL01-PR;UOP02-DEL01-PR
588915;22/03/2024;sexta-feira;03:40:00;RS;285;673;SAO BORJA;Animais na Pista;Atropelamento de Animal;Sem Vítimas;Plena Noite;Crescente;Céu Claro;Simples;Reta;Sim;1;0;0;0;1;0;0;1;-28,6598267;-55,9741607;SPRF-RS;DEL12-RS;UOP01-DEL12-RS
588916;22/03/2024;sexta-feira;05:00:00;ES;101;43,7;CONCEICAO DA BARRA;Ultrapassagem Indevida;Colisão frontal;Com Vítimas Fatais;Amanhecer;Crescente;Céu Claro;Simples;Reta;Não;5;2;0;1;2;0;1;2;-18,52562495;-39,91069385;SPRF-ES;DEL04-ES;UOP02-DEL04-ES
588918;22/03/2024;sexta-feira;06:00:00;SP;381;87;SAO PAULO;Entrada inopinada do pedestre;Atropelamento de Pedestre;Com Vítimas Fatais;Amanhecer;Decrescente;Chuva;Múltipla;Reta;Sim;3;1;0;0;1;1;0;2;-23,46885001;-46,56996601;SPRF-SP;DEL03-SP;UOP01-DEL03-SP
588919;22/03/2024;sexta-feira;04:10:00;RJ;101;217;SILVA JARDIM;Ausência de reação do condutor;Saída de leito carroçável;Com Vítimas Feridas;Plena Noite;Decrescente;Céu Claro;Dupla;Reta;Não;1;0;1;0;0;0;1;1;-22,50769291;-42,29165293;SPRF-RJ;DEL02-RJ;UOP03-DEL02-RJ