id;data_inversa;dia_semana;horario;uf;br;km;municipio;causa_acidente;tipo_acidente;classificacao_acidente;fase_dia;sentido_via;condicao_metereologica;tipo_pista;tracado_via;uso_solo;pessoas;mortos;feridos_leves;feridos_graves;ilesos;ignorados;feridos;veiculos;latitude;longitude;regional;delegacia;uop
588920;22/03/2024;sexta-feira;05:50:00;DF;60;12;BRASILIA;Entrada inopinada do pedestre;Atropelamento de Pedestre;Com Vítimas Feridas;Amanhecer;Crescente;Nublado;Dupla;Reta;Sim;3;0;1;0;1;1;1;2;-15,916267;-48,164268;SPRF-DF;DEL03-DF;UOP01-DEL03-DF
588921;22/03/2024;sexta-feira;06:00:00;PR;116;121,2;CURITIBA;Trafegar com motocicleta (ou similar) entre as faixas;Colisão lateral mesmo sentido;Com Vítimas Feridas;Pleno dia;Decrescente;Nublado;Dupla;Reta;Sim;3;0;2;0;1;0;2;2;-25,5599323;-49,30743945;SPRF-PR;DEL01-PR;UOP03-DEL01-PR
588922;22/03/2024;sexta-feira;06:23:00;DF;70;16;BRASILIA;Acessar a via sem observar a presença dos outros veículos;Colisão transversal;Com Vítimas Feridas;Amanhecer;Decrescente;Nublado;Dupla;"Interseção de Vias;Rotatória";Sim;2;0;2;0;0;0;2;1;-15,796144;-48,194225;SPRF-DF;DEL03-DF;UOP02-DEL03-DF
588923;22/03/2024;sexta-feira;06:50:00;SP;116;206;GUARULHOS;Reação tardia ou ineficiente do condutor;Tombamento;Com Vítimas Feridas;Pleno dia;Decrescente;Chuva;Múltipla;Reta;Sim;1;0;1;0;0;0;1;1;-23,41722629;-46,37510292;SPRF-SP;DEL01-SP;UOP01-DEL01-SP
588925;21/03/2024;quinta-feira;20:00:00;MG;365;521;MONTE CARMELO;Acessar a via sem observar a presença dos outros veículos;Colisão lateral mesmo sentido;Com Vítimas Feridas;Plena Noite;Decrescente;Céu Claro;Dupla;Reta;Não;3;0;2;0;1;0;2;2;-18,91497844;-47,41535017;SPRF-MG;DEL10-MG;UOP01-DEL10-MG
588926;21/03/2024;quinta-feira;12:30:00;MG;40;142;JOAO PINHEIRO;Acessar a via sem observar a presença dos outros veículos;Colisão transversal;Com Vítimas Feridas;Pleno dia;Decrescente;Céu Claro;Simples;Reta;Sim;2;0;0;1;1;0;1;2;-17,740382;-46,185728;SPRF-MG;DEL14-MG;UOP01-DEL14-MG
588927;21/03/2024;quinta-feira;19:20:00;MG;40;41;PARACATU;Acessar a via sem observar a presença dos outros veículos;Colisão transversal;Com Vítimas Feridas;Anoitecer;Decrescente;Nublado;Simples;Interseção de Vias;Sim;2;0;1;0;1;0;1;2;-17,21271307;-46,87295209;SPRF-MG;DEL14-MG;UOP01-DEL14-MG
588928;21/03/2024;quinta-feira;19:35:00;MG;40;135;JOAO PINHEIRO;Animais na Pista;Saída de leito carroçável;Com Vítimas Feridas;Plena Noite;Crescente;Céu Claro;Simples;Reta;Não;2;0;0;1;1;0;1;1;-17,72013207;-46,24103601;SPRF-MG;DEL14-MG;UOP01-DEL14-MG
588929;22/03/2024;sexta-feira;07:10:00;MG;381;526;BRUMADINHO;Pista Escorregadia;Queda de ocupante de veículo;Com Vítimas Feridas;Pleno dia;Crescente;Nublado;Dupla;"Curva;Declive";Não;1;0;0;1;0;0;1;1;-20,16175378;-44,34144636;SPRF-MG;DEL04-MG;UOP03-DEL04-MG
588930;22/03/2024;sexta-feira;05:00:00;MG;381;511;IGARAPE;Entrada inopinada do pedestre;Atropelamento de Pedestre;Com Vítimas Feridas;Amanhecer;Decrescente;Céu Claro;Simples;"Declive;Reta";Não;2;0;0;1;1;0;1;2;-20,09239724;-44,31458341;SPRF-MG;DEL01-MG;UOP03-DEL01-MG
588931;22/03/2024;sexta-feira;05:40:00;PI;230;285;FLORIANO;Objeto estático sobre o leito carroçável;Colisão com objeto;Com Vítimas Feridas;Amanhecer;Crescente;Sol;Simples;Reta;Não;1;0;0;1;0;0;1;1;-6,89467738;-42,82732948;SPRF-PI;DEL03-PI;UOP01-DEL03-PI
588932;22/03/2024;sexta-feira;06:40:00;DF;40;1;BRASILIA;Manobra de mudança de faixa;Saída de leito carroçável;Com Vítimas Feridas;Pleno dia;Decrescente;Céu Claro;Dupla;Reta;Sim;1;0;1;0;0;0;1;1;-15,985532;-47,987747;SPRF-DF;DEL01-DF;UOP01-DEL01-DF
588934;22/03/2024;sexta-feira;06:26:00;SC;101;138,5;BALNEARIO CAMBORIU;Reação tardia ou ineficiente do condutor;Tombamento;Com Vítimas Feridas;Pleno dia;Crescente;Céu Claro;Múltipla;"Reta;Aclive";Sim;1;0;1;0;0;0;1;1;-27,02397426;-48,60761649;SPRF-SC;DEL04-SC;UOP03-DEL04-SC
588935;22/03/2024;sexta-feira;06:58:00;PB;230;14,8;CABEDELO;Acessar a via sem observar a presença dos outros veículos;Colisão traseira;Com Vítimas Feridas;Pleno dia;Crescente;Chuva;Simples;Reta;Sim;2;0;0;1;1;0;1;2;-7,0844;-34,8488;SPRF-PB;DEL01-PB;UOP01-DEL01-PB
588937;22/03/2024;sexta-feira;07:10:00;SC;101;416,2;ARARANGUA;Condutor deixou de manter distância do veículo da frente;Colisão traseira;Com Vítimas Feridas;Pleno dia;Crescente;Céu Claro;Simples;Reta;Sim;2;0;1;0;0;1;1;2;-28,9739903;-49,53085184;SPRF-SC;DEL02-SC;UOP02-DEL02-SC
588938;22/03/2024;sexta-feira;06:45:00;PB;101;83;BAYEUX;Condutor deixou de manter distância do veículo da frente;Colisão traseira;Com Vítimas Feridas;Pleno dia;Crescente;Chuva;Dupla;Reta;Sim;2;0;0;2;0;0;2;2;-7,1337703;-34,92963914;SPRF-PB;DEL01-PB;UOP01-DEL01-PB
588940;22/03/2024;sexta-feira;08:00:00;RS;290;75;GRAVATAI;Acumulo de óleo sobre o pavimento;Tombamento;Com Vítimas Feridas;Pleno dia;Decrescente;Céu Claro;Dupla;Curva;Sim;2;0;2;0;0;0;2;1;-29,95506469;-51,00225806;SPRF-RS;DEL01-RS;UOP01-DEL01-RS
588941;21/03/2024;quinta-feira;22:00:00;GO;364;124;APARECIDA DO RIO DOCE;Animais na Pista;Atropelamento de Animal;Sem Vítimas;Plena Noite;Decrescente;Nublado;Simples;Reta;Não;1;0;0;0;1;0;0;1;-18,261824;-51,22747;SPRF-GO;DEL05-GO;UOP02-DEL05-GO
588942;22/03/2024;sexta-feira;05:56:00;DF;40;3,2;BRASILIA;Condutor deixou de manter distância do veículo da frente;Colisão traseira;Sem Vítimas;Pleno dia;Decrescente;Céu Claro;Dupla;Reta;Não;2;0;0;0;2;0;0;2;-16,003145;-47,983944;SPRF-DF;DEL01-DF;UOP01-DEL01-DF
588944;22/03/2024;sexta-feira;07:50:00;PB;101;89;JOAO PESSOA;Manobra de mudança de faixa;Colisão lateral mesmo sentido;Com Vítimas Feridas;Pleno dia;Crescente;Sol;Dupla;Retorno Regulamentado;Sim;2;0;0;1;1;0;1;2;-7,1710694;-34,89765372;SPRF-PB;DEL01-PB;UOP02-DEL01-PB
588945;22/03/2024;sexta-feira;07:40:00;SP;488;1;APARECIDA;Reação tardia ou ineficiente do condutor;Atropelamento de Pedestre;Com Vítimas Feridas;Pleno dia;Decrescente;Nublado;Dupla;Reta;Sim;3;0;1;0;1;1;1;3;-22,850164;-45,231808;SPRF-SP;DEL08-SP;UOP01-DEL08-SP
588946;22/03/2024;sexta-feira;08:00:00;SE;101;99,5;SAO CRISTOVAO;Manobra de mudança de faixa;Colisão lateral mesmo sentido;Com Vítimas Feridas;Pleno dia;Decrescente;Sol;Dupla;Aclive;Não;3;0;0;1;1;1;1;2;-10,93360681;-37,18950023;SPRF-SE;DEL02-SE;UOP01-DEL02-SE
588948;22/03/2024;sexta-feira;07:30:00;BA;110;371;CATU;Transitar na contramão;Colisão frontal;Com Vítimas Fatais;Pleno dia;Crescente;Céu Claro;Simples;Interseção de Vias;Não;2;1;0;0;1;0;0;2;-12,41152143;-38,43143397;SPRF-BA;DEL01-BA;UOP04-DEL01-BA
588949;22/03/2024;sexta-feira;08:25:00;SC;101;125,2;ITAJAI;Ausência de reação do condutor;Colisão lateral mesmo sentido;Com Vítimas Feridas;Pleno dia;Decrescente;Nublado;Dupla;Curva;Não;3;0;0;2;1;0;2;2;-26,94802427;-48,68338515;SPRF-SC;DEL04-SC;UOP04-DEL04-SC
588951;22/03/2024;sexta-feira;06:40:00;RJ;116;291,5;BARRA MANSA;Ausência de reação do condutor;Colisão com objeto;Sem Vítimas;Pleno dia;Crescente;Chuva;Dupla;"Declive;Reta";Não;1;0;0;0;1;0;0;1;-22,47234102;-44,27715902;SPRF-RJ;DEL07-RJ;UOP02-DEL07-RJ
588952;22/03/2024;sexta-feira;07:40:00;RS;116;34,1;VACARIA;Manobra de mudança de faixa;Colisão transversal;Com Vítimas Feridas;Pleno dia;Decrescente;Nublado;Simples;Reta;Sim;3;0;1;0;1;1;1;3;-28,47913143;-50,89883208;SPRF-RS;DEL05-RS;UOP03-DEL05-RS
588953;22/03/2024;sexta-feira;07:25:00;PR;116;38;CAMPINA GRANDE DO SUL;Chuva;Saída de leito carroçável;Sem Vítimas;Pleno dia;Crescente;Chuva;Dupla;Curva;Não;1;0;0;0;1;0;0;1;-25,156168;-48,8613401;SPRF-PR;DEL01-PR;UOP02-DEL01-PR
588955;22/03/2024;sexta-feira;09:04:00;SE;101;109;SAO CRISTOVAO;Avarias e/ou desgaste excessivo no pneu;Queda de ocupante de veículo;Com Vítimas Feridas;Pleno dia;Decrescente;Céu Claro;Dupla;Curva;Não;2;0;2;0;0;0;2;1;-10,966443;-37,270634;SPRF-SE;DEL02-SE;UOP01-DEL02-SE
588959;22/03/2024;sexta-feira;09:00:00;CE;20;282;CANINDE;Objeto estático sobre o leito carroçável;Atropelamento de Animal;Com Vítimas Feridas;Pleno dia;Crescente;Nublado;Simples;Reta;Não;1;0;1;0;0;0;1;1;-4,56318406;-39,35829374;SPRF-CE;DEL02-CE;UOP01-DEL02-CE
588960;22/03/2024;sexta-feira;08:15:00;PR;277;80;CURITIBA;Acessar a via sem observar a presença dos outros veículos;Colisão lateral mesmo sentido;Com Vítimas Feridas;Pleno dia;Crescente;Nublado;Dupla;Reta;Sim;2;0;1;0;1;0;1;2;-25,568939;-49,181978;SPRF-PR;DEL01-PR;UOP07-DEL01-PR
588961;01/02/2024;quinta-feira;07:50:00;SC;470;53,4;BLUMENAU;Manobra de mudança de faixa;Colisão lateral mesmo sentido;Com Vítimas Feridas;Pleno dia;Crescente;Céu Claro;Simples;"Em Obras;Reta";Não;3;0;1;0;1;1;1;3;-26,867121;-49,102066;SPRF-SC;DEL04-SC;UOP01-DEL04-SC
588963;22/03/2024;sexta-feira;08:30:00;ES;101;293,1;CARIACICA;Reação tardia ou ineficiente do condutor;Colisão traseira;Com Vítimas Feridas;Pleno dia;Decrescente;Céu Claro;Simples;"Reta;Em Obras";Sim;2;0;1;0;1;0;1;2;-20,31526144;-40,39567044;SPRF-ES;DEL01-ES;UOP01-DEL01-ES
588967;22/03/2024;sexta-feira;09:31:00;ES;101;149,3;LINHARES;Reação tardia ou ineficiente do condutor;Colisão traseira;Com Vítimas Feridas;Pleno dia;Decrescente;Céu Claro;Simples;Interseção de Vias;Sim;2;0;1;0;1;0;1;2;-19,39619083;-40,06435871;SPRF-ES;DEL04-ES;UOP01-DEL04-ES
588969;22/03/2024;sexta-feira;09:17:00;SC;282;26,5;SANTO AMARO DA IMPERATRIZ;Acessar a via sem observar a presença dos outros veículos;Colisão transversal;Com Vítimas Feridas;Pleno dia;Decrescente;Céu Claro;Simples;"Retorno Regulamentado;Reta;Interseção de Vias";Sim;2;0;1;0;1;0;1;2;-27,680267;-48,762482;SPRF-SC;DEL01-SC;UOP03-DEL01-SC
588970;22/03/2024;sexta-feira;09:00:00;SC;280;129;RIO NEGRINHO;Desrespeitar a preferência no cruzamento;Colisão transversal;Com Vítimas Feridas;Pleno dia;Crescente;Céu Claro;Simples;Rotatória;Não;2;0;1;0;1;0;1;2;-26,24586437;-49,52284615;SPRF-SC;DEL06-SC;UOP03-DEL06-SC
588973;22/03/2024;sexta-feira;10:20:00;AP;210;1;MACAPA;Manobra de mudança de faixa;Colisão lateral mesmo sentido;Com Vítimas Feridas;Pleno dia;Crescente;Sol;Dupla;Reta;Sim;3;0;2;0;1;0;2;2;0,07816717;-51,06998693;SPRF-AP;DEL01-AP;UOP01-DEL01-AP
588977;10/03/2024;domingo;08:00:00;PE;232;68;GRAVATA;Velocidade Incompatível;Colisão traseira;Com Vítimas Feridas;Pleno dia;Crescente;Céu Claro;Dupla;"Reta;Aclive";Não;2;0;0;1;1;0;1;2;-8,16728938;-35,47308397;SPRF-PE;DEL02-PE;UOP02-DEL02PE
588978;22/03/2024;sexta-feira;10:30:00;SC;101;97;BALNEARIO PICARRAS;Pedestre cruzava a pista fora da faixa;Atropelamento de Pedestre;Com Vítimas Feridas;Pleno dia;Decrescente;Sol;Dupla;Curva;Não;2;0;1;0;1;0;1;2;-26,72823703;-48,70224928;SPRF-SC;DEL03-SC;UOP02-DEL03-SC
588980;22/03/2024;sexta-feira;09:30:00;PB;230;39,5;SANTA RITA;Reação tardia ou ineficiente do condutor;Saída de leito carroçável;Com Vítimas Feridas;Pleno dia;Decrescente;Chuva;Dupla;"Declive;Reta";Não;2;0;1;0;1;0;1;1;-7,1381;-34,9707;SPRF-PB;DEL01-PB;UOP03-DEL01-PB
588982;04/01/2024;quinta-feira;18:15:00;RJ;101;282;ITABORAI;Pedestre cruzava a pista fora da faixa;Atropelamento de Pedestre;Com Vítimas Feridas;Anoitecer;Crescente;Céu Claro;Dupla;Reta;Não;3;0;0;3;0;0;3;2;-22,7371391;-42,79664601;SPRF-RJ;DEL02-RJ;UOP02-DEL02-RJ
588983;22/03/2024;sexta-feira;10:35:00;SP;381;69;MAIRIPORA;Velocidade Incompatível;Saída de leito carroçável;Com Vítimas Feridas;Pleno dia;Decrescente;Chuva;Dupla;Curva;Não;1;0;1;0;0;0;1;1;-23,34553108;-46,56787903;SPRF-SP;DEL03-SP;UOP01-DEL03-SP
588984;22/03/2024;sexta-feira;08:50:00;PE;104;60,6;CARUARU;Acessar a via sem observar a presença dos outros veículos;Colisão traseira;Com Vítimas Feridas;Pleno dia;Decrescente;Céu Claro;Dupla;"Retorno Regulamentado;Reta";Não;3;0;0;2;1;0;2;2;-8,2438;-35,9752;SPRF-PE;DEL02-PE;UOP01-DEL02-PE
588985;22/03/2024;sexta-feira;09:20:00;SP;116;157;SAO JOSE DOS CAMPOS;Chuva;Tombamento;Com Vítimas Feridas;Pleno dia;Decrescente;Chuva;Dupla;Reta;Sim;1;0;0;1;0;0;1;1;-23,25558031;-45,9437828;SPRF-SP;DEL02-SP;UOP01-DEL02-SP
588988;22/03/2024;sexta-feira;11:00:00;SC;101;205;SAO JOSE;Ausência de reação do condutor;Colisão traseira;Com Vítimas Feridas;Pleno dia;Crescente;Céu Claro;Dupla;Reta;Não;3;0;1;0;2;0;1;2;-27,58313237;-48,61532885;SPRF-SC;DEL01-SC;UOP01-DEL01-SC
588989;22/03/2024;sexta-feira;11:15:00;BA;407;4;JUAZEIRO;Retorno proibido;Colisão transversal;Com Vítimas Feridas;Pleno dia;Crescente;Céu Claro;Simples;Reta;Sim;2;0;1;0;1;0;1;2;-9,43957495;-40,49433089;SPRF-PE;DEL06-PE;UOP01-DEL06-PE
588992;22/03/2024;sexta-feira;11:50:00;MG;40;533;BELO HORIZONTE;Reação tardia ou ineficiente do condutor;Tombamento;Com Vítimas Feridas;Pleno dia;Crescente;Céu Claro;Dupla;"Reta;Aclive";Sim;3;0;1;0;2;0;1;2;-19,92618818;-44,00791464;SPRF-MG;DEL01-MG;UOP02-DEL01-MG
588994;22/03/2024;sexta-feira;04:10:00;SP;116;545;BARRA DO TURVO;Reação tardia ou ineficiente do condutor;Colisão com objeto;Com Vítimas Feridas;Plena Noite;Crescente;Chuva;Simples;"Curva;Declive";Não;2;0;1;0;1;0;1;1;-24,95016699;-48,42400302;SPRF-SP;DEL05-SP;UOP02-DEL05-SP
588995;22/03/2024;sexta-feira;10:30:00;RS;290;254;CACHOEIRA DO SUL;Demais falhas mecânicas ou elétricas;Incêndio;Sem Vítimas;Pleno dia;Crescente;Céu Claro;Simples;Reta;Não;1;0;0;0;1;0;0;1;-30,246338;-52,764725;SPRF-RS;DEL02-RS;UOP03-DEL02-RS
588996;22/03/2024;sexta-feira;07:33:00;MG;381;891;CAMBUI;Ausência de reação do condutor;Colisão traseira;Com Vítimas Feridas;Pleno dia;Crescente;Nublado;Dupla;Reta;Não;2;0;1;0;1;0;1;2;-22,59361712;-46,05563886;SPRF-MG;DEL16-MG;UOP03-DEL16-MG
588997;22/02/2024;quinta-feira;10:22:00;BA;324;621;SALVADOR;Acessar a via sem observar a presença dos outros veículos;Queda de ocupante de veículo;Com Vítimas Feridas;Pleno dia;Decrescente;Céu Claro;Dupla;Curva;Sim;2;0;1;0;1;0;1;2;-12,91233708;-38,45956983;SPRF-BA;DEL01-BA;UOP01-DEL01-BA
588998;22/03/2024;sexta-feira;12:00:00;SE;235;50;ITABAIANA;Condutor deixou de manter distância do veículo da frente;Colisão traseira;Com Vítimas Feridas;Pleno dia;Crescente;Céu Claro;Simples;Reta;Sim;2;0;1;0;1;0;1;2;-10,707879;-37,42606;SPRF-SE;DEL01-SE;UOP02-DEL01-SE
589001;22/03/2024;sexta-feira;12:30:00;DF;20;5;BRASILIA;Ultrapassagem Indevida;Colisão lateral mesmo sentido;Com Vítimas Feridas;Pleno dia;Decrescente;Nublado;Dupla;Reta;Sim;2;0;1;0;1;0;1;2;-15,670546;-47,816044;SPRF-DF;DEL02-DF;UOP01-DEL02-DF
589002;22/03/2024;sexta-feira;11:50:00;MG;40;738;SANTOS DUMONT;Velocidade Incompatível;Saída de leito carroçável;Com Vítimas Feridas;Pleno dia;Crescente;Chuva;Dupla;Curva;Não;1;0;1;0;0;0;1;1;-21,38880304;-43,56910622;SPRF-MG;DEL05-MG;UOP01-DEL05-MG
589003;22/03/2024;sexta-feira;07:40:00;RJ;101;429;MANGARATIBA;Velocidade Incompatível;Saída de leito carroçável;Com Vítimas Feridas;Pleno dia;Decrescente;Chuva;Simples;"Declive;Curva";Não;2;0;1;0;1;0;1;1;-22,937672;-44,012762;SPRF-RJ;DEL03-RJ;UOP02-DEL03-RJ
589004;10/03/2024;domingo;19:00:00;ES;262;83,3;DOMINGOS MARTINS;Chuva;Colisão traseira;Com Vítimas Feridas;Plena Noite;Crescente;Chuva;Simples;Reta;Não;3;0;0;1;1;1;1;3;-20,40729391;-40,96691573;SPRF-ES;DEL01-ES;UOP02-DEL01-ES
589006;22/03/2024;sexta-feira;11:45:00;AM;319;1;MANAUS;Demais falhas mecânicas ou elétricas;Colisão lateral sentido oposto;Com Vítimas Feridas;Pleno dia;Crescente;Céu Claro;Simples;Declive;Sim;3;0;1;0;1;1;1;3;-3,13528605;-59,9390173;SPRF-AM;DEL01-AM;UOP03-DEL01-AM
589009;18/03/2024;segunda-feira;08:10:00;SC;101;111,4;NAVEGANTES;Manobra de mudança de faixa;Colisão lateral mesmo sentido;Com Vítimas Feridas;Pleno dia;Crescente;Céu Claro;Múltipla;Reta;Não;2;0;1;0;1;0;1;2;-26,83955734;-48,71418074;SPRF-SC;DEL04-SC;UOP04-DEL04-SC
589012;22/03/2024;sexta-feira;13:30:00;MG;40;494,7;ESMERALDAS;Velocidade Incompatível;Saída de leito carroçável;Com Vítimas Feridas;Pleno dia;Decrescente;Céu Claro;Dupla;"Declive;Reta";Não;4;0;2;2;0;0;4;2;-19,65390808;-44,19841023;SPRF-MG;DEL02-MG;UOP01-DEL02-MG
589013;22/03/2024;sexta-feira;12:00:00;RN;226;175;CURRAIS NOVOS;Ausência de reação do condutor;Colisão traseira;Sem Vítimas;Pleno dia;Crescente;Céu Claro;Simples;"Reta;Rotatória";Sim;2;0;0;0;2;0;0;2;-6,257745;-36,510166;SPRF-RN;DEL03-RN;UOP02-DEL03-RN
589017;22/03/2024;sexta-feira;14:00:00;PE;104;72;CARUARU;Avarias e/ou desgaste excessivo no pneu;Saída de leito carroçável;Com Vítimas Feridas;Pleno dia;Crescente;Céu Claro;Simples;"Curva;Declive";Não;1;0;1;0;0;0;1;1;-8,341347;-35,982346;SPRF-PE;DEL02-PE;UOP01-DEL02-PE
589019;17/03/2024;domingo;21:00:00;SC;282;75,6;RANCHO QUEIMADO;Ingestão de álcool pelo condutor;Colisão frontal;Com Vítimas Feridas;Plena Noite;Crescente;Céu Claro;Simples;Curva;Não;6;0;0;5;0;1;5;3;-27,6910557;-49,13479418;SPRF-SC;DEL01-SC;UOP03-DEL01-SC
589020;22/03/2024;sexta-feira;14:30:00;RJ;116;219;SEROPEDICA;Ausência de reação do condutor;Saída de leito carroçável;Com Vítimas Feridas;Pleno dia;Decrescente;Chuva;Dupla;Curva;Não;1;0;1;0;0;0;1;1;-22,698075;-43,765978;SPRF-RJ;DEL06-RJ;UOP02-DEL06-RJ
589022;22/03/2024;sexta-feira;15:20:00;MG;262;485,3;BOM DESPACHO;Ultrapassagem Indevida;Tombamento;Com Vítimas Feridas;Pleno dia;Crescente;Céu Claro;Simples;Reta;Não;1;0;0;1;0;0;1;1;-19,78610881;-45,30392798;SPRF-MG;DEL08-MG;UOP03-DEL08-MG
589023;22/03/2024;sexta-feira;14:52:00;RS;470;155;NOVA PRATA;Conversão proibida;Colisão transversal;Sem Vítimas;Pleno dia;Decrescente;Céu Claro;Simples;"Reta;Em Obras";Não;6;0;0;0;5;1;0;4;-28,78243906;-51,61511825;SPRF-RS;DEL06-RS;UOP02-DEL06-RS
589024;22/03/2024;sexta-feira;13:15:00;MG;153;64,1;MONTE ALEGRE DE MINAS;Chuva;Saída de leito carroçável;Com Vítimas Feridas;Pleno dia;Crescente;Chuva;Simples;"Reta;Declive";Não;1;0;1;0;0;0;1;1;-18,92679699;-49,03242496;SPRF-MG;DEL15-MG;UOP03-DEL15-MG
589025;22/03/2024;sexta-feira;14:35:00;MG;50;1,5;ARAGUARI;Chuva;Saída de leito carroçável;Com Vítimas Feridas;Pleno dia;Crescente;Chuva;Dupla;"Reta;Declive";Não;1;0;1;0;0;0;1;1;-18,42982393;-48,06250588;SPRF-MG;DEL15-MG;UOP02-DEL15-MG
589026;22/03/2024;sexta-feira;12:50:00;MG;40;170;JOAO PINHEIRO;Manobra de mudança de faixa;Saída de leito carroçável;Com Vítimas Feridas;Pleno dia;Crescente;Nublado;Dupla;Reta;Não;1;0;1;0;0;0;1;1;-17,93424658;-46,05986282;SPRF-MG;DEL14-MG;UOP02-DEL14-MG
589028;22/03/2024;sexta-feira;14:35:00;CE;222;221;SOBRAL;Acessar a via sem observar a presença dos outros veículos;Colisão transversal;Com Vítimas Feridas;Pleno dia;Decrescente;Céu Claro;Simples;Interseção de Vias;Sim;2;0;1;1;0;0;2;2;-3,72703784;-40,32233965;SPRF-CE;DEL04-CE;UOP01-DEL04-CE
589029;22/03/2024;sexta-feira;15:15:00;BA;324;622,6;SALVADOR;Objeto estático sobre o leito carroçável;Colisão com objeto;Com Vítimas Feridas;Pleno dia;Decrescente;Sol;Dupla;Reta;Sim;1;0;1;0;0;0;1;1;-12,91888605;-38,46502095;SPRF-BA;DEL01-BA;UOP01-DEL01-BA
589030;22/03/2024;sexta-feira;11:00:00;RO;364;425;JARU;Acessar a via sem observar a presença dos outros veículos;Colisão traseira;Com Vítimas Feridas;Pleno dia;Crescente;Céu Claro;Simples;Retorno Regulamentado;Sim;2;0;1;0;1;0;1;2;-10,43752488;-62,47169791;SPRF-RO;DEL03-RO;UOP02-DEL03-RO
589031;22/03/2024;sexta-feira;12:00:00;RJ;101;66;CAMPOS DOS GOYTACAZES;Condutor deixou de manter distância do veículo da frente;Colisão traseira;Com Vítimas Feridas;Pleno dia;Decrescente;Céu Claro;Simples;Reta;Não;2;0;1;0;1;0;1;2;-21,76090387;-41,34788959;SPRF-RJ;DEL08-RJ;UOP02-DEL08-RJ
589032;22/03/2024;sexta-feira;14:30:00;RO;364;384;OURO PRETO DO OESTE;Desrespeitar a preferência no cruzamento;Colisão transversal;Com Vítimas Feridas;Pleno dia;Crescente;Sol;Simples;Aclive;Sim;2;0;0;1;1;0;1;2;-10,71524933;-62,25065352;SPRF-RO;DEL02-RO;UOP01-DEL02-RO
589033;22/03/2024;sexta-feira;16:40:00;CE;116;4;FORTALEZA;Pedestre cruzava a pista fora da faixa;Colisão transversal;Com Vítimas Feridas;Pleno dia;Decrescente;Nublado;Múltipla;Reta;Sim;2;0;1;0;1;0;1;2;-3,7867209;-38,5114568;SPRF-CE;DEL01-CE;UOP02-DEL01-CE
589034;22/03/2024;sexta-feira;16:13:00;DF;70;3;BRASILIA;Reação tardia ou ineficiente do condutor;Colisão traseira;Com Vítimas Feridas;Pleno dia;Crescente;Céu Claro;Dupla;Reta;Sim;2;0;1;0;1;0;1;2;-15,802453;-48,080387;SPRF-DF;DEL03-DF;UOP02-DEL03-DF
589035;22/03/2024;sexta-feira;15:55:00;MS;163;482;CAMPO GRANDE;Ausência de reação do condutor;Tombamento;Com Vítimas Feridas;Anoitecer;Crescente;Céu Claro;Simples;Reta;Sim;2;0;1;0;0;1;1;1;-20,46271123;-54,55411122;SPRF-MS;DEL01-MS;UOP02-DEL01-MS
589036;22/03/2024;sexta-feira;16:10:00;PE;101;77,5;RECIFE;Acessar a via sem observar a presença dos outros veículos;Colisão lateral mesmo sentido;Com Vítimas Feridas;Pleno dia;Decrescente;Nublado;Dupla;Reta;Sim;3;0;1;1;1;0;2;2;-8,126982;-34,94386;SPRF-PE;DEL01-PE;UOP01-DEL01-PE
589038;22/03/2024;sexta-feira;16:45:00;SP;116;279;EMBU DAS ARTES;Trafegar com motocicleta (ou similar) entre as faixas;Colisão lateral mesmo sentido;Com Vítimas Feridas;Pleno dia;Crescente;Garoa/Chuvisco;Dupla;"Interseção de Vias;Declive;Curva";Sim;4;0;0;1;3;0;1;2;-23,63701235;-46,83353847;SPRF-SP;DEL04-SP;UOP01-DEL04-SP
589039;22/03/2024;sexta-feira;13:30:00;RJ;101;323;NITEROI;Chuva;Tombamento;Com Vítimas Feridas;Pleno dia;Decrescente;Chuva;Múltipla;Reta;Não;1;0;1;0;0;0;1;1;-22,87684786;-43,11728689;SPRF-RJ;DEL02-RJ;UOP01-DEL02-RJ
589041;22/03/2024;sexta-feira;14:25:00;RO;319;59;PORTO VELHO;Ingestão de álcool pelo condutor;Colisão traseira;Sem Vítimas;Pleno dia;Crescente;Nublado;Dupla;Reta;Sim;2;0;0;0;2;0;0;2;-8,74257889;-63,903265;SPRF-RO;DEL01-RO;UOP01-DEL01-RO
589042;22/03/2024;sexta-feira;16:23:00;RS;116;3;PORTO ALEGRE;Reação tardia ou ineficiente do condutor;Colisão lateral mesmo sentido;Com Vítimas Feridas;Pleno dia;Crescente;Céu Claro;Dupla;Reta;Sim;2;0;1;0;1;0;1;2;-29,98884587;-51,18301213;SPRF-RS;DEL05-RS;UOP03-DEL05-RS
589043;07/03/2024;quinta-feira;06:00:00;GO;60;391;RIO VERDE;Reação tardia ou ineficiente do condutor;Colisão lateral mesmo sentido;Com Vítimas Feridas;Amanhecer;Crescente;Céu Claro;Dupla;Declive;Sim;5;0;3;0;1;1;3;2;-17,8252;-50,9624;SPRF-GO;DEL04-GO;UOP02-DEL04-GO
589044;22/03/2024;sexta-feira;16:54:00;PB;230;10;CABEDELO;Ausência de reação do condutor;Colisão traseira;Com Vítimas Feridas;Pleno dia;Decrescente;Céu Claro;Dupla;Reta;Sim;2;0;1;0;1;0;1;2;-7,0514;-34,8499;SPRF-PB;DEL01-PB;UOP01-DEL01-PB