id;data_inversa;dia_semana;horario;uf;br;km;municipio;causa_acidente;tipo_acidente;classificacao_acidente;fase_dia;sentido_via;condicao_metereologica;tipo_pista;tracado_via;uso_solo;pessoas;mortos;feridos_leves;feridos_graves;ilesos;ignorados;feridos;veiculos;latitude;longitude;regional;delegacia;uop
589158;22/03/2024;sexta-feira;23:10:00;PR;116;4;CAMPINA GRANDE DO SUL;Reação tardia ou ineficiente do condutor;Colisão traseira;Sem Vítimas;Plena Noite;Decrescente;Chuva;Dupla;Reta;Não;2;0;0;0;2;0;0;2;-25,07606967;-48,5937452;SPRF-PR;DEL01-PR;UOP02-DEL01-PR
589159;22/03/2024;sexta-feira;23:30:00;RJ;40;105;DUQUE DE CAXIAS;Modificação proibida;Colisão transversal;Sem Vítimas;Plena Noite;Decrescente;Chuva;Simples;"Reta;Aclive";Não;1;0;0;0;1;0;0;1;-22,63784806;-43,28428824;SPRF-RJ;DEL01-RJ;UOP02-DEL01-RJ
589162;23/03/2024;sábado;07:50:00;MG;381;533,6;ITATIAIUCU;Chuva;Saída de leito carroçável;Com Vítimas Feridas;Pleno dia;Decrescente;Chuva;Dupla;Curva;Não;1;0;1;0;0;0;1;1;-20,20728901;-44,39007699;SPRF-MG;DEL04-MG;UOP03-DEL04-MG
589163;23/03/2024;sábado;06:45:00;RS;470;157,3;NOVA PRATA;Ingestão de álcool pelo condutor;Saída de leito carroçável;Com Vítimas Feridas;Amanhecer;Crescente;Céu Claro;Simples;"Curva;Declive;Em Obras";Sim;1;0;1;0;0;0;1;1;-28,789015;-51,61574;SPRF-RS;DEL06-RS;UOP02-DEL06-RS
589166;23/03/2024;sábado;07:45:00;PE;101;70;RECIFE;Retorno proibido;Colisão traseira;Com Vítimas Feridas;Pleno dia;Crescente;Céu Claro;Dupla;Reta;Sim;2;0;0;1;1;0;1;2;-8,06776119;-34,94265074;SPRF-PE;DEL01-PE;UOP01-DEL01-PE
589169;13/02/2024;terça-feira;00:20:00;PR;116;86;PIRAQUARA;Acessar a via sem observar a presença dos outros veículos;Colisão traseira;Com Vítimas Feridas;Plena Noite;Crescente;Céu Claro;Múltipla;Interseção de Vias;Sim;2;0;0;1;1;0;1;2;-25,46449003;-49,09006834;SPRF-PR;DEL01-PR;UOP07-DEL01-PR
589172;23/03/2024;sábado;05:00:00;MG;381;942;EXTREMA;Velocidade Incompatível;Saída de leito carroçável;Sem Vítimas;Plena Noite;Decrescente;Ignorado;Dupla;Reta;Não;1;0;0;0;0;1;0;1;-22,86605937;-46,34940386;SPRF-MG;DEL16-MG;UOP03-DEL16-MG
589174;23/03/2024;sábado;08:00:00;SC;101;92,2;BARRA VELHA;Ausência de reação do condutor;Colisão lateral mesmo sentido;Com Vítimas Feridas;Amanhecer;Decrescente;Nublado;Múltipla;Reta;Não;3;0;2;0;1;0;2;2;-26,6806041;-48,6931497;SPRF-SC;DEL03-SC;UOP02-DEL03-SC
589175;23/03/2024;sábado;06:45:00;RO;364;333;JI-PARANA;Ultrapassagem Indevida;Capotamento;Com Vítimas Feridas;Amanhecer;Crescente;Céu Claro;Simples;Declive;Não;1;0;1;0;0;0;1;1;-10,95763508;-61,91765021;SPRF-RO;DEL02-RO;UOP01-DEL02-RO
589176;23/03/2024;sábado;05:30:00;ES;262;32,5;DOMINGOS MARTINS;Avarias e/ou desgaste excessivo no pneu;Colisão com objeto;Com Vítimas Feridas;Pleno dia;Crescente;Nublado;Simples;Reta;Não;2;0;2;0;0;0;2;1;-20,37885575;-40,577728;SPRF-ES;DEL01-ES;UOP01-DEL01-ES
589179;23/03/2024;sábado;08:00:00;MG;365;393;PATOS DE MINAS;Frear bruscamente;Saída de leito carroçável;Sem Vítimas;Pleno dia;Decrescente;Chuva;Simples;Reta;Não;1;0;0;0;1;0;0;1;-18,63481872;-46,34836686;SPRF-MG;DEL10-MG;UOP01-DEL10-MG
589180;23/03/2024;sábado;07:45:00;SP;381;89;SAO PAULO;Chuva;Tombamento;Com Vítimas Feridas;Pleno dia;Decrescente;Chuva;Múltipla;Em Obras;Sim;1;0;1;0;0;0;1;1;-23,48469299;-46,55983288;SPRF-SP;DEL03-SP;UOP01-DEL03-SP
589183;23/03/2024;sábado;09:13:00;ES;101;141,4;LINHARES;Acumulo de água sobre o pavimento;Capotamento;Com Vítimas Feridas;Pleno dia;Decrescente;Chuva;Dupla;Reta;Sim;3;0;3;0;0;0;3;1;-19,32655693;-40,07192387;SPRF-ES;DEL04-ES;UOP01-DEL04-ES
589185;23/03/2024;sábado;09:10:00;RS;101;35;TRES CACHOEIRAS;Velocidade Incompatível;Saída de leito carroçável;Com Vítimas Feridas;Pleno dia;Crescente;Nublado;Dupla;Curva;Não;1;0;1;0;0;0;1;1;-29,51719812;-49,99124485;SPRF-RS;DEL03-RS;UOP02-DEL03-RS
589186;11/03/2024;segunda-feira;16:50:00;SC;282;4;SAO JOSE;Manobra de mudança de faixa;Colisão lateral mesmo sentido;Com Vítimas Feridas;Pleno dia;Decrescente;Céu Claro;Múltipla;Curva;Sim;1;0;1;0;0;0;1;1;-27,592646;-48,604034;SPRF-SC;DEL01-SC;UOP01-DEL01-SC
589188;23/03/2024;sábado;08:55:00;RS;470;247;SAO PEDRO DA SERRA;Conversão proibida;Colisão transversal;Com Vítimas Feridas;Pleno dia;Crescente;Céu Claro;Simples;Reta;Não;2;0;1;0;1;0;1;2;-29,37593098;-51,49908082;SPRF-RS;DEL06-RS;UOP01-DEL06-RS
589189;23/03/2024;sábado;09:30:00;PE;232;409;SERRA TALHADA;Desrespeitar a preferência no cruzamento;Colisão transversal;Com Vítimas Feridas;Pleno dia;Crescente;Céu Claro;Simples;Interseção de Vias;Sim;4;0;1;0;3;0;1;2;-7,982182;-38,29599;SPRF-PE;DEL04-PE;UOP01-DEL04-PE
589190;23/03/2024;sábado;07:30:00;MG;116;286,3;TEOFILO OTONI;Velocidade Incompatível;Saída de leito carroçável;Com Vítimas Fatais;Pleno dia;Crescente;Nublado;Simples;"Reta;Aclive";Não;2;1;1;0;0;0;1;1;-17,938937;-41,527903;SPRF-MG;DEL11-MG;UOP01-DEL11-MG
589191;23/03/2024;sábado;06:45:00;RS;470;338;SAO JERONIMO;Ausência de reação do condutor;Saída de leito carroçável;Com Vítimas Feridas;Amanhecer;Crescente;Céu Claro;Simples;Reta;Não;3;0;3;0;0;0;3;1;-30,00694875;-51,74305201;SPRF-RS;DEL04-RS;UOP02-DEL04-RS
589192;23/03/2024;sábado;10:00:00;SC;101;125,9;ITAJAI;Condutor deixou de manter distância do veículo da frente;Engavetamento;Com Vítimas Feridas;Pleno dia;Crescente;Céu Claro;Dupla;Reta;Não;4;0;1;0;3;0;1;4;-26,94802427;-48,68338515;SPRF-SC;DEL04-SC;UOP04-DEL04-SC
589193;03/03/2024;domingo;16:00:00;CE;20;263;ITATIRA;Demais falhas mecânicas ou elétricas;Saída de leito carroçável;Com Vítimas Feridas;Pleno dia;Decrescente;Céu Claro;Simples;"Declive;Reta";Não;2;0;0;2;0;0;2;1;-4,69423255;-39,44310183;SPRF-CE;DEL02-CE;UOP01-DEL02-CE
589194;23/03/2024;sábado;08:30:00;ES;262;56;MARECHAL FLORIANO;Condutor deixou de manter distância do veículo da frente;Colisão traseira;Com Vítimas Feridas;Pleno dia;Crescente;Nublado;Simples;"Em Obras;Reta";Sim;2;0;0;1;1;0;1;2;-20,41088387;-40,75519403;SPRF-ES;DEL01-ES;UOP01-DEL01-ES
589195;23/03/2024;sábado;09:45:00;PB;230;148;CAMPINA GRANDE;Desrespeitar a preferência no cruzamento;Colisão transversal;Com Vítimas Feridas;Pleno dia;Decrescente;Sol;Dupla;Rotatória;Sim;2;0;1;0;1;0;1;2;-7,23655211;-35,86780787;SPRF-PB;DEL02-PB;UOP01-DEL02-PB
589198;23/03/2024;sábado;10:15:00;SP;381;44,3;ATIBAIA;Reação tardia ou ineficiente do condutor;Tombamento;Com Vítimas Feridas;Pleno dia;Decrescente;Chuva;Dupla;Reta;Sim;2;0;2;0;0;0;2;1;-23,16458615;-46,57418959;SPRF-SP;DEL03-SP;UOP01-DEL03-SP
589200;07/03/2024;quinta-feira;19:50:00;RJ;101;307;SAO GONCALO;Ausência de reação do condutor;Colisão lateral mesmo sentido;Com Vítimas Feridas;Plena Noite;Crescente;Céu Claro;Dupla;Reta;Não;1;0;1;0;0;0;1;1;-22,79115777;-43,01514205;SPRF-RJ;DEL02-RJ;UOP02-DEL02-RJ
589201;23/03/2024;sábado;09:30:00;PR;376;300;MAUA DA SERRA;Reação tardia ou ineficiente do condutor;Saída de leito carroçável;Com Vítimas Feridas;Pleno dia;Crescente;Céu Claro;Dupla;Curva;Não;1;0;1;0;0;0;1;1;-23,93311143;-51,13293074;SPRF-PR;DEL07-PR;UOP02-DEL07-PR
589202;23/03/2024;sábado;09:20:00;RO;319;59;PORTO VELHO;Falta de acostamento;Colisão traseira;Com Vítimas Feridas;Pleno dia;Decrescente;Nublado;Dupla;Reta;Sim;2;0;2;0;0;0;2;2;-8,74231378;-63,90178442;SPRF-RO;DEL01-RO;UOP01-DEL01-RO
589203;23/03/2024;sábado;11:00:00;PR;277;60;SAO JOSE DOS PINHAIS;Ausência de reação do condutor;Colisão traseira;Sem Vítimas;Pleno dia;Crescente;Nublado;Múltipla;Reta;Não;2;0;0;0;2;0;0;2;-25,57289907;-48,99037703;SPRF-PR;DEL01-PR;UOP01-DEL01-PR
589204;23/03/2024;sábado;11:30:00;GO;414;414;ABADIANIA;Avarias e/ou desgaste excessivo no pneu;Saída de leito carroçável;Com Vítimas Feridas;Pleno dia;Decrescente;Chuva;Simples;Curva;Não;4;0;2;0;2;0;2;1;-16,09410799;-48,85334801;SPRF-GO;DEL02-GO;UOP01-DEL02-GO
589205;23/03/2024;sábado;11:15:00;MG;262;463,2;ARAUJOS;Condutor deixou de manter distância do veículo da frente;Colisão traseira;Com Vítimas Feridas;Pleno dia;Decrescente;Nublado;Simples;"Reta;Aclive";Não;2;0;1;0;0;1;1;2;-19,81413516;-45,09767404;SPRF-MG;DEL08-MG;UOP03-DEL08-MG
589206;23/03/2024;sábado;11:10:00;PR;373;183;PONTA GROSSA;Acessar a via sem observar a presença dos outros veículos;Colisão transversal;Com Vítimas Feridas;Pleno dia;Decrescente;Nublado;Dupla;"Declive;Interseção de Vias";Não;9;0;4;2;1;2;6;3;-25,03935712;-50,2767641;SPRF-PR;DEL03-PR;UOP01-DEL03-PR
589207;23/03/2024;sábado;11:00:00;DF;60;9;BRASILIA;Reação tardia ou ineficiente do condutor;Saída de leito carroçável;Sem Vítimas;Pleno dia;Crescente;Garoa/Chuvisco;Dupla;"Reta;Aclive";Sim;2;0;0;0;2;0;0;1;-15,907116;-48,142382;SPRF-DF;DEL03-DF;UOP01-DEL03-DF
589209;23/03/2024;sábado;09:40:00;GO;60;186,7;GUAPO;Chuva;Colisão com objeto;Sem Vítimas;Pleno dia;Crescente;Chuva;Dupla;Reta;Não;4;0;0;0;4;0;0;1;-16,8011;-49,5177;SPRF-GO;DEL01-GO;UOP02-DEL01-GO
589210;23/03/2024;sábado;08:00:00;BA;367;42;PORTO SEGURO;Reação tardia ou ineficiente do condutor;Tombamento;Com Vítimas Feridas;Pleno dia;Decrescente;Céu Claro;Simples;Reta;Não;2;0;0;1;1;0;1;1;-16,38083898;-39,22681398;SPRF-BA;DEL09-BA;UOP03-DEL09-BA
589211;23/03/2024;sábado;11:50:00;PB;230;23,9;JOAO PESSOA;Reação tardia ou ineficiente do condutor;Colisão traseira;Com Vítimas Feridas;Pleno dia;Crescente;Sol;Dupla;"Reta;Viaduto;Aclive";Sim;4;0;2;0;2;0;2;2;-7,1562;-34,8574;SPRF-PB;DEL01-PB;UOP01-DEL01-PB
589212;23/03/2024;sábado;11:50:00;ES;101;109,7;SOORETAMA;Reação tardia ou ineficiente do condutor;Colisão traseira;Com Vítimas Feridas;Pleno dia;Crescente;Chuva;Simples;"Declive;Reta";Não;2;0;0;1;0;1;1;2;-19,0539768;-40,0308224;SPRF-ES;DEL04-ES;UOP01-DEL04-ES
589214;23/03/2024;sábado;10:09:00;GO;364;63;CACHOEIRA ALTA;Acumulo de água sobre o pavimento;Saída de leito carroçável;Com Vítimas Feridas;Pleno dia;Crescente;Chuva;Simples;"Reta;Aclive";Não;1;0;1;0;0;0;1;1;-18,70801;-50,96352;SPRF-GO;DEL05-GO;UOP02-DEL05-GO
589215;23/03/2024;sábado;10:00:00;CE;20;297,5;CANINDE;Condutor deixou de manter distância do veículo da frente;Capotamento;Com Vítimas Feridas;Pleno dia;Crescente;Céu Claro;Simples;Curva;Não;2;0;1;1;0;0;2;1;-4,43990397;-39,33438205;SPRF-CE;DEL02-CE;UOP01-DEL02-CE
589216;23/03/2024;sábado;11:00:00;GO;20;201,9;POSSE;Velocidade Incompatível;Colisão traseira;Com Vítimas Feridas;Pleno dia;Crescente;Chuva;Simples;"Aclive;Curva";Não;3;0;1;1;1;0;2;2;-14,306107;-46,449326;SPRF-DF;DEL02-DF;UOP03-DEL02-DF
589217;23/03/2024;sábado;11:35:00;PR;277;116,8;CAMPO LARGO;Reação tardia ou ineficiente do condutor;Colisão lateral mesmo sentido;Sem Vítimas;Pleno dia;Decrescente;Céu Claro;Dupla;Curva;Não;2;0;0;0;2;0;0;2;-25,435259;-49,518685;SPRF-PR;DEL03-PR;UOP03-DEL03-PR
589218;23/03/2024;sábado;08:30:00;MG;50;173;UBERABA;Condutor Dormindo;Saída de leito carroçável;Com Vítimas Feridas;Pleno dia;Crescente;Ignorado;Dupla;Reta;Sim;1;0;1;0;0;0;1;1;-19,7624352;-47,97701547;SPRF-MG;DEL13-MG;UOP01-DEL13-MG
589220;23/03/2024;sábado;12:50:00;RS;116;247;SAO LEOPOLDO;Condutor deixou de manter distância do veículo da frente;Engavetamento;Com Vítimas Feridas;Pleno dia;Decrescente;Céu Claro;Múltipla;Reta;Sim;6;0;1;0;5;0;1;3;-29,76733091;-51,1535296;SPRF-RS;DEL01-RS;UOP02-DEL01-RS
589222;23/03/2024;sábado;12:25:00;SC;280;51,7;GUARAMIRIM;Ausência de reação do condutor;Queda de ocupante de veículo;Com Vítimas Feridas;Pleno dia;Decrescente;Nublado;Dupla;"Reta;Em Obras";Não;2;0;2;0;0;0;2;1;-26,46538871;-48,95544449;SPRF-SC;DEL03-SC;UOP03-DEL03-SC
589224;23/03/2024;sábado;13:00:00;SP;153;95,5;JACI;Condutor Dormindo;Saída de leito carroçável;Com Vítimas Feridas;Pleno dia;Crescente;Nublado;Simples;"Em Obras;Declive";Não;1;0;1;0;0;0;1;1;-20,97062;-49,605372;SPRF-SP;DEL09-SP;UOP01-DEL09-SP
589226;23/03/2024;sábado;13:20:00;MG;381;880,2;ESTIVA;Entrada inopinada do pedestre;Atropelamento de Pedestre;Com Vítimas Fatais;Pleno dia;Crescente;Nublado;Dupla;"Curva;Declive";Não;3;2;0;1;0;0;1;2;-22,4591285;-46,01005074;SPRF-MG;DEL16-MG;UOP03-DEL16-MG
589228;23/03/2024;sábado;13:30:00;PE;101;70;RECIFE;Entrada inopinada do pedestre;Capotamento;Com Vítimas Feridas;Pleno dia;Crescente;Céu Claro;Dupla;Reta;Sim;4;0;1;0;3;0;1;1;-8,07191314;-34,93873358;SPRF-PE;DEL01-PE;UOP01-DEL01-PE
589234;23/03/2024;sábado;13:00:00;MG;116;277;TEOFILO OTONI;Ausência de reação do condutor;Colisão lateral mesmo sentido;Com Vítimas Feridas;Pleno dia;Crescente;Céu Claro;Simples;Reta;Sim;2;0;1;0;1;0;1;2;-17,859945;-41,515144;SPRF-MG;DEL11-MG;UOP01-DEL11-MG
589235;23/03/2024;sábado;08:10:00;RS;116;333;BARRA DO RIBEIRO;Ausência de reação do condutor;Saída de leito carroçável;Com Vítimas Feridas;Pleno dia;Decrescente;Céu Claro;Dupla;Curva;Não;4;0;4;0;0;0;4;1;-30,40262929;-51,44811873;SPRF-RS;DEL02-RS;UOP02-DEL02-RS
589237;23/03/2024;sábado;13:00:00;RO;364;689;CANDEIAS DO JAMARI;Transitar na contramão;Colisão lateral sentido oposto;Com Vítimas Feridas;Pleno dia;Crescente;Sol;Simples;Reta;Não;3;0;1;0;2;0;1;2;-8,79584732;-63,68434846;SPRF-RO;DEL01-RO;UOP01-DEL01-RO
589238;23/03/2024;sábado;10:50:00;RJ;101;229,3;SILVA JARDIM;Reação tardia ou ineficiente do condutor;Colisão com objeto;Com Vítimas Feridas;Pleno dia;Decrescente;Chuva;Dupla;Curva;Não;2;0;1;0;1;0;1;1;-22,5653276;-42,36847904;SPRF-RJ;DEL02-RJ;UOP03-DEL02-RJ
589239;23/03/2024;sábado;13:50:00;RJ;101;254;RIO BONITO;Ausência de reação do condutor;Queda de ocupante de veículo;Com Vítimas Feridas;Pleno dia;Crescente;Chuva;Dupla;Reta;Não;1;0;1;0;0;0;1;1;-22,692225;-42,549546;SPRF-RJ;DEL02-RJ;UOP03-DEL02-RJ
589242;23/03/2024;sábado;13:35:00;MT;163;837;SINOP;Pista Escorregadia;Queda de ocupante de veículo;Com Vítimas Feridas;Pleno dia;Decrescente;Chuva;Simples;Reta;Sim;2;0;1;0;1;0;1;1;-11,83673259;-55,48885345;SPRF-MT;DEL06-MT;UOP02-DEL06-MT
589243;23/03/2024;sábado;13:00:00;MT;163;117;RONDONOPOLIS;Carga excessiva e/ou mal acondicionada;Colisão lateral mesmo sentido;Com Vítimas Feridas;Pleno dia;Decrescente;Céu Claro;Dupla;"Declive;Reta";Não;6;0;1;0;5;0;1;2;-16,52182818;-54,65882461;SPRF-MT;DEL02-MT;UOP01-DEL02-MT
589244;23/03/2024;sábado;15:00:00;SP;381;86;SAO PAULO;Chuva;Colisão traseira;Com Vítimas Feridas;Pleno dia;Crescente;Chuva;Múltipla;Curva;Não;2;0;1;0;1;0;1;2;-23,45930499;-46,57161179;SPRF-SP;DEL03-SP;UOP01-DEL03-SP
589245;23/03/2024;sábado;13:30:00;RJ;101;298;SAO GONCALO;Condutor Dormindo;Colisão com objeto;Sem Vítimas;Pleno dia;Decrescente;Nublado;Dupla;"Reta;Aclive";Não;1;0;0;0;1;0;0;1;-22,7714;-42,92896;SPRF-RJ;DEL02-RJ;UOP02-DEL02-RJ
589246;23/03/2024;sábado;14:30:00;PE;408;104;JABOATAO DOS GUARARAPES;Acesso irregular;Colisão transversal;Com Vítimas Feridas;Pleno dia;Decrescente;Céu Claro;Múltipla;Reta;Não;2;0;0;1;1;0;1;2;-8,064443;-34,99006;SPRF-PE;DEL01-PE;UOP01-DEL01-PE
589247;23/03/2024;sábado;15:17:00;ES;259;100;BAIXO GUANDU;Ausência de reação do condutor;Colisão com objeto;Com Vítimas Feridas;Pleno dia;Crescente;Céu Claro;Dupla;Reta;Não;1;0;0;1;0;0;1;1;-19,51441295;-40,99560702;SPRF-ES;DEL02-ES;UOP01-DEL02-ES
589248;23/03/2024;sábado;15:30:00;RJ;393;283,7;VOLTA REDONDA;Condutor deixou de manter distância do veículo da frente;Colisão traseira;Com Vítimas Feridas;Pleno dia;Decrescente;Nublado;Simples;"Reta;Aclive";Sim;2;0;1;0;1;0;1;2;-22,47606388;-44,04976392;SPRF-RJ;DEL05-RJ;UOP04-DEL05-RJ
589250;23/03/2024;sábado;12:00:00;RO;364;6;VILHENA;Acessar a via sem observar a presença dos outros veículos;Colisão transversal;Com Vítimas Feridas;Pleno dia;Decrescente;Céu Claro;Simples;Reta;Não;3;0;3;0;0;0;3;2;-12,7809996;-60,0916488;SPRF-RO;DEL04-RO;UOP01-DEL04-RO
589251;23/03/2024;sábado;15:30:00;SC;101;206,9;SAO JOSE;Condutor deixou de manter distância do veículo da frente;Engavetamento;Com Vítimas Feridas;Pleno dia;Decrescente;Nublado;Múltipla;Declive;Sim;5;0;1;0;4;0;1;4;-27,59193546;-48,61824557;SPRF-SC;DEL01-SC;UOP01-DEL01-SC
589253;23/03/2024;sábado;15:20:00;PR;373;429,7;CHOPINZINHO;Transitar na contramão;Colisão lateral sentido oposto;Com Vítimas Feridas;Pleno dia;Decrescente;Céu Claro;Simples;Curva;Não;7;0;3;0;4;0;3;3;-25,74826021;-52,2387886;SPRF-PR;DEL02-PR;UOP01-DEL02-PR
589255;23/03/2024;sábado;16:00:00;MG;50;67,5;UBERLANDIA;Ingestão de álcool pelo condutor;Colisão transversal;Com Vítimas Feridas;Pleno dia;Decrescente;Chuva;Dupla;Retorno Regulamentado;Sim;5;0;1;0;4;0;1;2;-18,87552913;-48,25922728;SPRF-MG;DEL15-MG;UOP02-DEL15-MG
589256;23/03/2024;sábado;16:04:00;ES;101;15;PEDRO CANARIO;Desrespeitar a preferência no cruzamento;Colisão transversal;Com Vítimas Feridas;Pleno dia;Decrescente;Nublado;Simples;Interseção de Vias;Sim;3;0;2;0;1;0;2;2;-18,29002497;-39,95475507;SPRF-ES;DEL04-ES;UOP02-DEL04-ES
589257;23/03/2024;sábado;16:00:00;SC;101;138;BALNEARIO CAMBORIU;Ausência de reação do condutor;Colisão lateral mesmo sentido;Com Vítimas Feridas;Pleno dia;Crescente;Céu Claro;Simples;Interseção de Vias;Sim;2;0;1;0;0;1;1;2;-27,02397426;-48,60761649;SPRF-SC;DEL04-SC;UOP03-DEL04-SC
589258;23/03/2024;sábado;14:00:00;CE;20;340;CARIDADE;Transitar na contramão;Colisão frontal;Com Vítimas Feridas;Pleno dia;Crescente;Chuva;Simples;Reta;Não;3;0;2;0;1;0;2;2;-4,15159614;-39,11136394;SPRF-CE;DEL02-CE;UOP01-DEL02-CE
589259;23/03/2024;sábado;15:55:00;PR;163;247;TOLEDO;Ingestão de álcool pelo condutor;Colisão traseira;Com Vítimas Feridas;Pleno dia;Crescente;Céu Claro;Dupla;Reta;Não;7;0;0;1;6;0;1;4;-24,717822;-53,711597;SPRF-PR;DEL06-PR;UOP02-DEL06-PR
589260;23/03/2024;sábado;17:00:00;GO;153;510;APARECIDA DE GOIANIA;Ingestão de álcool pelo condutor;Colisão traseira;Com Vítimas Feridas;Pleno dia;Decrescente;Céu Claro;Dupla;"Declive;Reta";Sim;2;0;1;0;1;0;1;2;-16,7977;-49,2386;SPRF-GO;DEL01-GO;UOP03-DEL01-GO
589261;23/03/2024;sábado;15:00:00;SP;153;287;OCAUCU;Acessar a via sem observar a presença dos outros veículos;Colisão transversal;Com Vítimas Feridas;Pleno dia;Crescente;Nublado;Simples;Curva;Não;2;0;2;0;0;0;2;2;-22,46683224;-49,88292673;SPRF-SP;DEL07-SP;UOP02-DEL07-SP
589262;23/03/2024;sábado;10:50:00;GO;80;175;VILA PROPICIO;Chuva;Saída de leito carroçável;Com Vítimas Feridas;Pleno dia;Crescente;Chuva;Simples;Reta;Não;1;0;1;0;0;0;1;1;-15,208875;-48,697312;SPRF-GO;DEL07-GO;UOP02-DEL07-GO
589264;23/03/2024;sábado;12:00:00;RN;427;94,8;CAICO;Animais na Pista;Saída de leito carroçável;Com Vítimas Feridas;Pleno dia;Crescente;Sol;Simples;Curva;Não;1;0;1;0;0;0;1;1;-6,477819;-37,061893;SPRF-RN;DEL03-RN;UOP01-DEL03-RN
589265;23/03/2024;sábado;17:30:00;SC;101;201;SAO JOSE;Reação tardia ou ineficiente do condutor;Atropelamento de Pedestre;Com Vítimas Feridas;Pleno dia;Crescente;Nublado;Simples;Viaduto;Sim;2;0;1;0;1;0;1;2;-27,54836599;-48,61977975;SPRF-SC;DEL01-SC;UOP01-DEL01-SC
589266;29/02/2024;quinta-feira;07:35:00;SC;282;599;MARAVILHA;Pista esburacada;Saída de leito carroçável;Com Vítimas Feridas;Pleno dia;Crescente;Céu Claro;Simples;Reta;Não;1;0;1;0;0;0;1;1;-26,820206;-53,155052;SPRF-SC;DEL07-SC;UOP02-DEL07-SC
589267;23/03/2024;sábado;16:15:00;MG;381;862,7;POUSO ALEGRE;Acumulo de água sobre o pavimento;Colisão com objeto;Sem Vítimas;Pleno dia;Crescente;Chuva;Dupla;"Reta;Declive";Não;1;0;0;0;1;0;0;1;-22,33546301;-45,92244614;SPRF-MG;DEL16-MG;UOP01-DEL16-MG
589269;23/03/2024;sábado;17:20:00;SP;116;83,4;ROSEIRA;Pista Escorregadia;Colisão com objeto;Com Vítimas Feridas;Anoitecer;Crescente;Chuva;Dupla;Reta;Não;5;0;2;0;3;0;2;1;-22,91344634;-45,32762647;SPRF-SP;DEL08-SP;UOP01-DEL08-SP
589270;23/03/2024;sábado;16:50:00;SP;116;316;JUQUITIBA;Pista Escorregadia;Capotamento;Com Vítimas Feridas;Anoitecer;Decrescente;Chuva;Dupla;Reta;Sim;2;0;1;0;1;0;1;1;-23,91054997;-46,99149375;SPRF-SP;DEL04-SP;UOP03-DEL04-SP
589272;23/03/2024;sábado;12:50:00;RS;285;41,8;BOM JESUS;Reação tardia ou ineficiente do condutor;Saída de leito carroçável;Com Vítimas Fatais;Pleno dia;Crescente;Céu Claro;Simples;Reta;Não;1;1;0;0;0;0;0;1;-28,696016;-50,267353;SPRF-RS;DEL05-RS;UOP03-DEL05-RS
589273;23/03/2024;sábado;17:40:00;PR;277;366;GUARAPUAVA;Ausência de reação do condutor;Saída de leito carroçável;Sem Vítimas;Pleno dia;Crescente;Céu Claro;Simples;Reta;Não;1;0;0;0;0;1;0;1;-25,4361566;-51,6166702;SPRF-PR;DEL08-PR;UOP01-DEL08-PR
589275;23/03/2024;sábado;17:30:00;SC;282;3;FLORIANOPOLIS;Velocidade Incompatível;Colisão lateral mesmo sentido;Com Vítimas Feridas;Pleno dia;Crescente;Céu Claro;Múltipla;Curva;Sim;2;0;1;0;1;0;1;2;-27,600384;-48,599705;SPRF-SC;DEL01-SC;UOP01-DEL01-SC
589276;23/03/2024;sábado;16:50:00;PA;155;313;MARABA;Manobra de mudança de faixa;Colisão lateral sentido oposto;Sem Vítimas;Pleno dia;Crescente;Céu Claro;Simples;Curva;Não;4;0;0;0;3;1;0;2;-5,63103584;-49,09737018;SPRF-PA;DEL03-PA;UOP01-DEL03-PA
589277;23/03/2024;sábado;17:40:00;PE;101;123,9;ESCADA;Pedestre cruzava a pista fora da faixa;Atropelamento de Pedestre;Com Vítimas Feridas;Anoitecer;Crescente;Céu Claro;Dupla;Reta;Sim;2;0;1;0;1;0;1;2;-8,35963442;-35,20419694;SPRF-PE;DEL01-PE;UOP03-DEL01-PE
589278;23/03/2024;sábado;17:07:00;MS;262;113;AGUA CLARA;Ausência de reação do condutor;Saída de leito carroçável;Com Vítimas Feridas;Anoitecer;Decrescente;Nublado;Simples;Curva;Não;3;0;2;0;0;1;2;1;-20,5203974;-52,60752817;SPRF-MS;DEL07-MS;UOP02-DEL07-MS
589279;23/03/2024;sábado;17:00:00;MG;381;667;PERDOES;Chuva;Capotamento;Com Vítimas Feridas;Pleno dia;Decrescente;Chuva;Dupla;Curva;Não;1;0;1;0;0;0;1;1;-21,05931615;-45,04948174;SPRF-MG;DEL04-MG;UOP02-DEL04-MG
589281;23/03/2024;sábado;06:00:00;PI;230;261,8;NAZARE DO PIAUI;Ausência de reação do condutor;Saída de leito carroçável;Com Vítimas Feridas;Amanhecer;Decrescente;Nublado;Simples;"Reta;Aclive";Não;1;0;1;0;0;0;1;1;-7,00052467;-42,64334072;SPRF-PI;DEL03-PI;UOP01-DEL03-PI
589282;23/03/2024;sábado;16:30:00;PA;163;547;TRAIRAO;Reação tardia ou ineficiente do condutor;Tombamento;Com Vítimas Feridas;Pleno dia;Crescente;Sol;Simples;Reta;Não;2;0;2;0;0;0;2;1;-5,20790223;-56,04198478;SPRF-PA;DEL05-PA;UOP02-DEL05-PA
589284;23/03/2024;sábado;18:00:00;ES;262;106,9;VENDA NOVA DO IMIGRANTE;Velocidade Incompatível;Colisão traseira;Com Vítimas Feridas;Plena Noite;Crescente;Chuva;Simples;Reta;Sim;3;0;2;0;1;0;2;2;-20,32620639;-41,14442285;SPRF-ES;DEL01-ES;UOP02-DEL01-ES