id;data_inversa;dia_semana;horario;uf;br;km;municipio;causa_acidente;tipo_acidente;classificacao_acidente;fase_dia;sentido_via;condicao_metereologica;tipo_pista;tracado_via;uso_solo;pessoas;mortos;feridos_leves;feridos_graves;ilesos;ignorados;feridos;veiculos;latitude;longitude;regional;delegacia;uop
589286;23/03/2024;sábado;19:00:00;SC;101;123;ITAJAI;Desrespeitar a preferência no cruzamento;Colisão transversal;Com Vítimas Feridas;Plena Noite;Crescente;Céu Claro;Dupla;"Rotatória;Viaduto;Interseção de Vias";Sim;2;0;1;0;1;0;1;2;-26,93668609;-48,69876905;SPRF-SC;DEL04-SC;UOP04-DEL04-SC
589287;23/03/2024;sábado;17:30:00;CE;116;11;FORTALEZA;Transitar na contramão;Colisão lateral sentido oposto;Com Vítimas Feridas;Plena Noite;Decrescente;Nublado;Simples;"Aclive;Viaduto;Curva";Sim;2;0;1;0;1;0;1;2;-3,84394724;-38,49891546;SPRF-CE;DEL01-CE;UOP02-DEL01-CE
589288;07/03/2024;quinta-feira;21:30:00;SC;101;164;TIJUCAS;Manobra de mudança de faixa;Queda de ocupante de veículo;Com Vítimas Feridas;Plena Noite;Decrescente;Chuva;Dupla;Reta;Sim;2;0;1;0;1;0;1;2;-27,243868;-48,6309;SPRF-SC;DEL04-SC;UOP03-DEL04-SC
589290;23/03/2024;sábado;13:30:00;SC;280;127;RIO NEGRINHO;Acessar a via sem observar a presença dos outros veículos;Colisão transversal;Com Vítimas Feridas;Pleno dia;Crescente;Céu Claro;Simples;Reta;Não;2;0;1;0;1;0;1;2;-26,23943953;-49,50420708;SPRF-SC;DEL06-SC;UOP03-DEL06-SC
589291;23/03/2024;sábado;17:05:00;MG;262;445,1;NOVA SERRANA;Velocidade Incompatível;Saída de leito carroçável;Com Vítimas Feridas;Pleno dia;Crescente;Chuva;Dupla;"Declive;Reta";Sim;1;0;1;0;0;0;1;1;-19,87799664;-44,94086286;SPRF-MG;DEL08-MG;UOP03-DEL08-MG
589293;23/03/2024;sábado;19:15:00;SC;280;72,9;JARAGUA DO SUL;Reação tardia ou ineficiente do condutor;Colisão com objeto;Com Vítimas Feridas;Plena Noite;Crescente;Chuva;Simples;"Declive;Rotatória;Interseção de Vias";Não;2;0;0;1;0;1;1;2;-26,45881705;-49,15961266;SPRF-SC;DEL03-SC;UOP03-DEL03-SC
589295;23/03/2024;sábado;19:00:00;RJ;101;387,7;RIO DE JANEIRO;Demais falhas mecânicas ou elétricas;Incêndio;Sem Vítimas;Plena Noite;Decrescente;Garoa/Chuvisco;Múltipla;Reta;Não;1;0;0;0;1;0;0;1;-22,88537839;-43,64965688;SPRF-RJ;DEL03-RJ;UOP01-DEL03-RJ
589296;23/03/2024;sábado;18:30:00;PR;369;182;ARAPONGAS;Acessar a via sem observar a presença dos outros veículos;Colisão transversal;Com Vítimas Feridas;Plena Noite;Decrescente;Céu Claro;Simples;Interseção de Vias;Sim;5;0;2;0;3;0;2;2;-23,38459;-51,41898;SPRF-PR;DEL07-PR;UOP03-DEL07-PR
589297;23/03/2024;sábado;18:30:00;RO;174;16;VILHENA;Ingestão de álcool pelo condutor;Saída de leito carroçável;Com Vítimas Feridas;Anoitecer;Decrescente;Céu Claro;Simples;Reta;Sim;2;0;2;0;0;0;2;1;-12,71452302;-60,1262149;SPRF-RO;DEL04-RO;UOP01-DEL04-RO
589298;23/03/2024;sábado;18:45:00;MG;381;508;SAO JOAQUIM DE BICAS;Ingestão de álcool pelo condutor;Colisão transversal;Com Vítimas Feridas;Anoitecer;Crescente;Nublado;Múltipla;"Curva;Interseção de Vias";Sim;3;0;1;0;1;1;1;3;-20,06277698;-44,29329002;SPRF-MG;DEL01-MG;UOP03-DEL01-MG
589300;23/03/2024;sábado;19:00:00;DF;20;5,8;BRASILIA;Chuva;Colisão com objeto;Com Vítimas Feridas;Plena Noite;Crescente;Chuva;Dupla;"Reta;Ponte;Declive";Sim;10;0;4;0;6;0;4;7;-15,665888;-47,808308;SPRF-DF;DEL02-DF;UOP01-DEL02-DF
589301;23/03/2024;sábado;19:00:00;MS;163;593;SAO GABRIEL DO OESTE;Ingestão de álcool pelo condutor;Saída de leito carroçável;Com Vítimas Feridas;Plena Noite;Crescente;Nublado;Dupla;Reta;Não;1;0;1;0;0;0;1;1;-19,54929742;-54,43337661;SPRF-MS;DEL06-MS;UOP02-DEL06-MS
589303;23/03/2024;sábado;19:50:00;RS;448;22;PORTO ALEGRE;Manobra de mudança de faixa;Colisão com objeto;Com Vítimas Feridas;Plena Noite;Decrescente;Céu Claro;Múltipla;"Reta;Ponte";Não;3;0;1;0;1;1;1;2;-29,9717211;-51,19980812;SPRF-RS;DEL01-RS;UOP01-DEL01-RS
589304;23/03/2024;sábado;18:50:00;TO;153;135;ARAGUAINA;Ausência de reação do condutor;Queda de ocupante de veículo;Com Vítimas Feridas;Plena Noite;Crescente;Céu Claro;Simples;Reta;Sim;1;0;1;0;0;0;1;1;-7,12896688;-48,19843215;SPRF-TO;DEL02-TO;UOP01-DEL02-TO
589305;23/03/2024;sábado;08:20:00;RJ;40;123;DUQUE DE CAXIAS;Manobra de mudança de faixa;Colisão lateral mesmo sentido;Sem Vítimas;Pleno dia;Decrescente;Céu Claro;Dupla;Reta;Sim;4;0;0;0;4;0;0;2;-22,79907687;-43,29015739;SPRF-RJ;DEL01-RJ;UOP02-DEL01-RJ
589309;23/03/2024;sábado;20:25:00;SC;101;206,4;SAO JOSE;Retorno proibido;Colisão transversal;Com Vítimas Feridas;Plena Noite;Crescente;Nublado;Dupla;Viaduto;Sim;2;0;0;1;1;0;1;2;-27,59193546;-48,61824557;SPRF-SC;DEL01-SC;UOP01-DEL01-SC
589310;23/03/2024;sábado;17:50:00;PI;316;313,2;PICOS;Ingestão de álcool pelo condutor;Colisão traseira;Com Vítimas Feridas;Anoitecer;Crescente;Céu Claro;Simples;Reta;Sim;5;0;3;2;0;0;5;3;-7,07959049;-41,44975182;SPRF-PI;DEL04-PI;UOP01-DEL04-PI
589311;23/03/2024;sábado;19:35:00;RS;293;339,2;SANTANA DO LIVRAMENTO;Animais na Pista;Atropelamento de Animal;Com Vítimas Feridas;Plena Noite;Crescente;Céu Claro;Simples;"Reta;Interseção de Vias";Não;5;0;2;1;2;0;3;1;-30,85294393;-55,52435803;SPRF-RS;DEL11-RS;UOP01-DEL11-RS
589312;23/03/2024;sábado;20:40:00;RJ;116;169;RIO DE JANEIRO;Reação tardia ou ineficiente do condutor;Colisão traseira;Com Vítimas Feridas;Plena Noite;Crescente;Garoa/Chuvisco;Múltipla;Reta;Sim;3;0;2;0;1;0;2;2;-22,816206;-43,324463;SPRF-RJ;DEL06-RJ;UOP01-DEL06-RJ
589313;23/03/2024;sábado;21:00:00;PR;277;71;SAO JOSE DOS PINHAIS;Velocidade Incompatível;Colisão lateral mesmo sentido;Com Vítimas Feridas;Plena Noite;Crescente;Garoa/Chuvisco;Dupla;Reta;Sim;2;0;1;0;1;0;1;2;-25,510079;-49,130977;SPRF-PR;DEL01-PR;UOP07-DEL01-PR
589314;23/03/2024;sábado;18:42:00;CE;116;427;IPAUMIRIM;Manobra de mudança de faixa;Colisão frontal;Sem Vítimas;Plena Noite;Crescente;Céu Claro;Simples;Declive;Não;2;0;0;0;0;2;0;2;-6,838187;-38,739618;SPRF-CE;DEL05-CE;UOP01-DEL05-CE
589316;23/03/2024;sábado;21:20:00;MG;40;778,2;JUIZ DE FORA;Ingestão de álcool pelo condutor;Colisão com objeto;Com Vítimas Feridas;Plena Noite;Crescente;Nublado;Dupla;Reta;Não;1;0;1;0;0;0;1;1;-21,66781291;-43,43631526;SPRF-MG;DEL05-MG;UOP01-DEL05-MG
589318;23/03/2024;sábado;19:00:00;MT;163;829;SINOP;Ausência de reação do condutor;Colisão traseira;Com Vítimas Feridas;Plena Noite;Crescente;Nublado;Simples;"Reta;Retorno Regulamentado";Sim;2;0;1;0;1;0;1;2;-11,91236401;-55,50851965;SPRF-MT;DEL06-MT;UOP02-DEL06-MT
589319;23/03/2024;sábado;21:30:00;MG;381;481;CONTAGEM;Velocidade Incompatível;Colisão traseira;Sem Vítimas;Plena Noite;Crescente;Céu Claro;Dupla;Reta;Sim;2;0;0;0;1;1;0;2;-19,95794042;-44,05749321;SPRF-MG;DEL01-MG;UOP03-DEL01-MG
589320;23/03/2024;sábado;19:30:00;SP;101;49;UBATUBA;Transitar na contramão;Colisão traseira;Com Vítimas Feridas;Plena Noite;Crescente;Chuva;Simples;Rotatória;Sim;3;0;0;1;2;0;1;3;-23,44539223;-45,08242965;SPRF-SP;DEL06-SP;UOP01-DEL06-SP
589321;23/03/2024;sábado;16:45:00;PI;230;195;OEIRAS;Acessar a via sem observar a presença dos outros veículos;Colisão transversal;Com Vítimas Feridas;Anoitecer;Decrescente;Céu Claro;Simples;Interseção de Vias;Sim;2;0;0;1;1;0;1;2;-6,99904236;-42,1126988;SPRF-PI;DEL04-PI;UOP01-DEL04-PI
589322;23/03/2024;sábado;21:00:00;SP;116;287,5;ITAPECERICA DA SERRA;Afundamento ou ondulação no pavimento;Saída de leito carroçável;Com Vítimas Feridas;Plena Noite;Decrescente;Nublado;Dupla;Reta;Sim;2;0;2;0;0;0;2;1;-23,70157407;-46,86992884;SPRF-SP;DEL04-SP;UOP01-DEL04-SP
589323;23/03/2024;sábado;21:45:00;SP;153;69;SAO JOSE DO RIO PRETO;Ausência de reação do condutor;Colisão traseira;Com Vítimas Feridas;Plena Noite;Crescente;Chuva;Dupla;Curva;Sim;3;0;1;0;2;0;1;2;-20,85072923;-49,392352;SPRF-SP;DEL09-SP;UOP01-DEL09-SP
589324;23/03/2024;sábado;20:35:00;SC;101;281,8;IMBITUBA;Ingestão de álcool pelo condutor;Colisão com objeto;Sem Vítimas;Plena Noite;Crescente;Nublado;Múltipla;Reta;Não;1;0;0;0;1;0;0;1;-28,18793595;-48,69652041;SPRF-SC;DEL02-SC;UOP03-DEL02-SC
589325;23/03/2024;sábado;21:30:00;PE;101;46;IGARASSU;Ingestão de álcool pelo condutor;Colisão traseira;Com Vítimas Feridas;Plena Noite;Decrescente;Céu Claro;Múltipla;Reta;Não;2;0;1;0;1;0;1;2;-7,87406004;-34,90588126;SPRF-PE;DEL01-PE;UOP02-DEL01-PE
589326;23/03/2024;sábado;19:10:00;PI;343;0;LUIS CORREIA;Acessar a via sem observar a presença dos outros veículos;Colisão frontal;Com Vítimas Feridas;Plena Noite;Decrescente;Chuva;Simples;"Reta;Interseção de Vias";Sim;2;0;0;1;0;1;1;2;-2,881846;-41,665638;SPRF-PI;DEL05-PI;UOP01-DEL05-PI
589327;23/03/2024;sábado;21:30:00;MG;381;788;SAO GONCALO DO SAPUCAI;Ausência de reação do condutor;Saída de leito carroçável;Com Vítimas Feridas;Plena Noite;Decrescente;Nublado;Dupla;Reta;Não;2;0;2;0;0;0;2;1;-21,90741412;-45,56051688;SPRF-MG;DEL16-MG;UOP02-DEL16-MG
589329;23/03/2024;sábado;20:10:00;RN;304;38,2;MOSSORO;Condutor deixou de manter distância do veículo da frente;Colisão traseira;Com Vítimas Feridas;Plena Noite;Decrescente;Chuva;Múltipla;Reta;Sim;2;0;0;1;1;0;1;2;-5,18138457;-37,36832252;SPRF-RN;DEL04-RN;UOP02-DEL04-RN
589330;23/03/2024;sábado;21:21:00;AL;101;184,5;JUNQUEIRO;Ausência de reação do condutor;Colisão traseira;Com Vítimas Feridas;Plena Noite;Decrescente;Céu Claro;Dupla;Reta;Não;2;0;1;0;1;0;1;2;-9,89837586;-36,43841999;SPRF-AL;DEL02-AL;UOP02-DEL02-AL
589333;23/03/2024;sábado;21:50:00;PR;277;22;PARANAGUA;Transitar na contramão;Colisão frontal;Sem Vítimas;Plena Noite;Crescente;Garoa/Chuvisco;Dupla;Reta;Sim;3;0;0;0;3;0;0;2;-25,54545;-48,679452;SPRF-PR;DEL01-PR;UOP05-DEL01-PR
589334;23/03/2024;sábado;15:10:00;MG;116;633;DIVINO;Ausência de reação do condutor;Saída de leito carroçável;Com Vítimas Feridas;Pleno dia;Decrescente;Nublado;Simples;"Reta;Aclive";Não;1;0;0;1;0;0;1;1;-20,61019609;-42,21031063;SPRF-MG;DEL07-MG;UOP02-DEL07-MG
589336;23/03/2024;sábado;23:00:00;ES;101;262;SERRA;Condutor deixou de manter distância do veículo da frente;Colisão frontal;Com Vítimas Feridas;Plena Noite;Crescente;Céu Claro;Dupla;Reta;Sim;2;0;0;1;1;0;1;2;-20,1572331;-40,27678329;SPRF-ES;DEL02-ES;UOP01-DEL02-ES
589337;23/03/2024;sábado;22:25:00;AL;104;36;UNIAO DOS PALMARES;Ingestão de álcool pelo condutor;Colisão transversal;Sem Vítimas;Plena Noite;Crescente;Céu Claro;Simples;Reta;Sim;2;0;0;0;2;0;0;2;-9,16859247;-36,02287647;SPRF-AL;DEL01-AL;UOP02-DEL01-AL
589338;23/03/2024;sábado;21:15:00;MA;135;195,5;ALTO ALEGRE DO MARANHAO;Acessar a via sem observar a presença dos outros veículos;Colisão traseira;Com Vítimas Fatais;Pleno dia;Crescente;Ignorado;Simples;Reta;Não;2;1;0;0;1;0;0;2;-4,15458101;-44,46970631;SPRF-MA;DEL03-MA;UOP01-DEL03-MA
589339;23/03/2024;sábado;22:50:00;SP;116;336;JUQUITIBA;Chuva;Capotamento;Com Vítimas Feridas;Plena Noite;Crescente;Nublado;Dupla;Reta;Sim;1;0;1;0;0;0;1;1;-23,975182;-47,140694;SPRF-SP;DEL04-SP;UOP03-DEL04-SP
589342;23/03/2024;sábado;18:50:00;MG;116;638,1;DIVINO;Velocidade Incompatível;Saída de leito carroçável;Com Vítimas Feridas;Plena Noite;Crescente;Nublado;Simples;"Curva;Aclive";Não;1;0;0;1;0;0;1;1;-20,63865095;-42,23648111;SPRF-MG;DEL07-MG;UOP02-DEL07-MG
589343;23/03/2024;sábado;22:00:00;PR;163;272;QUATRO PONTES;Transitar na contramão;Colisão transversal;Com Vítimas Feridas;Plena Noite;Crescente;Céu Claro;Dupla;"Declive;Curva";Não;2;0;1;0;1;0;1;2;-24,60479144;-53,97771835;SPRF-PR;DEL06-PR;UOP02-DEL06-PR
589344;23/03/2024;sábado;19:30:00;BA;101;102;ALAGOINHAS;Ingestão de álcool pelo condutor;Colisão frontal;Com Vítimas Fatais;Plena Noite;Crescente;Céu Claro;Simples;Reta;Não;2;1;1;0;0;0;1;2;-12,15440191;-38,40413906;SPRF-BA;DEL01-BA;UOP04-DEL01-BA
589346;23/03/2024;sábado;23:05:00;SC;101;415,6;ARARANGUA;Ausência de sinalização;Colisão traseira;Com Vítimas Feridas;Plena Noite;Crescente;Nublado;Simples;Reta;Sim;2;0;2;0;0;0;2;2;-28,97090226;-49,52602386;SPRF-SC;DEL02-SC;UOP02-DEL02-SC
589347;23/03/2024;sábado;18:15:00;MG;356;267;MURIAE;Transitar no Acostamento;Atropelamento de Pedestre;Com Vítimas Feridas;Plena Noite;Decrescente;Chuva;Simples;Reta;Não;3;0;2;0;0;1;2;2;-21,12725696;-42,35052695;SPRF-MG;DEL07-MG;UOP02-DEL07-MG
589348;23/03/2024;sábado;23:30:00;SC;282;3;FLORIANOPOLIS;Ingestão de álcool pelo condutor;Colisão traseira;Com Vítimas Feridas;Plena Noite;Decrescente;Nublado;Dupla;Curva;Sim;3;0;2;0;1;0;2;2;-27,600384;-48,599705;SPRF-SC;DEL01-SC;UOP01-DEL01-SC
589349;23/03/2024;sábado;22:35:00;SP;153;141;PROMISSAO;Demais falhas mecânicas ou elétricas;Tombamento;Com Vítimas Feridas;Plena Noite;Crescente;Garoa/Chuvisco;Simples;Reta;Não;1;0;1;0;0;0;1;1;-21,33649697;-49,79200014;SPRF-SP;DEL07-SP;UOP01-DEL07-SP
589350;23/03/2024;sábado;22:20:00;RS;290;483;ROSARIO DO SUL;Ingestão de álcool pelo condutor;Saída de leito carroçável;Sem Vítimas;Plena Noite;Decrescente;Céu Claro;Simples;Interseção de Vias;Sim;1;0;0;0;1;0;0;1;-30,241375;-54,950855;SPRF-RS;DEL11-RS;UOP02-DEL11-RS
589351;23/03/2024;sábado;19:00:00;ES;262;160;IBATIBA;Acessar a via sem observar a presença dos outros veículos;Colisão transversal;Com Vítimas Feridas;Plena Noite;Decrescente;Céu Claro;Simples;Reta;Sim;2;0;1;0;1;0;1;2;-20,23755328;-41,51308721;SPRF-ES;DEL01-ES;UOP02-DEL01-ES
589352;23/03/2024;sábado;23:10:00;SC;282;30;SANTO AMARO DA IMPERATRIZ;Chuva;Queda de ocupante de veículo;Com Vítimas Feridas;Plena Noite;Decrescente;Chuva;Simples;Curva;Não;2;0;1;0;1;0;1;2;-27,687376;-48,79071;SPRF-SC;DEL01-SC;UOP03-DEL01-SC
589353;23/03/2024;sábado;23:50:00;PR;116;7;CAMPINA GRANDE DO SUL;Velocidade Incompatível;Colisão com objeto;Sem Vítimas;Plena Noite;Crescente;Céu Claro;Dupla;Reta;Sim;1;0;0;0;1;0;0;1;-25,3683;-49,1074;SPRF-PR;DEL01-PR;UOP02-DEL01-PR
589354;24/03/2024;domingo;00:15:00;SP;153;64;SAO JOSE DO RIO PRETO;Ingestão de álcool pelo condutor;Colisão com objeto;Sem Vítimas;Plena Noite;Crescente;Nublado;Dupla;"Reta;Viaduto";Sim;1;0;0;0;1;0;0;1;-20,82919401;-49,36046325;SPRF-SP;DEL09-SP;UOP01-DEL09-SP
589355;23/03/2024;sábado;23:00:00;PE;408;62,2;CARPINA;Ausência de reação do condutor;Capotamento;Sem Vítimas;Plena Noite;Decrescente;Céu Claro;Simples;Reta;Sim;2;0;0;0;1;1;0;1;-7,83198297;-35,24473969;SPRF-PE;DEL01-PE;UOP01-DEL01-PE
589356;23/03/2024;sábado;22:40:00;PI;402;72;LUIS CORREIA;Pedestre - Ingestão de álcool/ substâncias psicoativas;Atropelamento de Pedestre;Sem Vítimas;Plena Noite;Decrescente;Céu Claro;Simples;Reta;Sim;2;0;0;0;1;1;0;2;-3,08277339;-41,44694567;SPRF-PI;DEL05-PI;UOP01-DEL05-PI
589357;24/03/2024;domingo;01:00:00;PE;101;68;RECIFE;Chuva;Queda de ocupante de veículo;Com Vítimas Feridas;Plena Noite;Decrescente;Chuva;Múltipla;Interseção de Vias;Sim;2;0;2;0;0;0;2;1;-8,052825;-34,946007;SPRF-PE;DEL01-PE;UOP01-DEL01-PE
589358;24/03/2024;domingo;00:18:00;MT;364;273;JACIARA;Pista esburacada;Queda de ocupante de veículo;Com Vítimas Feridas;Plena Noite;Decrescente;Chuva;Simples;Reta;Sim;2;0;2;0;0;0;2;1;-15,96077957;-54,96772983;SPRF-MT;DEL05-MT;UOP02-DEL05-MT
589359;24/03/2024;domingo;01:00:00;PI;343;336,5;TERESINA;Ausência de reação do condutor;Saída de leito carroçável;Sem Vítimas;Plena Noite;Decrescente;Nublado;Dupla;Reta;Sim;1;0;0;0;0;1;0;1;-5,062547;-42,705189;SPRF-PI;DEL01-PI;UOP01-DEL01-PI
589360;24/03/2024;domingo;00:45:00;PE;232;43;VITORIA DE SANTO ANTAO;Condutor deixou de manter distância do veículo da frente;Colisão traseira;Com Vítimas Feridas;Plena Noite;Decrescente;Céu Claro;Múltipla;"Reta;Aclive";Não;3;0;1;0;2;0;1;3;-8,11729755;-35,26097515;SPRF-PE;DEL01-PE;UOP01-DEL01-PE
589361;21/03/2024;quinta-feira;21:00:00;SC;101;130;BALNEARIO CAMBORIU;Acessar a via sem observar a presença dos outros veículos;Colisão traseira;Com Vítimas Feridas;Plena Noite;Crescente;Céu Claro;Dupla;Reta;Sim;2;0;1;0;1;0;1;2;-26,98407618;-48,66977107;SPRF-SC;DEL04-SC;UOP03-DEL04-SC
589362;24/03/2024;domingo;00:10:00;SC;101;34;JOINVILLE;Ingestão de álcool pelo condutor;Saída de leito carroçável;Sem Vítimas;Plena Noite;Decrescente;Nublado;Dupla;Reta;Não;1;0;0;0;0;1;0;1;-26,23667403;-48,91486706;SPRF-SC;DEL03-SC;UOP01-DEL03-SC
589363;24/03/2024;domingo;02:35:00;SC;101;222,8;PALHOCA;Iluminação deficiente;Atropelamento de Pedestre;Com Vítimas Feridas;Plena Noite;Crescente;Garoa/Chuvisco;Dupla;Reta;Sim;2;0;1;0;0;1;1;2;-27,70865409;-48,65586407;SPRF-SC;DEL01-SC;UOP02-DEL01-SC
589364;24/03/2024;domingo;02:00:00;CE;222;208,4;FORQUILHA;Acessar a via sem observar a presença dos outros veículos;Colisão transversal;Com Vítimas Feridas;Plena Noite;Decrescente;Céu Claro;Simples;Reta;Sim;2;0;1;0;1;0;1;2;-3,797889;-40,260381;SPRF-CE;DEL04-CE;UOP01-DEL04-CE
589366;24/03/2024;domingo;02:05:00;PE;101;69,5;RECIFE;Ausência de reação do condutor;Colisão com objeto;Com Vítimas Feridas;Plena Noite;Crescente;Nublado;Simples;Curva;Não;1;0;1;0;0;0;1;1;-8,05951606;-34,94581024;SPRF-PE;DEL01-PE;UOP01-DEL01-PE
589367;24/03/2024;domingo;00:20:00;MG;116;347;CAMPANARIO;Demais falhas mecânicas ou elétricas;Incêndio;Sem Vítimas;Plena Noite;Crescente;Céu Claro;Simples;Reta;Não;1;0;0;0;1;0;0;1;-18,382288;-41,789792;SPRF-MG;DEL11-MG;UOP01-DEL11-MG
589368;24/03/2024;domingo;03:50:00;MG;262;360;BETIM;Animais na Pista;Atropelamento de Animal;Com Vítimas Feridas;Plena Noite;Crescente;Céu Claro;Dupla;Curva;Não;1;0;1;0;0;0;1;1;-19,9830204;-44,20924834;SPRF-MG;DEL01-MG;UOP03-DEL01-MG
589369;24/03/2024;domingo;01:50:00;CE;304;46,6;ARACATI;Ausência de reação do condutor;Colisão com objeto;Sem Vítimas;Plena Noite;Decrescente;Céu Claro;Dupla;Interseção de Vias;Sim;4;0;0;0;4;0;0;1;-4,574741;-37,79218847;SPRF-CE;DEL03-CE;UOP03-DEL03-CE
589370;24/03/2024;domingo;03:30:00;SC;101;138;BALNEARIO CAMBORIU;Ingestão de álcool pelo condutor;Colisão traseira;Sem Vítimas;Plena Noite;Decrescente;Céu Claro;Dupla;Reta;Sim;2;0;0;0;1;1;0;2;-27,02397426;-48,60761649;SPRF-SC;DEL04-SC;UOP03-DEL04-SC
589371;24/03/2024;domingo;01:10:00;PB;104;45,2;BARRA DE SANTA ROSA;Reação tardia ou ineficiente do condutor;Colisão traseira;Com Vítimas Feridas;Plena Noite;Decrescente;Céu Claro;Simples;Reta;Sim;2;0;2;0;0;0;2;2;-6,72846302;-36,05226302;SPRF-PB;DEL02-PB;UOP04-DEL02-PB
589372;24/03/2024;domingo;03:30:00;RS;392;114,6;CANGUCU;Animais na Pista;Atropelamento de Animal;Com Vítimas Feridas;Plena Noite;Crescente;Céu Claro;Simples;"Reta;Aclive";Não;2;0;1;0;1;0;1;1;-31,4271;-52,659663;SPRF-RS;DEL07-RS;UOP01-DEL07-RS
589373;24/03/2024;domingo;03:00:00;RS;392;619,7;SANTO ANGELO;Velocidade Incompatível;Saída de leito carroçável;Com Vítimas Feridas;Plena Noite;Decrescente;Céu Claro;Simples;Curva;Não;1;0;0;1;0;0;1;1;-28,19082994;-54,34551358;SPRF-RS;DEL10-RS;UOP01-DEL10-RS
589374;24/03/2024;domingo;04:00:00;RS;392;718,1;PORTO XAVIER;Ingestão de álcool pelo condutor;Colisão frontal;Com Vítimas Fatais;Plena Noite;Decrescente;Céu Claro;Simples;Curva;Não;3;1;0;1;1;0;1;2;-27,9268153;-55,13398647;SPRF-RS;DEL10-RS;UOP01-DEL10-RS
589375;24/03/2024;domingo;03:50:00;BA;101;35;ESPLANADA;Reação tardia ou ineficiente do condutor;Tombamento;Com Vítimas Feridas;Plena Noite;Crescente;Céu Claro;Simples;"Interseção de Vias;Declive";Sim;1;0;0;1;0;0;1;1;-11,81933048;-37,97719212;SPRF-SE;DEL02-SE;UOP03-DEL02-SE
589377;24/03/2024;domingo;03:59:00;SP;116;169,7;JACAREI;Reação tardia ou ineficiente do condutor;Colisão com objeto;Com Vítimas Feridas;Plena Noite;Decrescente;Chuva;Dupla;"Reta;Aclive";Não;1;0;1;0;0;0;1;1;-23,307652;-46,045128;SPRF-SP;DEL02-SP;UOP01-DEL02-SP
589379;24/03/2024;domingo;04:00:00;PA;230;121;MARABA;Acessar a via sem observar a presença dos outros veículos;Colisão lateral mesmo sentido;Com Vítimas Feridas;Plena Noite;Decrescente;Céu Claro;Dupla;Reta;Sim;3;0;1;0;2;0;1;2;-5,35297407;-49,12143673;SPRF-PA;DEL03-PA;UOP01-DEL03-PA
589380;24/03/2024;domingo;04:45:00;BA;324;619;SALVADOR;Ingestão de álcool pelo condutor;Colisão com objeto;Sem Vítimas;Pleno dia;Crescente;Céu Claro;Dupla;Reta;Sim;1;0;0;0;1;0;0;1;-12,89820999;-38,45012202;SPRF-BA;DEL01-BA;UOP01-DEL01-BA
589381;24/03/2024;domingo;05:15:00;RJ;101;321;NITEROI;Condutor Dormindo;Colisão com objeto;Sem Vítimas;Amanhecer;Decrescente;Chuva;Simples;Reta;Sim;1;0;0;0;1;0;0;1;-22,86981096;-43,11046465;SPRF-RJ;DEL02-RJ;UOP01-DEL02-RJ
589383;24/03/2024;domingo;04:50:00;RS;285;291,6;PASSO FUNDO;Ingestão de álcool pelo condutor;Saída de leito carroçável;Sem Vítimas;Plena Noite;Decrescente;Céu Claro;Simples;Reta;Não;1;0;0;0;1;0;0;1;-28,23914477;-52,36251354;SPRF-RS;DEL08-RS;UOP03-DEL08-RS
589384;24/03/2024;domingo;00:30:00;BA;101;450,9;ITACARE;Animais na Pista;Atropelamento de Animal;Com Vítimas Fatais;Plena Noite;Decrescente;Céu Claro;Simples;Reta;Não;2;1;1;0;0;0;1;1;-14,361533;-39,321809;SPRF-BA;DEL05-BA;UOP01-DEL05-BA
589385;24/03/2024;domingo;05:00:00;RS;290;10,8;SANTO ANTONIO DA PATRULHA;Ausência de reação do condutor;Saída de leito carroçável;Sem Vítimas;Amanhecer;Crescente;Céu Claro;Múltipla;Curva;Não;1;0;0;0;0;1;0;1;-29,891388;-50,373714;SPRF-RS;DEL03-RS;UOP01-DEL03-RS
589387;24/03/2024;domingo;05:30:00;MG;381;455;SABARA;Condutor Dormindo;Colisão traseira;Com Vítimas Feridas;Amanhecer;Decrescente;Céu Claro;Simples;Curva;Não;2;0;0;1;1;0;1;2;-19,85777408;-43,90468298;SPRF-MG;DEL01-MG;UOP01-DEL01-MG
589388;24/03/2024;domingo;04:00:00;RO;364;422,5;JARU;Velocidade Incompatível;Tombamento;Com Vítimas Feridas;Plena Noite;Decrescente;Céu Claro;Simples;"Reta;Em Obras";Sim;1;0;1;0;0;0;1;1;-10,4597532;-62,4558043;SPRF-RO;DEL03-RO;UOP02-DEL03-RO
589389;24/03/2024;domingo;04:50:00;PR;376;162,9;MARINGA;Reação tardia ou ineficiente do condutor;Colisão traseira;Sem Vítimas;Amanhecer;Decrescente;Nublado;Dupla;"Declive;Reta";Não;2;0;0;0;1;1;0;2;-23,37710685;-52,04510993;SPRF-PR;DEL09-PR;UOP01-DEL09-PR
589390;23/03/2024;sábado;22:05:00;SC;280;80,8;CORUPA;Acessar a via sem observar a presença dos outros veículos;Colisão transversal;Sem Vítimas;Plena Noite;Crescente;Garoa/Chuvisco;Simples;"Interseção de Vias;Aclive";Sim;2;0;0;0;2;0;0;2;-26,44412189;-49,20975187;SPRF-SC;DEL06-SC;UOP03-DEL06-SC
589391;24/03/2024;domingo;05:40:00;GO;60;342;SANTO ANTONIO DA BARRA;Ausência de reação do condutor;Colisão traseira;Com Vítimas Feridas;Plena Noite;Crescente;Nublado;Dupla;Reta;Sim;2;0;0;1;1;0;1;2;-17,5584;-50,6227;SPRF-GO;DEL04-GO;UOP02-DEL04-GO