id;data_inversa;dia_semana;horario;uf;br;km;municipio;causa_acidente;tipo_acidente;classificacao_acidente;fase_dia;sentido_via;condicao_metereologica;tipo_pista;tracado_via;uso_solo;pessoas;mortos;feridos_leves;feridos_graves;ilesos;ignorados;feridos;veiculos;latitude;longitude;regional;delegacia;uop
589394;24/03/2024;domingo;06:20:00;PR;376;629;SAO JOSE DOS PINHAIS;Chuva;Colisão com objeto;Com Vítimas Feridas;Amanhecer;Decrescente;Garoa/Chuvisco;Dupla;Reta;Não;1;0;1;0;0;0;1;1;-25,70044197;-49,14299905;SPRF-PR;DEL01-PR;UOP04-DEL01-PR
589395;24/03/2024;domingo;05:20:00;RO;364;709;PORTO VELHO;Reação tardia ou ineficiente do condutor;Colisão com objeto;Sem Vítimas;Amanhecer;Crescente;Céu Claro;Dupla;Reta;Sim;1;0;0;0;1;0;0;1;-8,7909383;-63,84895617;SPRF-RO;DEL01-RO;UOP01-DEL01-RO
589396;24/03/2024;domingo;05:30:00;MG;262;38,6;MANHUACU;Ausência de reação do condutor;Capotamento;Com Vítimas Feridas;Amanhecer;Crescente;Céu Claro;Simples;Reta;Não;3;0;2;0;0;1;2;1;-20,26305859;-42,03684948;SPRF-MG;DEL06-MG;UOP03-DEL06-MG
589397;24/03/2024;domingo;06:30:00;SP;153;336,6;OURINHOS;Retorno proibido;Colisão transversal;Com Vítimas Feridas;Amanhecer;Crescente;Nublado;Simples;"Curva;Declive;Viaduto";Não;5;0;1;0;4;0;1;2;-22,90903;-49,889572;SPRF-SP;DEL07-SP;UOP03-DEL07-SP
589398;24/03/2024;domingo;06:30:00;SP;116;525;BARRA DO TURVO;Ausência de reação do condutor;Saída de leito carroçável;Sem Vítimas;Amanhecer;Crescente;Nublado;Dupla;Reta;Não;2;0;0;0;1;1;0;1;-24,92563316;-48,26567292;SPRF-SP;DEL05-SP;UOP02-DEL05-SP
589399;24/03/2024;domingo;05:30:00;AP;210;89;PORTO GRANDE;Condutor Dormindo;Saída de leito carroçável;Com Vítimas Feridas;Amanhecer;Crescente;Nublado;Simples;Reta;Não;1;0;0;1;0;0;1;1;0,63507588;-51,28978802;SPRF-AP;DEL01-AP;UOP01-DEL01-AP
589401;24/03/2024;domingo;00:30:00;MT;364;273;JACIARA;Pista esburacada;Queda de ocupante de veículo;Com Vítimas Feridas;Plena Noite;Decrescente;Chuva;Dupla;Declive;Sim;1;0;1;0;0;0;1;1;-15,96077957;-54,96772983;SPRF-MT;DEL05-MT;UOP02-DEL05-MT
589402;24/03/2024;domingo;05:10:00;MA;135;59;BACABEIRA;Transitar na contramão;Queda de ocupante de veículo;Com Vítimas Fatais;Plena Noite;Decrescente;Ignorado;Dupla;Reta;Não;1;1;0;0;0;0;0;1;-3,04330997;-44,31752324;SPRF-MA;DEL01-MA;UOP02-DEL01-MA
589404;24/03/2024;domingo;06:55:00;GO;153;511,1;APARECIDA DE GOIANIA;Condutor deixou de manter distância do veículo da frente;Queda de ocupante de veículo;Com Vítimas Feridas;Pleno dia;Crescente;Céu Claro;Dupla;Reta;Não;4;0;1;1;1;1;2;4;-16,8156;-49,2402;SPRF-GO;DEL01-GO;UOP03-DEL01-GO
589405;24/03/2024;domingo;05:30:00;MG;365;379;PRESIDENTE OLEGARIO;Ausência de reação do condutor;Saída de leito carroçável;Sem Vítimas;Pleno dia;Crescente;Nublado;Simples;Reta;Não;1;0;0;0;1;0;0;1;-18,55325978;-46,21694408;SPRF-MG;DEL10-MG;UOP01-DEL10-MG
589406;24/03/2024;domingo;07:00:00;SP;381;38;ATIBAIA;Condutor Dormindo;Saída de leito carroçável;Sem Vítimas;Pleno dia;Crescente;Céu Claro;Dupla;Curva;Sim;1;0;0;0;1;0;0;1;-23,1133221;-46,57174974;SPRF-SP;DEL03-SP;UOP01-DEL03-SP
589408;24/03/2024;domingo;07:00:00;PE;104;63;CARUARU;Condutor deixou de manter distância do veículo da frente;Colisão traseira;Com Vítimas Feridas;Pleno dia;Decrescente;Céu Claro;Dupla;Interseção de Vias;Sim;3;0;1;0;2;0;1;2;-8,2698;-35,9803;SPRF-PE;DEL02-PE;UOP01-DEL02-PE
589409;24/03/2024;domingo;06:30:00;MG;381;282;JAGUARACU;Ingestão de álcool pelo condutor;Capotamento;Com Vítimas Feridas;Pleno dia;Crescente;Céu Claro;Simples;Curva;Não;1;0;1;0;0;0;1;1;-19,58387976;-42,72886634;SPRF-MG;DEL03-MG;UOP02-DEL03-MG
589410;24/03/2024;domingo;06:30:00;RS;116;452;SAO LOURENCO DO SUL;Animais na Pista;Atropelamento de Animal;Sem Vítimas;Amanhecer;Crescente;Céu Claro;Dupla;Reta;Não;3;0;0;0;3;0;0;1;-31,21427515;-52,01780939;SPRF-RS;DEL02-RS;UOP02-DEL02-RS
589411;24/03/2024;domingo;07:20:00;MG;381;942;EXTREMA;Velocidade Incompatível;Colisão com objeto;Com Vítimas Fatais;Pleno dia;Decrescente;Chuva;Dupla;"Curva;Declive;Viaduto";Não;2;2;0;0;0;0;0;1;-22,86397163;-46,34517074;SPRF-MG;DEL16-MG;UOP03-DEL16-MG
589412;24/03/2024;domingo;07:30:00;SC;101;272,7;IMBITUBA;Ingestão de álcool pelo condutor;Saída de leito carroçável;Sem Vítimas;Pleno dia;Crescente;Nublado;Dupla;"Curva;Viaduto";Não;1;0;0;0;1;0;0;1;-28,11780197;-48,69928995;SPRF-SC;DEL02-SC;UOP03-DEL02-SC
589413;24/03/2024;domingo;07:30:00;ES;259;52;COLATINA;Acumulo de areia ou detritos sobre o pavimento;Tombamento;Com Vítimas Feridas;Plena Noite;Crescente;Sol;Simples;Curva;Não;4;0;3;1;0;0;4;3;-19,50223983;-40,62081603;SPRF-ES;DEL02-ES;UOP01-DEL02-ES
589414;16/02/2024;sexta-feira;22:00:00;PI;343;306,5;ALTOS;Acessar a via sem observar a presença dos outros veículos;Colisão transversal;Com Vítimas Feridas;Plena Noite;Crescente;Céu Claro;Simples;Reta;Sim;2;0;0;1;0;1;1;2;-5,03904;-42,453479;SPRF-PI;DEL01-PI;UOP01-DEL01-PI
589415;24/03/2024;domingo;05:54:00;PR;376;177;MARINGA;Ausência de reação do condutor;Colisão traseira;Com Vítimas Feridas;Amanhecer;Crescente;Céu Claro;Múltipla;Reta;Sim;2;0;0;1;1;0;1;2;-23,41595855;-51,92226484;SPRF-PR;DEL09-PR;UOP01-DEL09-PR
589416;24/03/2024;domingo;05:45:00;RS;290;181,5;MINAS DO LEAO;Transitar na contramão;Colisão lateral sentido oposto;Com Vítimas Fatais;Plena Noite;Decrescente;Céu Claro;Simples;"Reta;Ponte";Não;5;1;0;0;3;1;0;3;-30,140005;-52,023026;SPRF-RS;DEL02-RS;UOP03-DEL02-RS
589419;24/03/2024;domingo;09:00:00;MG;262;384;MATEUS LEME;Velocidade Incompatível;Saída de leito carroçável;Com Vítimas Feridas;Pleno dia;Crescente;Céu Claro;Dupla;"Curva;Aclive";Não;1;0;0;1;0;0;1;1;-19,92274;-44,47731;SPRF-MG;DEL01-MG;UOP03-DEL01-MG
589420;24/03/2024;domingo;09:00:00;MG;381;921,4;CAMANDUCAIA;Velocidade Incompatível;Colisão com objeto;Com Vítimas Feridas;Pleno dia;Crescente;Chuva;Dupla;"Curva;Declive";Não;2;0;1;0;1;0;1;1;-22,76194582;-46,16948605;SPRF-MG;DEL16-MG;UOP03-DEL16-MG
589421;24/03/2024;domingo;07:00:00;RS;293;337,9;SANTANA DO LIVRAMENTO;Reação tardia ou ineficiente do condutor;Saída de leito carroçável;Com Vítimas Fatais;Amanhecer;Crescente;Céu Claro;Simples;Reta;Não;1;1;0;0;0;0;0;1;-30,85550513;-55,50429008;SPRF-RS;DEL11-RS;UOP01-DEL11-RS
589422;24/03/2024;domingo;08:20:00;RJ;116;127,9;MAGE;Chuva;Saída de leito carroçável;Com Vítimas Feridas;Pleno dia;Decrescente;Chuva;Múltipla;Curva;Não;2;0;1;0;1;0;1;1;-22,66137035;-43,09295957;SPRF-RJ;DEL04-RJ;UOP02-DEL04-RJ
589423;29/02/2024;quinta-feira;16:30:00;PR;277;105;CAMPO LARGO;Reação tardia ou ineficiente do condutor;Atropelamento de Pedestre;Com Vítimas Feridas;Pleno dia;Crescente;Céu Claro;Dupla;Aclive;Sim;1;0;0;1;0;0;1;1;-25,48824692;-49,34581481;SPRF-PR;DEL01-PR;UOP06-DEL01-PR
589424;17/03/2024;domingo;00:05:00;PR;476;54;TUNAS DO PARANA;Ausência de reação do condutor;Saída de leito carroçável;Com Vítimas Feridas;Plena Noite;Decrescente;Céu Claro;Simples;Curva;Não;2;0;1;0;1;0;1;1;-24,960924;-49,094734;SPRF-PR;DEL01-PR;UOP01-DEL01-PR
589425;24/03/2024;domingo;10:30:00;SC;101;136,9;BALNEARIO CAMBORIU;Trafegar com motocicleta (ou similar) entre as faixas;Colisão lateral mesmo sentido;Com Vítimas Feridas;Pleno dia;Crescente;Nublado;Múltipla;Reta;Sim;3;0;1;0;2;0;1;3;-27,008113;-48,617245;SPRF-SC;DEL04-SC;UOP03-DEL04-SC
589427;24/03/2024;domingo;09:30:00;RJ;101;482,7;ANGRA DOS REIS;Reação tardia ou ineficiente do condutor;Capotamento;Com Vítimas Feridas;Pleno dia;Decrescente;Chuva;Simples;Curva;Não;2;0;1;0;1;0;1;1;-23,00453;-44,29746;SPRF-RJ;DEL03-RJ;UOP03-DEL03-RJ
589429;24/03/2024;domingo;05:00:00;RJ;101;492;ANGRA DOS REIS;Reação tardia ou ineficiente do condutor;Queda de ocupante de veículo;Com Vítimas Feridas;Plena Noite;Crescente;Nublado;Simples;Reta;Sim;2;0;0;1;0;1;1;1;-22,94874989;-44,3279949;SPRF-RJ;DEL03-RJ;UOP03-DEL03-RJ
589430;24/03/2024;domingo;11:00:00;RN;101;83;NATAL;Velocidade Incompatível;Colisão frontal;Com Vítimas Feridas;Pleno dia;Crescente;Céu Claro;Simples;Rotatória;Sim;1;0;1;0;0;0;1;1;-5,7710445;-35,26616981;SPRF-RN;DEL02-RN;UOP01-DEL02-RN
589432;24/03/2024;domingo;11:40:00;RS;116;149,1;CAXIAS DO SUL;Condutor desrespeitou a iluminação vermelha do semáforo;Colisão transversal;Sem Vítimas;Pleno dia;Decrescente;Céu Claro;Dupla;"Retorno Regulamentado;Interseção de Vias";Sim;2;0;0;0;2;0;0;2;-29,15996905;-51,15645292;SPRF-RS;DEL05-RS;UOP01-DEL05-RS
589433;24/03/2024;domingo;11:50:00;PI;343;338,5;TERESINA;Reação tardia ou ineficiente do condutor;Saída de leito carroçável;Com Vítimas Feridas;Pleno dia;Decrescente;Céu Claro;Dupla;Reta;Sim;1;0;1;0;0;0;1;1;-5,063362;-42,722912;SPRF-PI;DEL01-PI;UOP01-DEL01-PI
589434;24/03/2024;domingo;11:55:00;PE;232;78,1;GRAVATA;Acessar a via sem observar a presença dos outros veículos;Colisão transversal;Com Vítimas Feridas;Pleno dia;Decrescente;Céu Claro;Simples;Reta;Sim;3;0;2;0;1;0;2;2;-8,19343658;-35,55186505;SPRF-PE;DEL02-PE;UOP02-DEL02PE
589435;24/03/2024;domingo;09:30:00;AP;156;449;TARTARUGALZINHO;Acumulo de água sobre o pavimento;Saída de leito carroçável;Com Vítimas Feridas;Pleno dia;Crescente;Chuva;Simples;Reta;Não;2;0;1;0;1;0;1;1;1,34363491;-50,92335553;SPRF-AP;DEL01-AP;UOP02-DEL01-AP
589437;24/03/2024;domingo;11:25:00;RJ;101;87;CAMPOS DOS GOYTACAZES;Frear bruscamente;Queda de ocupante de veículo;Com Vítimas Feridas;Pleno dia;Decrescente;Chuva;Dupla;"Declive;Reta";Não;1;0;1;0;0;0;1;1;-21,82571348;-41,49096116;SPRF-RJ;DEL08-RJ;UOP02-DEL08-RJ
589438;24/03/2024;domingo;10:03:00;MG;262;424;IGARATINGA;Velocidade Incompatível;Tombamento;Com Vítimas Feridas;Pleno dia;Decrescente;Céu Claro;Dupla;Reta;Não;1;0;1;0;0;0;1;1;-19,88325202;-44,748945;SPRF-MG;DEL08-MG;UOP03-DEL08-MG
589439;24/03/2024;domingo;12:10:00;SC;282;50;AGUAS MORNAS;Velocidade Incompatível;Colisão com objeto;Com Vítimas Feridas;Pleno dia;Decrescente;Garoa/Chuvisco;Simples;"Curva;Declive";Não;1;0;1;0;0;0;1;1;-27,708536;-48,952251;SPRF-SC;DEL01-SC;UOP03-DEL01-SC
589440;24/03/2024;domingo;12:43:00;DF;70;18;BRASILIA;Ausência de reação do condutor;Saída de leito carroçável;Sem Vítimas;Pleno dia;Crescente;Nublado;Dupla;Reta;Sim;1;0;0;0;1;0;0;1;-15,791093;-48,21096;SPRF-DF;DEL03-DF;UOP02-DEL03-DF
589442;24/03/2024;domingo;13:00:00;RN;304;48;MOSSORO;Ausência de reação do condutor;Queda de ocupante de veículo;Com Vítimas Feridas;Pleno dia;Crescente;Céu Claro;Múltipla;Reta;Sim;1;0;0;1;0;0;1;1;-5,22868577;-37,32203081;SPRF-RN;DEL04-RN;UOP01-DEL04-RN
589443;24/03/2024;domingo;12:30:00;PR;277;130;CAMPO LARGO;Reação tardia ou ineficiente do condutor;Queda de ocupante de veículo;Com Vítimas Feridas;Pleno dia;Decrescente;Céu Claro;Dupla;Curva;Não;1;0;1;0;0;0;1;1;-25,44518045;-49,4985659;SPRF-PR;DEL03-PR;UOP03-DEL03-PR
589444;24/03/2024;domingo;13:00:00;SC;101;185;BIGUACU;Reação tardia ou ineficiente do condutor;Tombamento;Com Vítimas Feridas;Pleno dia;Decrescente;Nublado;Múltipla;Reta;Não;1;0;1;0;0;0;1;1;-27,42536698;-48,62465876;SPRF-SC;DEL01-SC;UOP01-DEL01-SC
589445;24/03/2024;domingo;11:20:00;RS;101;6,9;TORRES;Velocidade Incompatível;Colisão com objeto;Sem Vítimas;Pleno dia;Crescente;Céu Claro;Dupla;Reta;Não;1;0;0;0;1;0;0;1;-29,34755416;-49,79310885;SPRF-RS;DEL03-RS;UOP02-DEL03-RS
589446;24/03/2024;domingo;12:40:00;RS;392;176;PIRATINI;Demais falhas mecânicas ou elétricas;Saída de leito carroçável;Com Vítimas Feridas;Pleno dia;Crescente;Céu Claro;Simples;"Declive;Reta";Não;3;0;2;0;1;0;2;1;-31,02312267;-53,04445361;SPRF-RS;DEL07-RS;UOP01-DEL07-RS
589447;24/03/2024;domingo;11:30:00;AP;156;457;TARTARUGALZINHO;Pista Escorregadia;Saída de leito carroçável;Com Vítimas Feridas;Pleno dia;Decrescente;Chuva;Simples;Curva;Não;3;0;2;0;1;0;2;1;1,40910501;-50,92458813;SPRF-AP;DEL01-AP;UOP02-DEL01-AP
589449;24/03/2024;domingo;13:25:00;RJ;101;493;ANGRA DOS REIS;Acumulo de água sobre o pavimento;Tombamento;Com Vítimas Feridas;Pleno dia;Decrescente;Chuva;Simples;Curva;Sim;2;0;1;0;1;0;1;2;-22,94374503;-44,32522199;SPRF-RJ;DEL03-RJ;UOP03-DEL03-RJ
589450;24/03/2024;domingo;07:00:00;MG;381;908,1;CAMBUI;Velocidade Incompatível;Saída de leito carroçável;Com Vítimas Feridas;Pleno dia;Crescente;Chuva;Dupla;"Aclive;Curva";Não;1;0;1;0;0;0;1;1;-22,68104435;-46,10159397;SPRF-MG;DEL16-MG;UOP03-DEL16-MG
589451;24/03/2024;domingo;13:40:00;MG;381;940,8;EXTREMA;Velocidade Incompatível;Colisão com objeto;Com Vítimas Feridas;Pleno dia;Crescente;Chuva;Dupla;Curva;Não;5;0;2;1;2;0;3;1;-22,82709728;-46,31398201;SPRF-MG;DEL16-MG;UOP03-DEL16-MG
589452;24/03/2024;domingo;13:30:00;ES;101;141,9;LINHARES;Ausência de reação do condutor;Colisão traseira;Com Vítimas Feridas;Pleno dia;Crescente;Céu Claro;Dupla;Reta;Não;2;0;1;0;1;0;1;2;-19,32655693;-40,07192387;SPRF-ES;DEL04-ES;UOP01-DEL04-ES
589453;24/03/2024;domingo;08:30:00;SP;381;61;MAIRIPORA;Reação tardia ou ineficiente do condutor;Saída de leito carroçável;Sem Vítimas;Pleno dia;Crescente;Chuva;Dupla;Curva;Não;1;0;0;0;0;1;0;1;-23,29011611;-46,5800681;SPRF-SP;DEL03-SP;UOP01-DEL03-SP
589454;24/03/2024;domingo;13:40:00;PE;101;48;ABREU E LIMA;Acessar a via sem observar a presença dos outros veículos;Colisão transversal;Com Vítimas Feridas;Pleno dia;Decrescente;Céu Claro;Múltipla;Reta;Sim;2;0;2;0;0;0;2;2;-7,896747;-34,90271;SPRF-PE;DEL01-PE;UOP02-DEL01-PE
589455;24/03/2024;domingo;14:30:00;SP;116;216;GUARULHOS;Trafegar com motocicleta (ou similar) entre as faixas;Colisão traseira;Com Vítimas Feridas;Pleno dia;Crescente;Céu Claro;Múltipla;Reta;Não;3;0;2;0;1;0;2;2;-23,45056589;-46,46258105;SPRF-SP;DEL01-SP;UOP01-DEL01-SP
589456;24/03/2024;domingo;14:30:00;SP;116;215;GUARULHOS;Ausência de reação do condutor;Colisão traseira;Com Vítimas Feridas;Pleno dia;Crescente;Sol;Múltipla;Reta;Sim;2;0;1;0;1;0;1;2;-23,44695693;-46,45394103;SPRF-SP;DEL01-SP;UOP01-DEL01-SP
589458;17/03/2024;domingo;04:40:00;RO;319;57;PORTO VELHO;Ausência de reação do condutor;Colisão com objeto;Com Vítimas Feridas;Amanhecer;Decrescente;Céu Claro;Simples;Curva;Sim;2;0;1;0;1;0;1;1;-8,73751867;-63,91783476;SPRF-RO;DEL01-RO;UOP01-DEL01-RO
589459;19/03/2024;terça-feira;06:30:00;GO;153;635;MORRINHOS;Condutor Dormindo;Saída de leito carroçável;Sem Vítimas;Amanhecer;Crescente;Céu Claro;Dupla;"Reta;Aclive";Não;1;0;0;0;1;0;0;1;-17,8366;-49,2167;SPRF-GO;DEL03-GO;UOP01-DEL03-GO
589460;24/03/2024;domingo;14:20:00;RS;116;216;MORRO REUTER;Ultrapassagem Indevida;Colisão lateral mesmo sentido;Com Vítimas Feridas;Pleno dia;Decrescente;Céu Claro;Simples;Reta;Não;3;0;1;1;1;0;2;2;-29,54001608;-51,07711676;SPRF-RS;DEL05-RS;UOP02-DEL05-RS
589462;24/03/2024;domingo;14:00:00;AP;156;819;OIAPOQUE;Ingestão de álcool pelo condutor;Colisão lateral mesmo sentido;Sem Vítimas;Pleno dia;Decrescente;Céu Claro;Simples;"Interseção de Vias;Reta";Sim;2;0;0;0;2;0;0;2;3,83637979;-51,81148052;SPRF-AP;DEL01-AP;UOP03-DEL01-AP
589463;24/03/2024;domingo;15:20:00;MG;354;732,7;POUSO ALTO;Acumulo de óleo sobre o pavimento;Saída de leito carroçável;Com Vítimas Feridas;Pleno dia;Decrescente;Chuva;Simples;"Declive;Curva";Não;2;0;1;0;1;0;1;1;-22,19645715;-44,97441512;SPRF-MG;DEL17-MG;UOP01-DEL17-MG
589464;24/03/2024;domingo;13:22:00;GO;153;536,5;HIDROLANDIA;Demais falhas mecânicas ou elétricas;Queda de ocupante de veículo;Com Vítimas Feridas;Pleno dia;Crescente;Céu Claro;Dupla;Reta;Sim;1;0;1;0;0;0;1;1;-17,0193;-49,2217;SPRF-GO;DEL01-GO;UOP03-DEL01-GO
589465;24/03/2024;domingo;15:20:00;SC;282;32,4;AGUAS MORNAS;Acessar a via sem observar a presença dos outros veículos;Colisão transversal;Com Vítimas Feridas;Pleno dia;Crescente;Céu Claro;Simples;Rotatória;Sim;2;0;2;0;0;0;2;2;-27,70116;-48,800175;SPRF-SC;DEL01-SC;UOP03-DEL01-SC
589466;24/03/2024;domingo;10:44:00;RJ;101;322;NITEROI;Mal súbito do condutor;Colisão lateral mesmo sentido;Com Vítimas Feridas;Pleno dia;Decrescente;Chuva;Dupla;Reta;Não;2;0;1;0;1;0;1;2;-22,878923;-43,110676;SPRF-RJ;DEL02-RJ;UOP01-DEL02-RJ
589467;24/03/2024;domingo;13:20:00;SC;101;115,3;ITAJAI;Avarias e/ou desgaste excessivo no pneu;Tombamento;Com Vítimas Feridas;Pleno dia;Decrescente;Nublado;Múltipla;Reta;Sim;2;0;2;0;0;0;2;1;-26,87064015;-48,72954134;SPRF-SC;DEL04-SC;UOP04-DEL04-SC
589468;24/03/2024;domingo;14:30:00;MG;50;178;UBERABA;Velocidade Incompatível;Saída de leito carroçável;Com Vítimas Feridas;Pleno dia;Crescente;Chuva;Dupla;Reta;Sim;1;0;1;0;0;0;1;1;-19,77896821;-47,94093599;SPRF-MG;DEL13-MG;UOP01-DEL13-MG
589469;24/03/2024;domingo;15:35:00;MG;116;415;GOVERNADOR VALADARES;Acessar a via sem observar a presença dos outros veículos;Colisão transversal;Com Vítimas Feridas;Pleno dia;Decrescente;Céu Claro;Simples;Reta;Não;5;0;1;0;4;0;1;2;-18,88401297;-41,94924399;SPRF-MG;DEL06-MG;UOP01-DEL06-MG
589470;24/03/2024;domingo;13:15:00;SC;101;116;ITAJAI;Reação tardia ou ineficiente do condutor;Colisão traseira;Com Vítimas Feridas;Pleno dia;Decrescente;Nublado;Dupla;Reta;Sim;3;0;1;0;2;0;1;3;-26,87905605;-48,72603512;SPRF-SC;DEL04-SC;UOP04-DEL04-SC
589473;24/03/2024;domingo;13:50:00;RR;432;197,6;CANTA;Velocidade Incompatível;Colisão com objeto;Com Vítimas Fatais;Pleno dia;Crescente;Céu Claro;Simples;Curva;Não;3;1;1;1;0;0;2;1;2,66126602;-60,59091828;SPRF-RR;DEL01-RR;UOP01-DEL01-RR
589477;24/03/2024;domingo;15:30:00;BA;324;616;SALVADOR;Ingestão de álcool pelo condutor;Colisão lateral mesmo sentido;Sem Vítimas;Pleno dia;Decrescente;Céu Claro;Dupla;Reta;Sim;4;0;0;0;4;0;0;2;-12,887373;-38,439866;SPRF-BA;DEL01-BA;UOP01-DEL01-BA
589478;24/03/2024;domingo;16:10:00;DF;20;24;BRASILIA;Reação tardia ou ineficiente do condutor;Queda de ocupante de veículo;Com Vítimas Feridas;Pleno dia;Crescente;Céu Claro;Dupla;Reta;Sim;1;0;1;0;0;0;1;1;-15,594831;-47,658615;SPRF-DF;DEL02-DF;UOP01-DEL02-DF
589479;24/03/2024;domingo;16:00:00;MG;50;72;UBERLANDIA;Acumulo de areia ou detritos sobre o pavimento;Tombamento;Com Vítimas Feridas;Pleno dia;Decrescente;Nublado;Simples;Reta;Não;1;0;1;0;0;0;1;1;-18,9036322;-48,2330033;SPRF-MG;DEL15-MG;UOP01-DEL15-MG
589480;24/03/2024;domingo;15:20:00;MG;40;520;CONTAGEM;Demais falhas na via;Tombamento;Com Vítimas Feridas;Pleno dia;Crescente;Céu Claro;Dupla;Reta;Sim;3;0;3;0;0;0;3;3;-19,84761911;-44,07276144;SPRF-MG;DEL01-MG;UOP02-DEL01-MG
589481;24/03/2024;domingo;15:44:00;RJ;116;324;ITATIAIA;Acumulo de água sobre o pavimento;Saída de leito carroçável;Com Vítimas Feridas;Pleno dia;Crescente;Chuva;Dupla;Curva;Não;1;0;1;0;0;0;1;1;-22,49106419;-44,56183985;SPRF-RJ;DEL07-RJ;UOP02-DEL07-RJ
589483;24/03/2024;domingo;16:25:00;MG;381;925,9;ITAPEVA;Velocidade Incompatível;Colisão com objeto;Com Vítimas Feridas;Pleno dia;Decrescente;Nublado;Dupla;"Declive;Curva";Não;5;0;1;0;4;0;1;1;-22,76932028;-46,20555682;SPRF-MG;DEL16-MG;UOP03-DEL16-MG
589484;24/03/2024;domingo;16:24:00;SP;116;51,1;LORENA;Ausência de reação do condutor;Colisão traseira;Com Vítimas Feridas;Pleno dia;Decrescente;Chuva;Dupla;Reta;Não;3;0;2;0;1;0;2;2;-22,74157511;-45,09206392;SPRF-SP;DEL08-SP;UOP02-DEL08-SP
589485;24/03/2024;domingo;14:00:00;MT;163;836;SINOP;Ausência de reação do condutor;Queda de ocupante de veículo;Com Vítimas Feridas;Pleno dia;Decrescente;Céu Claro;Dupla;Reta;Sim;1;0;0;1;0;0;1;1;-11,977922;-55,517017;SPRF-MT;DEL06-MT;UOP02-DEL06-MT
589486;24/03/2024;domingo;14:52:00;MT;364;562;NOBRES;Desrespeitar a preferência no cruzamento;Colisão transversal;Com Vítimas Feridas;Pleno dia;Decrescente;Céu Claro;Simples;Rotatória;Não;32;0;0;1;31;0;1;2;-14,71914575;-56,32098198;SPRF-MT;DEL01-MT;UOP01-DEL01-MT
589487;24/03/2024;domingo;16:30:00;ES;101;259,5;SERRA;Entrada inopinada do pedestre;Atropelamento de Pedestre;Com Vítimas Feridas;Pleno dia;Crescente;Céu Claro;Dupla;"Curva;Aclive";Sim;2;0;1;0;1;0;1;2;-20,138397;-40,292213;SPRF-ES;DEL02-ES;UOP01-DEL02-ES
589488;24/03/2024;domingo;16:40:00;ES;101;389,5;RIO NOVO DO SUL;Reação tardia ou ineficiente do condutor;Saída de leito carroçável;Com Vítimas Feridas;Pleno dia;Decrescente;Nublado;Simples;Curva;Não;2;0;1;1;0;0;2;1;-20,86208093;-40,88062015;SPRF-ES;DEL03-ES;UOP02-DEL03-ES
589489;24/03/2024;domingo;16:35:00;SC;470;34,7;GASPAR;Ausência de reação do condutor;Saída de leito carroçável;Com Vítimas Feridas;Pleno dia;Crescente;Nublado;Dupla;"Reta;Em Obras";Não;2;0;2;0;0;0;2;1;-26,910646;-48,949341;SPRF-SC;DEL04-SC;UOP01-DEL04-SC
589490;17/03/2024;domingo;06:50:00;RO;364;319;PRESIDENTE MEDICI;Ingestão de álcool pelo condutor;Saída de leito carroçável;Com Vítimas Feridas;Pleno dia;Decrescente;Céu Claro;Simples;"Reta;Declive";Não;1;0;1;0;0;0;1;1;-11,07734218;-61,91897733;SPRF-RO;DEL02-RO;UOP01-DEL02-RO
589491;24/03/2024;domingo;14:40:00;RS;470;280;SAO JOSE DO SUL;Reação tardia ou ineficiente do condutor;Saída de leito carroçável;Com Vítimas Feridas;Pleno dia;Decrescente;Céu Claro;Simples;Reta;Não;3;0;2;0;1;0;2;1;-29,592067;-51,47719896;SPRF-RS;DEL06-RS;UOP01-DEL06-RS
589492;24/03/2024;domingo;16:00:00;PR;163;217,8;CASCAVEL;Manobra de mudança de faixa;Colisão lateral mesmo sentido;Com Vítimas Feridas;Pleno dia;Crescente;Céu Claro;Dupla;Reta;Não;3;0;1;0;2;0;1;2;-24,897235;-53,533793;SPRF-PR;DEL04-PR;UOP01-DEL04-PR
589494;24/03/2024;domingo;16:50:00;ES;262;1;CARIACICA;Manobra de mudança de faixa;Colisão lateral mesmo sentido;Com Vítimas Feridas;Pleno dia;Decrescente;Nublado;Dupla;Reta;Sim;3;0;2;0;1;0;2;2;-20,32955204;-40,35492602;SPRF-ES;DEL01-ES;UOP01-DEL01-ES
589496;24/03/2024;domingo;17:45:00;MG;262;37;MANHUACU;Acessar a via sem observar a presença dos outros veículos;Atropelamento de Pedestre;Com Vítimas Feridas;Anoitecer;Crescente;Chuva;Simples;Rotatória;Não;2;0;1;0;1;0;1;2;-20,25748975;-42,03048732;SPRF-MG;DEL06-MG;UOP03-DEL06-MG
589497;07/03/2024;quinta-feira;13:32:00;SC;470;168;POUSO REDONDO;Acessar a via sem observar a presença dos outros veículos;Colisão transversal;Com Vítimas Feridas;Pleno dia;Decrescente;Nublado;Simples;Reta;Não;2;0;0;1;1;0;1;2;-27,266994;-49,872524;SPRF-SC;DEL04-SC;UOP02-DEL04-SC
589498;24/03/2024;domingo;16:00:00;MA;135;20;SAO LUIS;Ausência de reação do condutor;Saída de leito carroçável;Sem Vítimas;Pleno dia;Crescente;Chuva;Dupla;"Reta;Aclive";Sim;1;0;0;0;0;1;0;1;-2,73143875;-44,33163334;SPRF-MA;DEL01-MA;UOP01-DEL01-MA