id;data_inversa;dia_semana;horario;uf;br;km;municipio;causa_acidente;tipo_acidente;classificacao_acidente;fase_dia;sentido_via;condicao_metereologica;tipo_pista;tracado_via;uso_solo;pessoas;mortos;feridos_leves;feridos_graves;ilesos;ignorados;feridos;veiculos;latitude;longitude;regional;delegacia;uop
589614;25/03/2024;segunda-feira;06:45:00;MT;163;828;SINOP;Ausência de reação do condutor;Queda de ocupante de veículo;Com Vítimas Feridas;Pleno dia;Crescente;Chuva;Dupla;Reta;Sim;2;0;1;1;0;0;2;1;-12,049672;-55,51738084;SPRF-MT;DEL06-MT;UOP02-DEL06-MT
589615;25/03/2024;segunda-feira;08:30:00;PR;277;1;FOZ DO IGUACU;Trafegar com motocicleta (ou similar) entre as faixas;Colisão traseira;Com Vítimas Feridas;Pleno dia;Crescente;Céu Claro;Dupla;Reta;Sim;3;0;1;0;2;0;1;3;-25,49716074;-54,58359718;SPRF-PR;DEL05-PR;UOP03-DEL05-PR
589616;25/03/2024;segunda-feira;08:20:00;MG;381;486;BETIM;Manobra de mudança de faixa;Colisão lateral mesmo sentido;Com Vítimas Feridas;Pleno dia;Decrescente;Céu Claro;Dupla;Reta;Não;2;0;1;0;1;0;1;2;-19,95659361;-44,12622893;SPRF-MG;DEL01-MG;UOP03-DEL01-MG
589619;25/03/2024;segunda-feira;06:45:00;RJ;40;114;DUQUE DE CAXIAS;Avarias e/ou desgaste excessivo no pneu;Tombamento;Com Vítimas Feridas;Pleno dia;Decrescente;Céu Claro;Dupla;Reta;Não;2;0;1;0;1;0;1;1;-22,71853604;-43,28993324;SPRF-RJ;DEL01-RJ;UOP02-DEL01-RJ
589621;25/03/2024;segunda-feira;07:20:00;RJ;40;106;DUQUE DE CAXIAS;Transitar na contramão;Colisão frontal;Com Vítimas Feridas;Pleno dia;Crescente;Céu Claro;Simples;Reta;Não;2;0;1;0;1;0;1;2;-22,64679;-43,283726;SPRF-RJ;DEL01-RJ;UOP02-DEL01-RJ
589622;25/03/2024;segunda-feira;08:00:00;PR;277;593,6;CASCAVEL;Acessar a via sem observar a presença dos outros veículos;Colisão transversal;Com Vítimas Feridas;Pleno dia;Decrescente;Céu Claro;Dupla;"Interseção de Vias;Reta";Sim;2;0;0;1;1;0;1;2;-24,98082053;-53,48254989;SPRF-PR;DEL04-PR;UOP01-DEL04-PR
589623;25/03/2024;segunda-feira;08:15:00;SP;101;46;UBATUBA;Ultrapassagem Indevida;Colisão lateral mesmo sentido;Com Vítimas Feridas;Pleno dia;Decrescente;Nublado;Simples;Reta;Sim;2;0;1;0;1;0;1;2;-23,42403383;-45,07492113;SPRF-SP;DEL06-SP;UOP01-DEL06-SP
589624;25/03/2024;segunda-feira;07:13:00;DF;20;15;BRASILIA;Reação tardia ou ineficiente do condutor;Saída de leito carroçável;Sem Vítimas;Amanhecer;Crescente;Garoa/Chuvisco;Dupla;"Reta;Declive";Não;1;0;0;0;0;1;0;1;-15,616901;-47,708927;SPRF-DF;DEL02-DF;UOP01-DEL02-DF
589625;23/03/2024;sábado;16:10:00;SC;153;77,9;IRANI;Ingestão de álcool pelo condutor;Atropelamento de Pedestre;Com Vítimas Fatais;Pleno dia;Decrescente;Céu Claro;Simples;Reta;Não;2;1;0;0;1;0;0;2;-27,097824;-51,899704;SPRF-SC;DEL07-SC;UOP04-DEL07-SC
589626;26/02/2024;segunda-feira;13:15:00;MG;40;464;SETE LAGOAS;Demais falhas mecânicas ou elétricas;Queda de ocupante de veículo;Com Vítimas Feridas;Pleno dia;Decrescente;Céu Claro;Dupla;"Declive;Reta";Não;2;0;2;0;0;0;2;1;-19,44001133;-44,32902759;SPRF-MG;DEL02-MG;UOP01-DEL02-MG
589627;25/03/2024;segunda-feira;07:30:00;SE;101;120,5;ITAPORANGA DAJUDA;Manobra de mudança de faixa;Colisão lateral mesmo sentido;Com Vítimas Feridas;Pleno dia;Crescente;Nublado;Dupla;"Reta;Aclive";Não;3;0;1;0;2;0;1;2;-11,03651889;-37,33849803;SPRF-SE;DEL02-SE;UOP01-DEL02-SE
589628;25/03/2024;segunda-feira;08:10:00;SC;282;70,1;RANCHO QUEIMADO;Manobra de mudança de faixa;Colisão lateral mesmo sentido;Com Vítimas Feridas;Pleno dia;Crescente;Céu Claro;Simples;"Curva;Aclive";Sim;2;0;1;0;0;1;1;2;-27,692705;-49,091351;SPRF-SC;DEL01-SC;UOP03-DEL01-SC
589629;23/03/2024;sábado;18:48:00;RS;116;40,3;VACARIA;Acessar a via sem observar a presença dos outros veículos;Colisão transversal;Com Vítimas Feridas;Anoitecer;Crescente;Céu Claro;Simples;Interseção de Vias;Sim;2;0;0;1;1;0;1;2;-28,5211833;-50,94264865;SPRF-RS;DEL05-RS;UOP03-DEL05-RS
589630;25/03/2024;segunda-feira;10:10:00;MG;381;486;BETIM;Reação tardia ou ineficiente do condutor;Engavetamento;Com Vítimas Feridas;Pleno dia;Decrescente;Céu Claro;Múltipla;Reta;Sim;4;0;1;0;3;0;1;4;-19,95644414;-44,13611598;SPRF-MG;DEL01-MG;UOP03-DEL01-MG
589631;25/03/2024;segunda-feira;10:15:00;SP;116;279,1;EMBU DAS ARTES;Ausência de reação do condutor;Colisão traseira;Com Vítimas Feridas;Pleno dia;Crescente;Sol;Dupla;Reta;Sim;2;0;1;0;1;0;1;2;-23,66233697;-46,85292907;SPRF-SP;DEL04-SP;UOP01-DEL04-SP
589632;25/03/2024;segunda-feira;07:30:00;SC;101;130;BALNEARIO CAMBORIU;Trafegar com motocicleta (ou similar) entre as faixas;Colisão traseira;Com Vítimas Feridas;Pleno dia;Decrescente;Céu Claro;Dupla;Reta;Sim;2;0;1;0;1;0;1;2;-26,98407618;-48,66977107;SPRF-SC;DEL04-SC;UOP03-DEL04-SC
589633;25/03/2024;segunda-feira;10:55:00;PB;230;22;JOAO PESSOA;Ausência de reação do condutor;Colisão traseira;Com Vítimas Feridas;Pleno dia;Crescente;Céu Claro;Dupla;"Reta;Viaduto";Sim;2;0;0;1;1;0;1;2;-7,16491653;-34,86255884;SPRF-PB;DEL01-PB;UOP01-DEL01-PB
589637;25/03/2024;segunda-feira;09:30:00;MG;116;116,9;ITAOBIM;Ausência de reação do condutor;Colisão lateral mesmo sentido;Com Vítimas Feridas;Pleno dia;Decrescente;Sol;Simples;Interseção de Vias;Sim;4;0;1;0;3;0;1;2;-16,5753;-41,50433;SPRF-MG;DEL11-MG;UOP02-DEL11-MG
589639;25/03/2024;segunda-feira;07:00:00;SC;280;259;CANOINHAS;Reação tardia ou ineficiente do condutor;Saída de leito carroçável;Com Vítimas Feridas;Pleno dia;Crescente;Céu Claro;Simples;Reta;Não;1;0;1;0;0;0;1;1;-26,263;-50,622;SPRF-SC;DEL06-SC;UOP04-DEL06-SC
589640;25/03/2024;segunda-feira;08:51:00;PE;232;459;SAO JOSE DO BELMONTE;Acessar a via sem observar a presença dos outros veículos;Colisão lateral sentido oposto;Com Vítimas Feridas;Pleno dia;Crescente;Céu Claro;Simples;"Reta;Interseção de Vias";Não;2;0;0;1;0;1;1;2;-8,02113421;-38,70989799;SPRF-PE;DEL05-PE;UOP01-DEL05-PE
589642;25/03/2024;segunda-feira;11:35:00;SP;153;256,2;MARILIA;Acumulo de óleo sobre o pavimento;Tombamento;Com Vítimas Feridas;Pleno dia;Decrescente;Nublado;Dupla;Rotatória;Sim;2;0;2;0;0;0;2;1;-22,2381209;-49,91899967;SPRF-SP;DEL07-SP;UOP02-DEL07-SP
589643;25/03/2024;segunda-feira;10:30:00;MS;163;372,3;NOVA ALVORADA DO SUL;Demais falhas mecânicas ou elétricas;Capotamento;Com Vítimas Feridas;Pleno dia;Decrescente;Sol;Dupla;Reta;Não;2;0;1;0;1;0;1;1;-21,40851284;-54,39788682;SPRF-MS;DEL02-MS;UOP01-DEL02-MS
589644;10/02/2024;sábado;16:00:00;AM;174;918;MANAUS;Demais falhas mecânicas ou elétricas;Queda de ocupante de veículo;Com Vítimas Feridas;Pleno dia;Decrescente;Céu Claro;Simples;"Aclive;Reta";Não;2;0;1;1;0;0;2;1;-2,67437803;-60,04620579;SPRF-AM;DEL01-AM;UOP01-DEL01-AM
589645;17/03/2024;domingo;20:10:00;MS;163;20;MUNDO NOVO;Reação tardia ou ineficiente do condutor;Colisão traseira;Sem Vítimas;Plena Noite;Crescente;Garoa/Chuvisco;Simples;Reta;Sim;3;0;0;0;3;0;0;2;-23,92529776;-54,2835309;SPRF-MS;DEL09-MS;UOP02-DEL09-MS
589646;25/03/2024;segunda-feira;11:16:00;PI;343;345;TERESINA;Conversão proibida;Colisão transversal;Com Vítimas Feridas;Pleno dia;Decrescente;Céu Claro;Dupla;Interseção de Vias;Sim;4;0;0;1;3;0;1;3;-5,102889;-42,766506;SPRF-PI;DEL01-PI;UOP01-DEL01-PI
589647;25/03/2024;segunda-feira;11:40:00;PA;230;117;MARABA;Ausência de reação do condutor;Colisão traseira;Com Vítimas Feridas;Pleno dia;Decrescente;Chuva;Dupla;Reta;Sim;3;0;1;0;2;0;1;3;-5,35038083;-49,10325408;SPRF-PA;DEL03-PA;UOP01-DEL03-PA
589649;25/03/2024;segunda-feira;11:40:00;MG;381;510;SAO JOAQUIM DE BICAS;Ausência de reação do condutor;Tombamento;Com Vítimas Feridas;Pleno dia;Crescente;Nublado;Dupla;Reta;Sim;1;0;1;0;0;0;1;1;-20,05278683;-44,28236961;SPRF-MG;DEL01-MG;UOP03-DEL01-MG
589651;25/03/2024;segunda-feira;06:30:00;PI;343;119;PIRACURUCA;Animais na Pista;Atropelamento de Animal;Com Vítimas Feridas;Pleno dia;Decrescente;Céu Claro;Simples;Reta;Não;5;0;1;0;4;0;1;1;-3,735152;-41,682323;SPRF-PI;DEL02-PI;UOP01-DEL02-PI
589652;25/03/2024;segunda-feira;11:50:00;SP;153;81,3;BADY BASSITT;Mal súbito do condutor;Colisão com objeto;Com Vítimas Feridas;Pleno dia;Decrescente;Céu Claro;Dupla;"Declive;Curva";Não;1;0;1;0;0;0;1;1;-20,91158008;-49,48946098;SPRF-SP;DEL09-SP;UOP01-DEL09-SP
589653;25/03/2024;segunda-feira;11:40:00;RJ;116;141;DUQUE DE CAXIAS;Condutor deixou de manter distância do veículo da frente;Colisão lateral mesmo sentido;Com Vítimas Feridas;Pleno dia;Decrescente;Céu Claro;Simples;Reta;Sim;2;0;1;0;1;0;1;2;-22,64724486;-43,22083001;SPRF-RJ;DEL01-RJ;UOP02-DEL01-RJ
589656;25/03/2024;segunda-feira;12:00:00;RS;116;150;CAXIAS DO SUL;Manobra de mudança de faixa;Tombamento;Com Vítimas Feridas;Pleno dia;Crescente;Céu Claro;Dupla;"Curva;Retorno Regulamentado";Sim;2;0;1;0;1;0;1;2;-29,16852903;-51,15865231;SPRF-RS;DEL05-RS;UOP01-DEL05-RS
589660;25/03/2024;segunda-feira;12:29:00;RO;425;117;GUAJARA-MIRIM;Ausência de reação do condutor;Colisão traseira;Com Vítimas Feridas;Pleno dia;Crescente;Céu Claro;Dupla;Reta;Sim;3;0;1;0;2;0;1;2;-10,558484;-65,326225;SPRF-RO;DEL01-RO;UOP03-DEL01-RO
589662;25/03/2024;segunda-feira;12:55:00;ES;101;295;CARIACICA;Acumulo de óleo sobre o pavimento;Tombamento;Com Vítimas Feridas;Pleno dia;Crescente;Céu Claro;Dupla;Curva;Não;1;0;1;0;0;0;1;1;-20,33223667;-40,40004683;SPRF-ES;DEL01-ES;UOP01-DEL01-ES
589666;25/03/2024;segunda-feira;11:30:00;BA;101;53;ENTRE RIOS;Demais falhas mecânicas ou elétricas;Saída de leito carroçável;Com Vítimas Feridas;Pleno dia;Crescente;Céu Claro;Dupla;Reta;Não;3;0;2;0;1;0;2;1;-11,93856313;-38,05623282;SPRF-BA;DEL01-BA;UOP04-DEL01-BA
589667;25/03/2024;segunda-feira;12:30:00;MT;70;2;BARRA DO GARCAS;Conversão proibida;Colisão transversal;Com Vítimas Feridas;Pleno dia;Decrescente;Céu Claro;Simples;"Declive;Reta";Sim;2;0;1;0;1;0;1;2;-15,88749699;-52,26810568;SPRF-MT;DEL07-MT;UOP01-DEL07-MT
589668;25/03/2024;segunda-feira;08:30:00;MT;174;117;MIRASSOL DOESTE;Ultrapassagem Indevida;Capotamento;Com Vítimas Feridas;Pleno dia;Decrescente;Céu Claro;Simples;Reta;Não;1;0;1;0;0;0;1;1;-15,82213595;-58,023464;SPRF-MT;DEL03-MT;UOP01-DEL03-MT
589672;02/02/2024;sexta-feira;10:17:00;RS;290;59,5;GRAVATAI;Ausência de reação do condutor;Colisão lateral mesmo sentido;Com Vítimas Feridas;Pleno dia;Decrescente;Céu Claro;Dupla;Reta;Não;7;0;1;1;5;0;2;3;-29,922428;-50,84845;SPRF-RS;DEL03-RS;UOP01-DEL03-RS
589673;25/03/2024;segunda-feira;10:20:00;SC;470;156;TROMBUDO CENTRAL;Acessar a via sem observar a presença dos outros veículos;Colisão transversal;Com Vítimas Feridas;Pleno dia;Decrescente;Céu Claro;Simples;Reta;Sim;2;0;2;0;0;0;2;2;-27,281332;-49,760201;SPRF-SC;DEL04-SC;UOP02-DEL04-SC
589675;25/03/2024;segunda-feira;13:30:00;MS;163;485,9;CAMPO GRANDE;Condutor usando celular;Colisão traseira;Com Vítimas Feridas;Pleno dia;Decrescente;Céu Claro;Simples;"Reta;Aclive";Sim;3;0;1;0;2;0;1;2;-20,434747;-54,543522;SPRF-MS;DEL01-MS;UOP02-DEL01-MS
589676;25/03/2024;segunda-feira;14:00:00;PR;116;126;FAZENDA RIO GRANDE;Ausência de reação do condutor;Colisão traseira;Com Vítimas Feridas;Pleno dia;Decrescente;Sol;Dupla;Reta;Sim;2;0;0;1;1;0;1;2;-25,63716411;-49,31311011;SPRF-PR;DEL01-PR;UOP03-DEL01-PR
589680;25/03/2024;segunda-feira;13:00:00;PR;277;0,5;PARANAGUA;Pedestre cruzava a pista fora da faixa;Colisão traseira;Com Vítimas Feridas;Pleno dia;Crescente;Céu Claro;Dupla;Reta;Sim;2;0;2;0;0;0;2;2;-25,55597084;-48,56162488;SPRF-PR;DEL01-PR;UOP05-DEL01-PR
589682;25/03/2024;segunda-feira;13:30:00;MS;262;703,5;CORUMBA;Ausência de reação do condutor;Saída de leito carroçável;Com Vítimas Feridas;Pleno dia;Crescente;Céu Claro;Simples;Reta;Não;2;0;0;2;0;0;2;1;-19,54241708;-57,40139909;SPRF-MS;DEL03-MS;UOP03-DEL03-MS
589685;25/03/2024;segunda-feira;14:40:00;SC;280;58,6;GUARAMIRIM;Condutor deixou de manter distância do veículo da frente;Colisão traseira;Com Vítimas Feridas;Pleno dia;Decrescente;Céu Claro;Dupla;Reta;Não;2;0;1;0;1;0;1;2;-26,47525778;-49,03098916;SPRF-SC;DEL03-SC;UOP03-DEL03-SC
589686;25/03/2024;segunda-feira;08:10:00;SC;282;209;LAGES;Ultrapassagem Indevida;Colisão frontal;Com Vítimas Feridas;Pleno dia;Crescente;Céu Claro;Simples;"Declive;Reta";Não;3;0;1;1;1;0;2;2;-27,776926;-50,221893;SPRF-SC;DEL05-SC;UOP01-DEL05-SC
589694;26/02/2024;segunda-feira;22:24:00;PR;487;31;ICARAIMA;Animais na Pista;Atropelamento de Animal;Com Vítimas Feridas;Plena Noite;Crescente;Céu Claro;Simples;"Interseção de Vias;Reta";Não;5;0;1;0;4;0;1;1;-23,41299797;-53,56834397;SPRF-PR;DEL06-PR;UOP03-DEL06-PR
589696;25/03/2024;segunda-feira;12:30:00;AL;101;51;FLEXEIRAS;Reação tardia ou ineficiente do condutor;Saída de leito carroçável;Com Vítimas Feridas;Pleno dia;Decrescente;Garoa/Chuvisco;Dupla;Curva;Não;1;0;1;0;0;0;1;1;-9,241987;-35,760014;SPRF-AL;DEL01-AL;UOP02-DEL01-AL
589697;25/03/2024;segunda-feira;16:00:00;PE;232;111,7;BEZERROS;Condutor Dormindo;Colisão com objeto;Com Vítimas Feridas;Pleno dia;Decrescente;Céu Claro;Dupla;Curva;Não;3;0;2;0;1;0;2;1;-8,29691871;-35,82936021;SPRF-PE;DEL02-PE;UOP02-DEL02PE
589698;25/03/2024;segunda-feira;14:50:00;MG;50;194;DELTA;Chuva;Colisão lateral mesmo sentido;Com Vítimas Feridas;Pleno dia;Crescente;Chuva;Dupla;"Declive;Reta";Não;3;0;1;0;2;0;1;2;-19,887439;-47,848374;SPRF-MG;DEL13-MG;UOP01-DEL13-MG
589701;25/03/2024;segunda-feira;16:00:00;RN;406;151;CEARA-MIRIM;Condutor deixou de manter distância do veículo da frente;Colisão traseira;Com Vítimas Feridas;Pleno dia;Decrescente;Céu Claro;Simples;Reta;Sim;3;0;2;0;1;0;2;2;-5,65094554;-35,42341594;SPRF-RN;DEL02-RN;UOP01-DEL02-RN
589703;25/03/2024;segunda-feira;16:40:00;PR;369;187;ARAPONGAS;Ausência de reação do condutor;Colisão transversal;Com Vítimas Feridas;Pleno dia;Crescente;Céu Claro;Simples;"Reta;Interseção de Vias";Sim;2;0;1;0;1;0;1;2;-23,42597736;-51,42334878;SPRF-PR;DEL07-PR;UOP03-DEL07-PR
589705;25/03/2024;segunda-feira;16:00:00;ES;259;57;COLATINA;Ausência de reação do condutor;Queda de ocupante de veículo;Sem Vítimas;Pleno dia;Crescente;Céu Claro;Simples;Interseção de Vias;Não;1;0;0;0;0;1;0;1;-19,50865703;-40,65581416;SPRF-ES;DEL02-ES;UOP01-DEL02-ES
589706;25/03/2024;segunda-feira;15:48:00;PE;101;49,9;ABREU E LIMA;Desrespeitar a preferência no cruzamento;Colisão lateral mesmo sentido;Com Vítimas Feridas;Pleno dia;Crescente;Céu Claro;Múltipla;"Reta;Interseção de Vias";Sim;3;0;1;0;2;0;1;2;-7,9005152;-34,90180641;SPRF-PE;DEL01-PE;UOP02-DEL01-PE
589707;25/03/2024;segunda-feira;15:35:00;BA;324;593;CANDEIAS;Frear bruscamente;Queda de ocupante de veículo;Com Vítimas Feridas;Pleno dia;Decrescente;Chuva;Dupla;Reta;Não;1;0;1;0;0;0;1;1;-12,69890302;-38,46419428;SPRF-BA;DEL01-BA;UOP01-DEL01-BA
589709;25/03/2024;segunda-feira;17:00:00;BA;324;530;FEIRA DE SANTANA;Acessar a via sem observar a presença dos outros veículos;Colisão traseira;Com Vítimas Feridas;Anoitecer;Crescente;Nublado;Dupla;"Retorno Regulamentado;Reta";Não;2;0;1;0;1;0;1;2;-12,338112;-38,853096;SPRF-BA;DEL01-BA;UOP03-DEL01-BA
589710;25/03/2024;segunda-feira;17:40:00;ES;101;266;SERRA;Acessar a via sem observar a presença dos outros veículos;Colisão lateral mesmo sentido;Com Vítimas Feridas;Anoitecer;Crescente;Céu Claro;Dupla;Reta;Sim;3;0;2;0;0;1;2;3;-20,190199;-40,26828891;SPRF-ES;DEL02-ES;UOP01-DEL02-ES
589711;25/03/2024;segunda-feira;18:20:00;SP;116;148;SAO JOSE DOS CAMPOS;Manobra de mudança de faixa;Colisão traseira;Com Vítimas Feridas;Anoitecer;Decrescente;Nublado;Dupla;Reta;Não;2;0;1;0;1;0;1;2;-23,20067421;-45,8795018;SPRF-SP;DEL02-SP;UOP01-DEL02-SP
589712;25/03/2024;segunda-feira;18:00:00;ES;101;299;VIANA;Problema na suspensão;Tombamento;Com Vítimas Feridas;Plena Noite;Crescente;Céu Claro;Múltipla;Reta;Sim;2;0;1;1;0;0;2;1;-20,35860628;-40,42327504;SPRF-ES;DEL01-ES;UOP01-DEL01-ES
589713;25/03/2024;segunda-feira;16:30:00;PE;423;74,7;JUCATI;Retorno proibido;Colisão transversal;Com Vítimas Feridas;Pleno dia;Crescente;Sol;Simples;Reta;Não;4;0;3;0;0;1;3;2;-8,71781039;-36,42290446;SPRF-PE;DEL03-PE;UOP01-DEL03-PE
589714;25/03/2024;segunda-feira;18:30:00;RJ;493;13;GUAPIMIRIM;Transitar na contramão;Colisão frontal;Com Vítimas Feridas;Plena Noite;Crescente;Chuva;Dupla;Reta;Não;2;0;1;0;1;0;1;2;-22,67551484;-42,97451889;SPRF-RJ;DEL04-RJ;UOP02-DEL04-RJ
589715;25/03/2024;segunda-feira;18:30:00;RJ;116;101,8;GUAPIMIRIM;Chuva;Saída de leito carroçável;Com Vítimas Feridas;Anoitecer;Crescente;Chuva;Simples;"Curva;Declive";Não;1;0;1;0;0;0;1;1;-22,49374115;-43,00365418;SPRF-RJ;DEL04-RJ;UOP01-DEL04-RJ
589716;25/03/2024;segunda-feira;17:50:00;PR;376;515,9;PONTA GROSSA;Reação tardia ou ineficiente do condutor;Saída de leito carroçável;Com Vítimas Feridas;Pleno dia;Crescente;Céu Claro;Dupla;Reta;Não;1;0;1;0;0;0;1;1;-25,25340423;-50,01659989;SPRF-PR;DEL03-PR;UOP04-DEL03-PR
589717;25/03/2024;segunda-feira;16:20:00;RJ;40;67;PETROPOLIS;Chuva;Colisão com objeto;Com Vítimas Feridas;Pleno dia;Decrescente;Chuva;Dupla;"Curva;Declive";Não;1;0;1;0;0;0;1;1;-22,43674775;-43,1756712;SPRF-RJ;DEL05-RJ;UOP02-DEL05-RJ
589721;25/03/2024;segunda-feira;18:05:00;PB;230;0,6;CABEDELO;Ingestão de álcool pelo condutor;Colisão frontal;Sem Vítimas;Plena Noite;Crescente;Céu Claro;Simples;Reta;Sim;2;0;0;0;2;0;0;2;-6,972098;-34,833607;SPRF-PB;DEL01-PB;UOP01-DEL01-PB
589722;21/03/2024;quinta-feira;10:40:00;BA;324;616;SALVADOR;Demais falhas mecânicas ou elétricas;Queda de ocupante de veículo;Com Vítimas Feridas;Pleno dia;Crescente;Céu Claro;Dupla;Reta;Não;2;0;1;0;1;0;1;1;-12,87957905;-38,43213893;SPRF-BA;DEL01-BA;UOP01-DEL01-BA
589723;25/03/2024;segunda-feira;18:26:00;PI;343;314;ALTOS;Chuva;Saída de leito carroçável;Com Vítimas Feridas;Plena Noite;Decrescente;Chuva;Simples;Reta;Não;1;0;1;0;0;0;1;1;-5,046359673;-42,51087282;SPRF-PI;DEL01-PI;UOP01-DEL01-PI
589724;25/03/2024;segunda-feira;18:10:00;RS;116;1;PORTO ALEGRE;Ausência de reação do condutor;Colisão traseira;Com Vítimas Feridas;Pleno dia;Decrescente;Céu Claro;Dupla;Reta;Não;2;0;1;0;1;0;1;2;-30,033535;-51,230453;SPRF-RS;DEL01-RS;UOP01-DEL01-RS
589726;25/03/2024;segunda-feira;17:35:00;RS;116;144,2;CAXIAS DO SUL;Pista esburacada;Colisão traseira;Com Vítimas Feridas;Pleno dia;Crescente;Céu Claro;Dupla;"Interseção de Vias;Em Obras;Reta";Sim;2;0;2;0;0;0;2;2;-29,133498;-51,12970818;SPRF-RS;DEL05-RS;UOP01-DEL05-RS
589728;25/03/2024;segunda-feira;18:45:00;PR;163;152,6;SANTA LUCIA;Acesso irregular;Colisão transversal;Com Vítimas Feridas;Anoitecer;Crescente;Céu Claro;Dupla;"Em Obras;Aclive;Reta";Não;2;0;0;1;1;0;1;2;-25,37614199;-53,57487452;SPRF-PR;DEL05-PR;UOP05-DEL05-PR
589729;25/03/2024;segunda-feira;14:00:00;RR;432;111;CANTA;Demais falhas na via;Tombamento;Com Vítimas Feridas;Pleno dia;Crescente;Céu Claro;Simples;Ponte;Não;1;0;0;1;0;0;1;1;2,05230407;-60,6528841;SPRF-RR;DEL01-RR;UOP01-DEL01-RR
589730;25/03/2024;segunda-feira;20:00:00;BA;324;623;SALVADOR;Demais falhas mecânicas ou elétricas;Queda de ocupante de veículo;Com Vítimas Feridas;Plena Noite;Crescente;Nublado;Múltipla;Reta;Sim;2;0;1;0;1;0;1;1;-12,92628699;-38,46838679;SPRF-BA;DEL01-BA;UOP01-DEL01-BA
589734;25/03/2024;segunda-feira;20:20:00;RJ;40;28,3;TRES RIOS;Ausência de reação do condutor;Colisão traseira;Com Vítimas Feridas;Plena Noite;Crescente;Chuva;Dupla;Reta;Sim;4;0;2;0;2;0;2;2;-22,17077715;-43,16190391;SPRF-RJ;DEL05-RJ;UOP02-DEL05-RJ
589735;25/03/2024;segunda-feira;15:50:00;SC;101;131;BALNEARIO CAMBORIU;Ausência de reação do condutor;Tombamento;Com Vítimas Feridas;Pleno dia;Crescente;Céu Claro;Simples;Reta;Sim;1;0;1;0;0;0;1;1;-26,99064209;-48,66310912;SPRF-SC;DEL04-SC;UOP03-DEL04-SC
589738;25/03/2024;segunda-feira;18:55:00;RO;364;17;VILHENA;Pedestre andava na pista;Atropelamento de Pedestre;Com Vítimas Feridas;Anoitecer;Crescente;Garoa/Chuvisco;Simples;Reta;Não;3;0;2;0;0;1;2;2;-12,73207998;-60,16589399;SPRF-RO;DEL04-RO;UOP01-DEL04-RO
589739;25/03/2024;segunda-feira;19:30:00;PR;277;95,3;CURITIBA;Manobra de mudança de faixa;Colisão lateral mesmo sentido;Com Vítimas Feridas;Plena Noite;Crescente;Nublado;Dupla;Reta;Sim;2;0;1;0;1;0;1;2;-25,54838443;-49,28586717;SPRF-PR;DEL01-PR;UOP06-DEL01-PR
589741;25/03/2024;segunda-feira;19:00:00;SC;470;15;ILHOTA;Reação tardia ou ineficiente do condutor;Tombamento;Com Vítimas Feridas;Plena Noite;Crescente;Nublado;Dupla;Reta;Não;1;0;1;0;0;0;1;1;-26,839785;-48,785534;SPRF-SC;DEL04-SC;UOP04-DEL04-SC
589742;25/03/2024;segunda-feira;18:30:00;RJ;101;487;ANGRA DOS REIS;Acessar a via sem observar a presença dos outros veículos;Colisão transversal;Com Vítimas Feridas;Plena Noite;Crescente;Chuva;Simples;Reta;Sim;2;0;1;0;1;0;1;2;-22,96828891;-44,29864663;SPRF-RJ;DEL03-RJ;UOP03-DEL03-RJ
589743;25/03/2024;segunda-feira;19:30:00;RS;116;240;NOVO HAMBURGO;Iluminação deficiente;Atropelamento de Pedestre;Com Vítimas Feridas;Plena Noite;Crescente;Céu Claro;Dupla;"Reta;Em Obras";Sim;3;0;2;0;0;1;2;2;-29,70496497;-51,14676523;SPRF-RS;DEL01-RS;UOP02-DEL01-RS
589744;25/03/2024;segunda-feira;19:40:00;RS;116;256,5;ESTEIO;Pedestre cruzava a pista fora da faixa;Atropelamento de Pedestre;Com Vítimas Feridas;Plena Noite;Decrescente;Céu Claro;Dupla;Reta;Sim;3;0;0;1;2;0;1;3;-29,84414582;-51,1774128;SPRF-RS;DEL01-RS;UOP02-DEL01-RS
589745;08/03/2024;sexta-feira;21:10:00;RN;110;51,2;MOSSORO;Deixar de acionar o farol da motocicleta (ou similar);Colisão frontal;Com Vítimas Feridas;Plena Noite;Crescente;Céu Claro;Simples;Reta;Sim;3;0;3;0;0;0;3;2;-5,22684393;-37,33197037;SPRF-RN;DEL04-RN;UOP01-DEL04-RN
589746;25/03/2024;segunda-feira;19:53:00;RJ;101;296;ITABORAI;Entrada inopinada do pedestre;Atropelamento de Pedestre;Com Vítimas Feridas;Plena Noite;Crescente;Chuva;Múltipla;Curva;Sim;2;0;0;1;1;0;1;2;-22,7670498;-42,91019601;SPRF-RJ;DEL02-RJ;UOP02-DEL02-RJ
589747;25/03/2024;segunda-feira;19:00:00;RO;364;424;JARU;Acessar a via sem observar a presença dos outros veículos;Colisão transversal;Com Vítimas Feridas;Plena Noite;Crescente;Chuva;Dupla;Reta;Sim;2;0;1;0;1;0;1;2;-10,44457274;-62,46568412;SPRF-RO;DEL03-RO;UOP02-DEL03-RO
589749;25/03/2024;segunda-feira;10:00:00;RJ;116;251;PIRAI;Velocidade Incompatível;Saída de leito carroçável;Com Vítimas Feridas;Pleno dia;Crescente;Nublado;Dupla;Curva;Não;1;0;1;0;0;0;1;1;-22,58482223;-43,95961921;SPRF-RJ;DEL07-RJ;UOP01-DEL07-RJ