id;data_inversa;dia_semana;horario;uf;br;km;municipio;causa_acidente;tipo_acidente;classificacao_acidente;fase_dia;sentido_via;condicao_metereologica;tipo_pista;tracado_via;uso_solo;pessoas;mortos;feridos_leves;feridos_graves;ilesos;ignorados;feridos;veiculos;latitude;longitude;regional;delegacia;uop
589751;25/03/2024;segunda-feira;21:40:00;PR;116;91;PIRAQUARA;Ausência de reação do condutor;Queda de ocupante de veículo;Com Vítimas Feridas;Plena Noite;Decrescente;Nublado;Múltipla;Reta;Não;2;0;1;0;1;0;1;1;-25,50185493;-49,12055969;SPRF-PR;DEL01-PR;UOP07-DEL01-PR
589752;25/03/2024;segunda-feira;19:20:00;SC;101;333,7;TUBARAO;Desrespeitar a preferência no cruzamento;Colisão transversal;Com Vítimas Feridas;Plena Noite;Decrescente;Céu Claro;Dupla;"Interseção de Vias;Rotatória";Sim;2;0;1;0;1;0;1;2;-28,46967217;-49,01498795;SPRF-SC;DEL02-SC;UOP01-DEL02-SC
589753;25/03/2024;segunda-feira;22:26:00;ES;262;18,9;VIANA;Acesso irregular;Colisão frontal;Com Vítimas Feridas;Plena Noite;Crescente;Céu Claro;Simples;Reta;Sim;2;0;1;0;1;0;1;2;-20,39137228;-40,48080285;SPRF-ES;DEL01-ES;UOP01-DEL01-ES
589754;25/03/2024;segunda-feira;21:50:00;MS;262;407;TERENOS;Reação tardia ou ineficiente do condutor;Colisão traseira;Com Vítimas Feridas;Plena Noite;Crescente;Nublado;Simples;Reta;Não;3;0;1;1;1;0;2;2;-20,434107;-55,086245;SPRF-MS;DEL01-MS;UOP03-DEL01-MS
589755;25/03/2024;segunda-feira;22:30:00;RS;386;297,7;POUSO NOVO;Velocidade Incompatível;Capotamento;Com Vítimas Feridas;Plena Noite;Decrescente;Céu Claro;Simples;Curva;Não;1;0;1;0;0;0;1;1;-29,14061;-52,239182;SPRF-RS;DEL04-RS;UOP01-DEL04-RS
589756;25/03/2024;segunda-feira;22:00:00;SC;101;398;MARACAJA;Demais falhas mecânicas ou elétricas;Incêndio;Sem Vítimas;Plena Noite;Crescente;Céu Claro;Simples;Reta;Não;1;0;0;0;1;0;0;1;-28,850217;-49,435273;SPRF-SC;DEL02-SC;UOP02-DEL02-SC
589757;25/03/2024;segunda-feira;20:50:00;SP;116;85;PINDAMONHANGABA;Ausência de reação do condutor;Colisão traseira;Com Vítimas Feridas;Plena Noite;Decrescente;Garoa/Chuvisco;Dupla;Reta;Não;2;0;1;0;1;0;1;2;-22,92211829;-45,34450085;SPRF-SP;DEL08-SP;UOP01-DEL08-SP
589758;27/01/2024;sábado;05:45:00;BA;101;114;ALAGOINHAS;Acessar a via sem observar a presença dos outros veículos;Colisão lateral mesmo sentido;Com Vítimas Feridas;Pleno dia;Decrescente;Chuva;Simples;Interseção de Vias;Sim;2;0;1;0;1;0;1;2;-12,16914205;-38,44644928;SPRF-BA;DEL01-BA;UOP04-DEL01-BA
589761;25/03/2024;segunda-feira;18:45:00;MT;174;153;GLORIA DOESTE;Reação tardia ou ineficiente do condutor;Colisão traseira;Com Vítimas Feridas;Plena Noite;Crescente;Chuva;Simples;Reta;Não;2;0;0;1;1;0;1;2;-15,81210083;-58,33285798;SPRF-MT;DEL03-MT;UOP01-DEL03-MT
589762;26/03/2024;terça-feira;00:15:00;RS;290;102;PORTO ALEGRE;Avarias e/ou desgaste excessivo no pneu;Capotamento;Sem Vítimas;Plena Noite;Decrescente;Céu Claro;Múltipla;Reta;Sim;2;0;0;0;2;0;0;1;-29,987228;-51,25613;SPRF-RS;DEL01-RS;UOP01-DEL01-RS
589766;26/03/2024;terça-feira;00:45:00;SC;101;326;CAPIVARI DE BAIXO;Reação tardia ou ineficiente do condutor;Capotamento;Sem Vítimas;Plena Noite;Crescente;Garoa/Chuvisco;Dupla;"Declive;Reta";Não;2;0;0;0;2;0;0;1;-28,42524483;-48,94302707;SPRF-SC;DEL02-SC;UOP01-DEL02-SC
589769;26/03/2024;terça-feira;02:40:00;MS;163;719,5;RIO VERDE DE MATO GROSSO;Reação tardia ou ineficiente do condutor;Saída de leito carroçável;Com Vítimas Feridas;Plena Noite;Decrescente;Nublado;Simples;Aclive;Não;1;0;1;0;0;0;1;1;-18,59286592;-54,77180223;SPRF-MS;DEL06-MS;UOP01-DEL06-MS
589771;26/03/2024;terça-feira;02:25:00;RJ;116;313,8;RESENDE;Condutor Dormindo;Colisão com objeto;Com Vítimas Feridas;Plena Noite;Decrescente;Nublado;Dupla;Reta;Não;1;0;1;0;0;0;1;1;-22,46038167;-44,46943833;SPRF-RJ;DEL07-RJ;UOP02-DEL07-RJ
589773;26/03/2024;terça-feira;03:50:00;PE;428;187,7;PETROLINA;Afundamento ou ondulação no pavimento;Colisão com objeto;Com Vítimas Feridas;Plena Noite;Crescente;Céu Claro;Dupla;Reta;Sim;1;0;1;0;0;0;1;1;-9,36979266;-40,48579931;SPRF-PE;DEL06-PE;UOP01-DEL06-PE
589774;26/03/2024;terça-feira;04:00:00;GO;60;193;GUAPO;Animais na Pista;Atropelamento de Animal;Sem Vítimas;Plena Noite;Decrescente;Céu Claro;Dupla;Reta;Não;1;0;0;0;1;0;0;1;-16,8479;-49,5584;SPRF-GO;DEL01-GO;UOP02-DEL01-GO
589775;26/03/2024;terça-feira;03:50:00;SE;101;108,4;SAO CRISTOVAO;Reação tardia ou ineficiente do condutor;Tombamento;Com Vítimas Feridas;Plena Noite;Crescente;Nublado;Dupla;Declive;Não;1;0;1;0;0;0;1;1;-10,96341297;-37,26196001;SPRF-SE;DEL02-SE;UOP01-DEL02-SE
589776;26/03/2024;terça-feira;04:45:00;PE;428;188;PETROLINA;Acessar a via sem observar a presença dos outros veículos;Colisão transversal;Com Vítimas Feridas;Plena Noite;Crescente;Céu Claro;Dupla;"Interseção de Vias;Viaduto;Retorno Regulamentado";Sim;2;0;0;1;1;0;1;2;-9,36564731;-40,48329752;SPRF-PE;DEL06-PE;UOP01-DEL06-PE
589778;25/03/2024;segunda-feira;21:40:00;MA;316;561,2;CAXIAS;Chuva;Saída de leito carroçável;Com Vítimas Feridas;Plena Noite;Crescente;Chuva;Simples;Reta;Não;1;0;1;0;0;0;1;1;-4,893173;-43,275978;SPRF-MA;DEL03-MA;UOP02-DEL03-MA
589779;26/03/2024;terça-feira;04:27:00;BA;110;264;OLINDINA;Animais na Pista;Atropelamento de Animal;Com Vítimas Feridas;Amanhecer;Decrescente;Céu Claro;Simples;Curva;Não;1;0;1;0;0;0;1;1;-11,59501797;-38,29838527;SPRF-BA;DEL01-BA;UOP04-DEL01-BA
589781;26/03/2024;terça-feira;05:00:00;GO;40;8,8;VALPARAISO DE GOIAS;Pedestre cruzava a pista fora da faixa;Atropelamento de Pedestre;Com Vítimas Feridas;Plena Noite;Decrescente;Nublado;Dupla;Reta;Sim;2;0;1;0;1;0;1;2;-16,12020973;-47,96461773;SPRF-DF;DEL01-DF;UOP01-DEL01-DF
589782;26/03/2024;terça-feira;04:00:00;MG;116;251;TEOFILO OTONI;Condutor Dormindo;Colisão com objeto;Com Vítimas Feridas;Amanhecer;Crescente;Nevoeiro/Neblina;Simples;"Ponte;Reta";Não;4;0;3;0;1;0;3;1;-17,65137591;-41,49335386;SPRF-MG;DEL11-MG;UOP01-DEL11-MG
589783;26/03/2024;terça-feira;05:50:00;SP;116;282;EMBU DAS ARTES;Acumulo de areia ou detritos sobre o pavimento;Tombamento;Com Vítimas Feridas;Pleno dia;Decrescente;Céu Claro;Dupla;Reta;Sim;1;0;0;1;0;0;1;1;-23,68570216;-46,85970975;SPRF-SP;DEL04-SP;UOP01-DEL04-SP
589784;26/03/2024;terça-feira;05:50:00;GO;452;88,8;GOIATUBA;Ultrapassagem Indevida;Colisão frontal;Com Vítimas Fatais;Amanhecer;Crescente;Céu Claro;Simples;Reta;Não;2;1;1;0;0;0;1;2;-18,08884858;-50,10507721;SPRF-GO;DEL03-GO;UOP02-DEL03-GO
589785;26/03/2024;terça-feira;05:45:00;MG;262;385;MATEUS LEME;Demais falhas mecânicas ou elétricas;Saída de leito carroçável;Com Vítimas Feridas;Amanhecer;Crescente;Nublado;Dupla;Curva;Não;2;0;1;0;0;1;1;2;-19,93325094;-44,42077402;SPRF-MG;DEL01-MG;UOP03-DEL01-MG
589786;26/03/2024;terça-feira;06:44:00;RN;304;43,7;MOSSORO;Ausência de reação do condutor;Colisão traseira;Com Vítimas Feridas;Pleno dia;Crescente;Sol;Simples;Retorno Regulamentado;Não;2;0;2;0;0;0;2;2;-5,22210762;-37,35979199;SPRF-RN;DEL04-RN;UOP01-DEL04-RN
589788;25/03/2024;segunda-feira;22:50:00;RJ;101;597;PARATY;Iluminação deficiente;Queda de ocupante de veículo;Com Vítimas Feridas;Plena Noite;Decrescente;Nublado;Simples;Reta;Não;1;0;1;0;0;0;1;1;-23,34025796;-44,74508227;SPRF-RJ;DEL03-RJ;UOP04-DEL03-RJ
589789;26/03/2024;terça-feira;01:43:00;ES;101;263;SERRA;Ingestão de álcool pelo condutor;Colisão com objeto;Sem Vítimas;Plena Noite;Decrescente;Nublado;Dupla;Reta;Sim;1;0;0;0;0;1;0;1;-20,16554736;-40,27301648;SPRF-ES;DEL02-ES;UOP01-DEL02-ES
589793;26/03/2024;terça-feira;06:10:00;PE;101;64;RECIFE;Condutor deixou de manter distância do veículo da frente;Colisão traseira;Com Vítimas Feridas;Pleno dia;Decrescente;Sol;Dupla;Reta;Sim;3;0;0;1;2;0;1;3;-8,021515;-34,942642;SPRF-PE;DEL01-PE;UOP01-DEL01-PE
589794;26/03/2024;terça-feira;00:30:00;MG;262;399;PARA DE MINAS;Avarias e/ou desgaste excessivo no pneu;Saída de leito carroçável;Com Vítimas Feridas;Plena Noite;Decrescente;Chuva;Dupla;Reta;Sim;4;0;3;1;0;0;4;1;-19,887045;-44,597733;SPRF-MG;DEL01-MG;UOP03-DEL01-MG
589796;26/03/2024;terça-feira;07:00:00;MG;40;510;RIBEIRAO DAS NEVES;Avarias e/ou desgaste excessivo no pneu;Tombamento;Com Vítimas Feridas;Pleno dia;Crescente;Chuva;Dupla;"Reta;Aclive";Sim;1;0;1;0;0;0;1;1;-19,77463885;-44,12321882;SPRF-MG;DEL01-MG;UOP02-DEL01-MG
589798;26/03/2024;terça-feira;07:15:00;RJ;116;176;SAO JOAO DE MERITI;Reação tardia ou ineficiente do condutor;Colisão traseira;Com Vítimas Feridas;Pleno dia;Decrescente;Chuva;Dupla;Reta;Não;3;0;1;0;2;0;1;2;-22,7839538;-43,38195488;SPRF-RJ;DEL06-RJ;UOP01-DEL06-RJ
589799;26/03/2024;terça-feira;07:20:00;MG;50;70;UBERLANDIA;Ausência de reação do condutor;Colisão traseira;Sem Vítimas;Pleno dia;Crescente;Chuva;Dupla;Declive;Sim;3;0;0;0;3;0;0;3;-18,85140204;-48,25345932;SPRF-MG;DEL15-MG;UOP01-DEL15-MG
589800;26/03/2024;terça-feira;00:30:00;SP;116;98;PINDAMONHANGABA;Chuva;Colisão com objeto;Com Vítimas Feridas;Plena Noite;Crescente;Chuva;Dupla;Reta;Sim;2;0;2;0;0;0;2;1;-22,97805164;-45,45583318;SPRF-SP;DEL08-SP;UOP01-DEL08-SP
589801;26/03/2024;terça-feira;07:20:00;RS;116;143;CAXIAS DO SUL;Reação tardia ou ineficiente do condutor;Colisão traseira;Com Vítimas Feridas;Pleno dia;Crescente;Céu Claro;Dupla;"Reta;Aclive";Não;3;0;2;0;1;0;2;2;-29,1201739;-51,12260651;SPRF-RS;DEL05-RS;UOP01-DEL05-RS
589802;26/03/2024;terça-feira;07:10:00;CE;116;10,8;FORTALEZA;Entrada inopinada do pedestre;Atropelamento de Pedestre;Com Vítimas Fatais;Pleno dia;Decrescente;Nublado;Múltipla;Reta;Sim;4;1;0;0;2;1;0;3;-3,83603805;-38,5027281;SPRF-CE;DEL01-CE;UOP02-DEL01-CE
589804;26/03/2024;terça-feira;08:15:00;PR;163;83;PLANALTO;Acessar a via sem observar a presença dos outros veículos;Colisão transversal;Com Vítimas Feridas;Pleno dia;Decrescente;Céu Claro;Simples;Interseção de Vias;Sim;3;0;1;0;2;0;1;2;-25,71041159;-53,76846313;SPRF-PR;DEL02-PR;UOP02-DEL02-PR
589805;26/03/2024;terça-feira;07:45:00;MG;40;786,9;JUIZ DE FORA;Chuva;Saída de leito carroçável;Com Vítimas Feridas;Pleno dia;Decrescente;Nublado;Dupla;Reta;Não;1;0;1;0;0;0;1;1;-21,72733544;-43,4385309;SPRF-MG;DEL05-MG;UOP01-DEL05-MG
589807;26/03/2024;terça-feira;07:30:00;RS;290;574;ALEGRETE;Demais falhas mecânicas ou elétricas;Incêndio;Sem Vítimas;Pleno dia;Crescente;Céu Claro;Simples;Reta;Não;1;0;0;0;1;0;0;1;-29,822521;-55,719505;SPRF-RS;DEL13-RS;UOP02-DEL13-RS
589808;26/03/2024;terça-feira;08:12:00;ES;101;268,5;SERRA;Manobra de mudança de faixa;Colisão lateral mesmo sentido;Com Vítimas Feridas;Pleno dia;Crescente;Nublado;Múltipla;Reta;Sim;3;0;2;0;1;0;2;2;-20,20842;-40,269405;SPRF-ES;DEL02-ES;UOP01-DEL02-ES
589809;26/03/2024;terça-feira;08:25:00;SC;282;216;LAGES;Acessar a via sem observar a presença dos outros veículos;Colisão transversal;Com Vítimas Feridas;Pleno dia;Decrescente;Céu Claro;Simples;"Reta;Rotatória";Sim;2;0;1;0;1;0;1;2;-27,797529;-50,291862;SPRF-SC;DEL05-SC;UOP01-DEL05-SC
589810;26/03/2024;terça-feira;07:20:00;PR;476;153,3;ARAUCARIA;Pedestre cruzava a pista fora da faixa;Atropelamento de Pedestre;Com Vítimas Feridas;Pleno dia;Decrescente;Nublado;Dupla;Reta;Sim;3;0;2;0;1;0;2;3;-25,577307;-49,392338;SPRF-PR;DEL01-PR;UOP06-DEL01-PR
589811;26/03/2024;terça-feira;08:15:00;RS;386;49;SEBERI;Acessar a via sem observar a presença dos outros veículos;Colisão transversal;Com Vítimas Feridas;Pleno dia;Decrescente;Céu Claro;Simples;Reta;Sim;4;0;1;0;3;0;1;2;-27,482555;-53,392845;SPRF-RS;DEL08-RS;UOP02-DEL08-RS
589812;26/03/2024;terça-feira;06:30:00;RJ;356;1;ITAPERUNA;Acessar a via sem observar a presença dos outros veículos;Colisão transversal;Com Vítimas Feridas;Pleno dia;Crescente;Céu Claro;Simples;"Curva;Interseção de Vias";Não;2;0;1;0;1;0;1;2;-21,1423902;-42,16936013;SPRF-RJ;DEL08-RJ;UOP03-DEL08-RJ
589813;26/03/2024;terça-feira;08:45:00;MG;40;716;BARBACENA;Velocidade Incompatível;Colisão com objeto;Com Vítimas Feridas;Pleno dia;Crescente;Nublado;Dupla;Curva;Não;3;0;1;0;2;0;1;1;-21,25153502;-43,66402206;SPRF-MG;DEL05-MG;UOP01-DEL05-MG
589815;09/03/2024;sábado;21:24:00;MG;381;610,7;OLIVEIRA;Ausência de reação do condutor;Atropelamento de Pedestre;Com Vítimas Feridas;Plena Noite;Decrescente;Céu Claro;Dupla;Reta;Não;2;0;1;0;0;1;1;2;-20,70696772;-44,75457935;SPRF-MG;DEL04-MG;UOP01-DEL04-MG
589818;26/03/2024;terça-feira;08:20:00;SC;101;113;ITAJAI;Ausência de reação do condutor;Colisão lateral mesmo sentido;Com Vítimas Feridas;Pleno dia;Decrescente;Céu Claro;Dupla;Reta;Não;2;0;1;0;1;0;1;2;-26,85311393;-48,72689927;SPRF-SC;DEL04-SC;UOP04-DEL04-SC
589819;26/03/2024;terça-feira;07:11:00;RJ;101;322;NITEROI;Acumulo de água sobre o pavimento;Colisão com objeto;Sem Vítimas;Pleno dia;Decrescente;Garoa/Chuvisco;Dupla;Curva;Não;2;0;0;0;2;0;0;1;-22,878923;-43,110676;SPRF-RJ;DEL02-RJ;UOP01-DEL02-RJ
589821;26/03/2024;terça-feira;08:30:00;PR;116;144,2;MANDIRITUBA;Condutor deixou de manter distância do veículo da frente;Colisão traseira;Com Vítimas Feridas;Pleno dia;Crescente;Nublado;Simples;Reta;Não;6;0;1;0;5;0;1;2;-25,80036841;-49,32953596;SPRF-PR;DEL01-PR;UOP03-DEL01-PR
589824;26/03/2024;terça-feira;09:00:00;PI;316;32,8;DEMERVAL LOBAO;Reação tardia ou ineficiente do condutor;Colisão traseira;Sem Vítimas;Pleno dia;Decrescente;Nublado;Dupla;"Em Obras;Reta";Sim;2;0;0;0;2;0;0;2;-5,34217984;-42,68627493;SPRF-PI;DEL01-PI;UOP02-DEL01-PI
589825;26/03/2024;terça-feira;07:29:00;RO;364;236;CACOAL;Acessar a via sem observar a presença dos outros veículos;Colisão transversal;Com Vítimas Feridas;Pleno dia;Decrescente;Céu Claro;Simples;"Reta;Interseção de Vias";Sim;3;0;0;1;1;1;1;3;-11,44587672;-61,43784993;SPRF-RO;DEL02-RO;UOP02-DEL02-RO
589826;26/03/2024;terça-feira;09:20:00;SC;282;218;LAGES;Ausência de reação do condutor;Tombamento;Com Vítimas Feridas;Pleno dia;Decrescente;Sol;Simples;Reta;Sim;1;0;1;0;0;0;1;1;-27,79821691;-50,30899286;SPRF-SC;DEL05-SC;UOP01-DEL05-SC
589829;26/03/2024;terça-feira;10:00:00;BA;242;898;LUIS EDUARDO MAGALHAES;Reação tardia ou ineficiente do condutor;Saída de leito carroçável;Com Vítimas Fatais;Pleno dia;Decrescente;Céu Claro;Simples;"Declive;Reta";Não;1;1;0;0;0;0;0;1;-12,11049462;-45,94104767;SPRF-BA;DEL10-BA;UOP01-DEL10-BA
589830;26/03/2024;terça-feira;07:10:00;MT;163;688;LUCAS DO RIO VERDE;Acessar a via sem observar a presença dos outros veículos;Colisão transversal;Com Vítimas Feridas;Pleno dia;Crescente;Céu Claro;Dupla;Interseção de Vias;Sim;2;0;1;0;1;0;1;2;-13,06931434;-55,92687412;SPRF-MT;DEL06-MT;UOP01-DEL06-MT
589831;26/03/2024;terça-feira;07:00:00;SC;101;119;ITAJAI;Reação tardia ou ineficiente do condutor;Colisão lateral mesmo sentido;Com Vítimas Feridas;Pleno dia;Crescente;Sol;Múltipla;Reta;Sim;3;0;1;0;2;0;1;3;-26,9043179;-48,71555481;SPRF-SC;DEL04-SC;UOP04-DEL04-SC
589837;26/03/2024;terça-feira;10:50:00;TO;10;464,2;PALMAS;Reação tardia ou ineficiente do condutor;Colisão traseira;Com Vítimas Feridas;Pleno dia;Decrescente;Céu Claro;Dupla;Reta;Sim;2;0;0;1;0;1;1;2;-10,2309998;-48,31171459;SPRF-TO;DEL01-TO;UOP03-DEL01-TO
589838;24/03/2024;domingo;15:00:00;RS;287;394;SANTIAGO;Demais falhas mecânicas ou elétricas;Tombamento;Sem Vítimas;Pleno dia;Crescente;Céu Claro;Simples;Reta;Não;1;0;0;0;0;1;0;1;-29,20381085;-54,84837664;SPRF-RS;DEL12-RS;UOP02-DEL12-RS
589839;26/03/2024;terça-feira;08:25:00;MG;50;133;UBERABA;Acumulo de água sobre o pavimento;Saída de leito carroçável;Com Vítimas Feridas;Pleno dia;Crescente;Chuva;Dupla;"Reta;Aclive";Não;1;0;1;0;0;0;1;1;-19,41574308;-48,07159033;SPRF-MG;DEL13-MG;UOP01-DEL13-MG
589845;03/03/2024;domingo;20:00:00;PR;376;215,8;JANDAIA DO SUL;Acumulo de óleo sobre o pavimento;Tombamento;Com Vítimas Feridas;Plena Noite;Crescente;Nublado;Dupla;"Declive;Curva";Sim;1;0;0;1;0;0;1;1;-23,59537856;-51,64222304;SPRF-PR;DEL09-PR;UOP01-DEL09-PR
589846;26/03/2024;terça-feira;13:00:00;SC;101;209,8;SAO JOSE;Manobra de mudança de faixa;Colisão traseira;Com Vítimas Feridas;Pleno dia;Decrescente;Céu Claro;Múltipla;Reta;Não;2;0;1;0;1;0;1;2;-27,61000542;-48,63895057;SPRF-SC;DEL01-SC;UOP01-DEL01-SC
589850;26/03/2024;terça-feira;13:00:00;DF;NA;NA;BRASILIA;Acessar a via sem observar a presença dos outros veículos;Colisão traseira;Sem Vítimas;Pleno dia;Não Informado;Céu Claro;Dupla;Reta;Sim;2;0;0;0;2;0;0;2;-15,80279505;-47,96683073;SPRF-DF;N/A;N/A
589853;26/03/2024;terça-feira;13:00:00;SP;116;87;PINDAMONHANGABA;Condutor Dormindo;Colisão com objeto;Com Vítimas Feridas;Pleno dia;Crescente;Céu Claro;Múltipla;Reta;Não;2;0;1;0;1;0;1;1;-22,93065267;-45,36166116;SPRF-SP;DEL08-SP;UOP01-DEL08-SP
589855;26/03/2024;terça-feira;13:40:00;PR;277;96;CURITIBA;Reação tardia ou ineficiente do condutor;Queda de ocupante de veículo;Com Vítimas Feridas;Pleno dia;Crescente;Nublado;Dupla;Reta;Não;1;0;1;0;0;0;1;1;-25,42992058;-49,32056129;SPRF-PR;DEL01-PR;UOP06-DEL01-PR
589856;26/03/2024;terça-feira;05:50:00;RJ;493;3;ITABORAI;Acumulo de água sobre o pavimento;Atropelamento de Pedestre;Com Vítimas Feridas;Pleno dia;Decrescente;Chuva;Dupla;Reta;Sim;2;0;1;0;0;1;1;2;-22,7525329;-42,94160092;SPRF-RJ;DEL02-RJ;UOP02-DEL02-RJ
589860;26/03/2024;terça-feira;14:35:00;BA;324;517;FEIRA DE SANTANA;Reação tardia ou ineficiente do condutor;Colisão traseira;Sem Vítimas;Pleno dia;Crescente;Céu Claro;Simples;Reta;Sim;2;0;0;0;2;0;0;2;-12,24953308;-38,93362525;SPRF-BA;DEL02-BA;UOP01-DEL02-BA
589862;26/03/2024;terça-feira;14:20:00;ES;393;8,9;CACHOEIRO DE ITAPEMIRIM;Condutor Dormindo;Tombamento;Com Vítimas Feridas;Pleno dia;Crescente;Nublado;Simples;Curva;Não;1;0;0;1;0;0;1;1;-20,83131413;-41,22312386;SPRF-ES;DEL03-ES;UOP02-DEL03-ES
589863;26/03/2024;terça-feira;14:50:00;MG;459;71,9;SENADOR JOSE BENTO;Pista Escorregadia;Saída de leito carroçável;Com Vítimas Feridas;Pleno dia;Crescente;Nublado;Simples;"Declive;Reta";Não;1;0;1;0;0;0;1;1;-22,135201;-46,158249;SPRF-MG;DEL09-MG;UOP01-DEL09-MG
589867;04/03/2024;segunda-feira;17:25:00;MT;163;837;SINOP;Conversão proibida;Colisão transversal;Com Vítimas Feridas;Anoitecer;Crescente;Céu Claro;Dupla;Reta;Sim;2;0;0;1;1;0;1;2;-11,968963;-55,51695578;SPRF-MT;DEL06-MT;UOP02-DEL06-MT
589868;26/03/2024;terça-feira;14:50:00;MG;50;179;UBERABA;Acumulo de óleo sobre o pavimento;Tombamento;Com Vítimas Feridas;Pleno dia;Crescente;Chuva;Dupla;"Viaduto;Reta";Sim;1;0;1;0;0;0;1;1;-19,77827047;-47,93140998;SPRF-MG;DEL13-MG;UOP01-DEL13-MG
589869;26/03/2024;terça-feira;12:57:00;MG;381;592,5;CARMOPOLIS DE MINAS;Ausência de reação do condutor;Capotamento;Com Vítimas Feridas;Pleno dia;Decrescente;Chuva;Dupla;Curva;Não;1;0;1;0;0;0;1;1;-20,57880683;-44,6872411;SPRF-MG;DEL04-MG;UOP01-DEL04-MG
589870;26/03/2024;terça-feira;15:45:00;MG;50;55,8;UBERLANDIA;Chuva;Saída de leito carroçável;Com Vítimas Feridas;Pleno dia;Crescente;Chuva;Dupla;"Curva;Aclive";Não;1;0;1;0;0;0;1;1;-18,77290538;-48,24124319;SPRF-MG;DEL15-MG;UOP02-DEL15-MG
589871;26/03/2024;terça-feira;15:25:00;MS;376;34;VICENTINA;Avarias e/ou desgaste excessivo no pneu;Tombamento;Com Vítimas Feridas;Pleno dia;Crescente;Nublado;Simples;Reta;Não;2;0;2;0;0;0;2;1;-22,39630512;-54,46859505;SPRF-MS;DEL04-MS;UOP01-DEL04-MS
589873;26/03/2024;terça-feira;16:05:00;ES;262;107,2;VENDA NOVA DO IMIGRANTE;Velocidade Incompatível;Saída de leito carroçável;Com Vítimas Feridas;Pleno dia;Crescente;Nublado;Simples;Reta;Não;1;0;1;0;0;0;1;1;-20,33085525;-41,15566006;SPRF-ES;DEL01-ES;UOP02-DEL01-ES
589875;22/03/2024;sexta-feira;16:00:00;MS;262;7;TRES LAGOAS;Chuva;Tombamento;Com Vítimas Feridas;Pleno dia;Crescente;Chuva;Dupla;Reta;Sim;1;0;1;0;0;0;1;1;-20,78948908;-51,67723385;SPRF-MS;DEL07-MS;UOP01-DEL07-MS
589877;26/03/2024;terça-feira;16:25:00;GO;40;9,9;LUZIANIA;Condutor usando celular;Colisão traseira;Com Vítimas Feridas;Pleno dia;Crescente;Céu Claro;Dupla;Reta;Sim;2;0;1;0;1;0;1;2;-16,131158;-47,957739;SPRF-DF;DEL01-DF;UOP01-DEL01-DF
589879;26/03/2024;terça-feira;16:30:00;PE;232;13;JABOATAO DOS GUARARAPES;Demais falhas mecânicas ou elétricas;Tombamento;Com Vítimas Feridas;Pleno dia;Decrescente;Céu Claro;Dupla;Reta;Não;2;0;2;0;0;0;2;1;-8,08831567;-35,01203806;SPRF-PE;DEL01-PE;UOP01-DEL01-PE
589880;26/03/2024;terça-feira;16:10:00;PE;428;186;PETROLINA;Transitar na contramão;Colisão transversal;Com Vítimas Feridas;Pleno dia;Decrescente;Céu Claro;Dupla;"Interseção de Vias;Reta";Sim;7;0;2;0;1;4;2;4;-9,34807826;-40,47441248;SPRF-PE;DEL06-PE;UOP01-DEL06-PE
589881;26/03/2024;terça-feira;16:45:00;BA;415;50;ITABUNA;Condutor deixou de manter distância do veículo da frente;Colisão lateral mesmo sentido;Com Vítimas Feridas;Pleno dia;Crescente;Sol;Simples;Reta;Não;4;0;1;0;3;0;1;2;-14,81574494;-39,29612388;SPRF-BA;DEL05-BA;UOP01-DEL05-BA
589882;26/03/2024;terça-feira;14:54:00;PR;376;621;SAO JOSE DOS PINHAIS;Mal súbito do condutor;Saída de leito carroçável;Com Vítimas Feridas;Pleno dia;Crescente;Nublado;Simples;Reta;Não;1;0;0;1;0;0;1;1;-25,61620173;-49,16999817;SPRF-PR;DEL01-PR;UOP04-DEL01-PR
589884;26/03/2024;terça-feira;17:00:00;PB;230;14;CABEDELO;Reação tardia ou ineficiente do condutor;Colisão traseira;Com Vítimas Feridas;Anoitecer;Crescente;Céu Claro;Dupla;Reta;Não;2;0;1;0;1;0;1;2;-7,0844;-34,8488;SPRF-PB;DEL01-PB;UOP01-DEL01-PB
589885;26/03/2024;terça-feira;15:05:00;RJ;101;290;ITABORAI;Avarias e/ou desgaste excessivo no pneu;Colisão com objeto;Com Vítimas Feridas;Pleno dia;Crescente;Chuva;Dupla;Reta;Sim;2;0;1;0;1;0;1;1;-22,76708384;-42,86081305;SPRF-RJ;DEL02-RJ;UOP02-DEL02-RJ
589888;26/03/2024;terça-feira;17:35:00;SP;381;36;ATIBAIA;Velocidade Incompatível;Colisão traseira;Com Vítimas Feridas;Pleno dia;Crescente;Nublado;Dupla;Reta;Sim;1;0;1;0;0;0;1;1;-23,09707232;-46,57180706;SPRF-SP;DEL03-SP;UOP01-DEL03-SP
589889;26/03/2024;terça-feira;17:00:00;MS;163;490;CAMPO GRANDE;Demais falhas mecânicas ou elétricas;Incêndio;Sem Vítimas;Pleno dia;Decrescente;Céu Claro;Simples;Reta;Sim;1;0;0;0;1;0;0;1;-20,40017983;-54,55539878;SPRF-MS;DEL01-MS;UOP02-DEL01-MS
589891;26/03/2024;terça-feira;17:20:00;PR;116;117;CURITIBA;Velocidade Incompatível;Colisão traseira;Com Vítimas Feridas;Pleno dia;Decrescente;Nublado;Múltipla;Reta;Sim;4;0;1;1;1;1;2;3;-25,55641321;-49,30609345;SPRF-PR;DEL01-PR;UOP03-DEL01-PR
589892;26/03/2024;terça-feira;14:40:00;MG;50;180;UBERABA;Pista Escorregadia;Tombamento;Com Vítimas Feridas;Pleno dia;Crescente;Chuva;Dupla;"Declive;Reta;Retorno Regulamentado";Não;2;0;2;0;0;0;2;1;-19,77848216;-47,92194709;SPRF-MG;DEL13-MG;UOP01-DEL13-MG