id;data_inversa;dia_semana;horario;uf;br;km;municipio;causa_acidente;tipo_acidente;classificacao_acidente;fase_dia;sentido_via;condicao_metereologica;tipo_pista;tracado_via;uso_solo;pessoas;mortos;feridos_leves;feridos_graves;ilesos;ignorados;feridos;veiculos;latitude;longitude;regional;delegacia;uop
590017;27/03/2024;quarta-feira;08:00:00;BA;101;235;CONCEICAO DO ALMEIDA;Ausência de reação do condutor;Capotamento;Com Vítimas Feridas;Pleno dia;Crescente;Chuva;Simples;"Curva;Em Obras";Não;1;0;1;0;0;0;1;1;-12,76101777;-39,18234682;SPRF-BA;DEL01-BA;UOP02-DEL01-BA
590019;26/03/2024;terça-feira;20:30:00;RJ;465;4;SEROPEDICA;Reação tardia ou ineficiente do condutor;Colisão traseira;Com Vítimas Feridas;Plena Noite;Decrescente;Chuva;Simples;Reta;Sim;3;0;1;0;2;0;1;2;-22,740971;-43,705597;SPRF-RJ;DEL06-RJ;UOP02-DEL06-RJ
590020;27/03/2024;quarta-feira;06:40:00;MG;381;686,6;LAVRAS;Ausência de reação do condutor;Saída de leito carroçável;Com Vítimas Feridas;Pleno dia;Crescente;Chuva;Dupla;"Curva;Declive";Não;4;0;4;0;0;0;4;1;-21,17728888;-45,12465835;SPRF-MG;DEL04-MG;UOP02-DEL04-MG
590022;27/03/2024;quarta-feira;09:45:00;MG;381;481;BETIM;Ausência de reação do condutor;Colisão com objeto;Com Vítimas Feridas;Pleno dia;Decrescente;Nublado;Dupla;Reta;Sim;1;0;1;0;0;0;1;1;-19,95931561;-44,08825597;SPRF-MG;DEL01-MG;UOP03-DEL01-MG
590023;27/03/2024;quarta-feira;09:00:00;PE;232;7,7;RECIFE;Manobra de mudança de faixa;Colisão lateral mesmo sentido;Sem Vítimas;Pleno dia;Decrescente;Sol;Dupla;Reta;Sim;3;0;0;0;1;2;0;2;-8,07333497;-34,96184301;SPRF-PE;DEL01-PE;UOP01-DEL01-PE
590026;27/03/2024;quarta-feira;08:00:00;GO;40;94;CRISTALINA;Reação tardia ou ineficiente do condutor;Tombamento;Com Vítimas Feridas;Pleno dia;Decrescente;Chuva;Simples;Reta;Sim;1;0;0;1;0;0;1;1;-16,743671;-47,613373;SPRF-DF;DEL01-DF;UOP02-DEL01-DF
590027;27/03/2024;quarta-feira;09:20:00;RN;304;300;MACAIBA;Manobra de mudança de faixa;Colisão transversal;Com Vítimas Feridas;Pleno dia;Decrescente;Nublado;Dupla;Reta;Sim;3;0;2;1;0;0;3;2;-5,8737673;-35,3150361;SPRF-RN;DEL01-RN;UOP02-DEL01-RN
590028;27/03/2024;quarta-feira;10:05:00;SC;282;0,8;FLORIANOPOLIS;Trafegar com motocicleta (ou similar) entre as faixas;Colisão traseira;Com Vítimas Feridas;Pleno dia;Decrescente;Céu Claro;Múltipla;Reta;Sim;4;0;2;0;2;0;2;2;-27,602955;-48,580509;SPRF-SC;DEL01-SC;UOP01-DEL01-SC
590036;27/03/2024;quarta-feira;10:10:00;SP;116;218,8;GUARULHOS;Condutor deixou de manter distância do veículo da frente;Colisão traseira;Com Vítimas Feridas;Pleno dia;Crescente;Nublado;Múltipla;Reta;Não;4;0;2;0;2;0;2;2;-23,457972;-46,479927;SPRF-SP;DEL01-SP;UOP01-DEL01-SP
590040;27/03/2024;quarta-feira;10:20:00;RS;386;246,6;SOLEDADE;Acessar a via sem observar a presença dos outros veículos;Colisão transversal;Com Vítimas Feridas;Pleno dia;Decrescente;Céu Claro;Simples;Reta;Sim;5;0;2;0;3;0;2;2;-28,808382;-52,502323;SPRF-RS;DEL04-RS;UOP03-DEL04-RS
590041;27/03/2024;quarta-feira;09:30:00;SP;381;49;ATIBAIA;Demais falhas mecânicas ou elétricas;Incêndio;Sem Vítimas;Pleno dia;Crescente;Céu Claro;Dupla;Reta;Sim;1;0;0;0;1;0;0;1;-23,20535293;-46,59066516;SPRF-SP;DEL03-SP;UOP01-DEL03-SP
590044;27/03/2024;quarta-feira;10:45:00;PI;343;3;TERESINA;Condutor deixou de manter distância do veículo da frente;Engavetamento;Sem Vítimas;Pleno dia;Crescente;Céu Claro;Múltipla;Reta;Sim;4;0;0;0;4;0;0;4;-5,08067436;-42,78259635;SPRF-PI;DEL01-PI;UOP01-DEL01-PI
590046;23/03/2024;sábado;23:50:00;BA;116;420;FEIRA DE SANTANA;Ausência de reação do condutor;Saída de leito carroçável;Sem Vítimas;Plena Noite;Decrescente;Nublado;Dupla;Reta;Sim;1;0;0;0;1;0;0;1;-12,20321398;-38,96555531;SPRF-BA;DEL02-BA;UOP01-DEL02-BA
590050;27/03/2024;quarta-feira;11:45:00;CE;116;7;FORTALEZA;Entrada inopinada do pedestre;Atropelamento de Pedestre;Com Vítimas Feridas;Pleno dia;Decrescente;Garoa/Chuvisco;Múltipla;Reta;Sim;3;0;0;2;0;1;2;2;-3,81073099;-38,50074867;SPRF-CE;DEL01-CE;UOP02-DEL01-CE
590051;27/03/2024;quarta-feira;06:20:00;RO;364;420;JARU;Animais na Pista;Tombamento;Com Vítimas Fatais;Amanhecer;Decrescente;Nublado;Simples;Reta;Não;3;1;2;0;0;0;2;3;-10,48262607;-62,44173207;SPRF-RO;DEL03-RO;UOP02-DEL03-RO
590053;27/03/2024;quarta-feira;12:08:00;DF;70;17;BRASILIA;Manobra de mudança de faixa;Capotamento;Com Vítimas Feridas;Pleno dia;Crescente;Nublado;Dupla;Reta;Não;5;0;1;1;2;1;2;2;-15,794133;-48,202095;SPRF-DF;DEL03-DF;UOP02-DEL03-DF
590055;27/03/2024;quarta-feira;11:40:00;PR;376;5;MANDAGUARI;Ausência de reação do condutor;Colisão traseira;Com Vítimas Feridas;Pleno dia;Decrescente;Céu Claro;Simples;"Interseção de Vias;Reta";Sim;2;0;1;0;1;0;1;2;-23,547966;-51,671265;SPRF-PR;DEL09-PR;UOP01-DEL09-PR
590056;27/03/2024;quarta-feira;06:40:00;MT;174;253;VALE DE SAO DOMINGOS;Avarias e/ou desgaste excessivo no pneu;Tombamento;Com Vítimas Feridas;Pleno dia;Decrescente;Sol;Simples;Reta;Não;2;0;2;0;0;0;2;1;-15,4802677;-59,08409189;SPRF-MT;DEL04-MT;UOP01-DEL04-MT
590058;27/03/2024;quarta-feira;11:40:00;TO;153;333;GUARAI;Acessar a via sem observar a presença dos outros veículos;Colisão lateral mesmo sentido;Com Vítimas Feridas;Pleno dia;Decrescente;Céu Claro;Simples;Reta;Sim;2;0;1;0;1;0;1;2;-8,826486;-48,51216;SPRF-TO;DEL02-TO;UOP02-DEL02-TO
590059;27/03/2024;quarta-feira;01:30:00;MA;402;5,5;ROSARIO;Acumulo de água sobre o pavimento;Saída de leito carroçável;Com Vítimas Fatais;Plena Noite;Crescente;Ignorado;Simples;Reta;Não;1;1;0;0;0;0;0;1;-2,950777;-44,28315;SPRF-MA;DEL01-MA;UOP01-DEL01-MA
590060;27/03/2024;quarta-feira;07:55:00;PE;407;122,8;PETROLINA;Reação tardia ou ineficiente do condutor;Colisão transversal;Com Vítimas Feridas;Pleno dia;Decrescente;Céu Claro;Simples;Interseção de Vias;Sim;2;0;1;0;1;0;1;2;-9,35867949;-40,54786563;SPRF-PE;DEL06-PE;UOP01-DEL06-PE
590061;27/03/2024;quarta-feira;08:00:00;MT;70;38;BARRA DO GARCAS;Acesso irregular;Colisão transversal;Com Vítimas Feridas;Pleno dia;Crescente;Chuva;Simples;Curva;Não;5;0;3;1;1;0;4;2;-15,77690062;-52,54596213;SPRF-MT;DEL07-MT;UOP01-DEL07-MT
590063;27/03/2024;quarta-feira;12:00:00;SC;101;206;SAO JOSE;Reação tardia ou ineficiente do condutor;Colisão traseira;Com Vítimas Feridas;Pleno dia;Crescente;Céu Claro;Múltipla;Reta;Sim;2;0;1;0;1;0;1;2;-27,59193546;-48,61824557;SPRF-SC;DEL01-SC;UOP01-DEL01-SC
590064;27/03/2024;quarta-feira;10:40:00;MS;262;326;CAMPO GRANDE;Condutor desrespeitou a iluminação vermelha do semáforo;Colisão transversal;Com Vítimas Feridas;Pleno dia;Crescente;Céu Claro;Dupla;"Reta;Interseção de Vias";Sim;3;0;1;0;2;0;1;2;-20,46867409;-54,53455902;SPRF-MS;DEL01-MS;UOP01-DEL01-MS
590068;27/03/2024;quarta-feira;11:15:00;AP;210;105;PORTO GRANDE;Retorno proibido;Colisão transversal;Com Vítimas Feridas;Pleno dia;Decrescente;Sol;Simples;Reta;Sim;2;0;1;0;1;0;1;2;0,69945228;-51,40001005;SPRF-AP;DEL01-AP;UOP01-DEL01-AP
590069;27/03/2024;quarta-feira;12:30:00;RS;116;243;SAO LEOPOLDO;Trafegar com motocicleta (ou similar) entre as faixas;Colisão transversal;Com Vítimas Feridas;Pleno dia;Crescente;Céu Claro;Múltipla;"Em Obras;Declive;Reta;Viaduto";Sim;2;0;1;0;1;0;1;2;-29,73196199;-51,14952004;SPRF-RS;DEL01-RS;UOP02-DEL01-RS
590070;27/03/2024;quarta-feira;12:25:00;BA;101;877;TEIXEIRA DE FREITAS;Acessar a via sem observar a presença dos outros veículos;Colisão transversal;Com Vítimas Feridas;Pleno dia;Decrescente;Céu Claro;Simples;Reta;Sim;2;0;1;0;1;0;1;2;-17,539434;-39,715106;SPRF-BA;DEL09-BA;UOP02-DEL09-BA
590072;27/03/2024;quarta-feira;11:45:00;RO;319;57;PORTO VELHO;Acesso irregular;Colisão transversal;Com Vítimas Feridas;Pleno dia;Decrescente;Céu Claro;Simples;Declive;Não;2;0;1;0;1;0;1;2;-8,739714;-63,93214024;SPRF-RO;DEL01-RO;UOP01-DEL01-RO
590074;27/03/2024;quarta-feira;12:56:00;RS;116;245;SAO LEOPOLDO;Trafegar com motocicleta (ou similar) entre as faixas;Colisão frontal;Com Vítimas Feridas;Pleno dia;Crescente;Céu Claro;Simples;Reta;Sim;3;0;0;1;2;0;1;2;-29,74980902;-51,15125361;SPRF-RS;DEL01-RS;UOP02-DEL01-RS
590075;27/03/2024;quarta-feira;13:25:00;SE;101;16;SAO FRANCISCO;Chuva;Saída de leito carroçável;Com Vítimas Feridas;Pleno dia;Crescente;Chuva;Dupla;Reta;Não;4;0;0;1;1;2;1;2;-10,329305;-36,89429;SPRF-SE;DEL02-SE;UOP02-DEL02-SE
590079;27/03/2024;quarta-feira;12:00:00;SC;101;82,8;BARRA VELHA;Reação tardia ou ineficiente do condutor;Saída de leito carroçável;Com Vítimas Feridas;Pleno dia;Decrescente;Céu Claro;Dupla;"Reta;Viaduto;Declive";Não;3;0;2;0;1;0;2;2;-26,61975199;-48,71764898;SPRF-SC;DEL03-SC;UOP02-DEL03-SC
590080;26/03/2024;terça-feira;13:20:00;PA;10;60,6;CASTANHAL;Condutor desrespeitou a iluminação vermelha do semáforo;Colisão transversal;Com Vítimas Feridas;Pleno dia;Crescente;Céu Claro;Dupla;Reta;Sim;2;0;1;1;0;0;2;2;-1,2977885;-47,94216871;SPRF-PA;DEL02-PA;UOP02-DEL02-PA
590082;27/03/2024;quarta-feira;13:45:00;CE;116;9;FORTALEZA;Curva acentuada;Colisão lateral mesmo sentido;Sem Vítimas;Pleno dia;Crescente;Nublado;Múltipla;Reta;Não;2;0;0;0;2;0;0;2;-3,82779096;-38,50486117;SPRF-CE;DEL01-CE;UOP02-DEL01-CE
590084;27/03/2024;quarta-feira;13:45:00;SC;280;58,9;GUARAMIRIM;Condutor deixou de manter distância do veículo da frente;Colisão lateral mesmo sentido;Com Vítimas Feridas;Pleno dia;Decrescente;Céu Claro;Dupla;Curva;Sim;2;0;1;0;1;0;1;2;-26,47415593;-49,021211;SPRF-SC;DEL03-SC;UOP03-DEL03-SC
590086;27/03/2024;quarta-feira;12:30:00;MG;267;162,7;LIMA DUARTE;Acessar a via sem observar a presença dos outros veículos;Colisão transversal;Com Vítimas Feridas;Pleno dia;Crescente;Nublado;Simples;Interseção de Vias;Não;4;0;1;0;3;0;1;2;-21,84902541;-43,80365406;SPRF-MG;DEL05-MG;UOP01-DEL05-MG
590089;27/03/2024;quarta-feira;14:50:00;SC;101;11;GARUVA;Condutor deixou de manter distância do veículo da frente;Engavetamento;Com Vítimas Feridas;Pleno dia;Crescente;Nublado;Dupla;Aclive;Não;4;0;3;0;1;0;3;3;-26,07202503;-48,86100853;SPRF-SC;DEL03-SC;UOP01-DEL03-SC
590090;27/03/2024;quarta-feira;12:15:00;MG;381;787,5;SAO GONCALO DO SAPUCAI;Reação tardia ou ineficiente do condutor;Saída de leito carroçável;Sem Vítimas;Pleno dia;Decrescente;Chuva;Dupla;Curva;Não;1;0;0;0;1;0;0;1;-21,89946215;-45,55428277;SPRF-MG;DEL16-MG;UOP02-DEL16-MG
590091;27/03/2024;quarta-feira;14:30:00;SC;101;146;ITAPEMA;Reação tardia ou ineficiente do condutor;Colisão traseira;Com Vítimas Feridas;Pleno dia;Decrescente;Céu Claro;Dupla;Reta;Sim;5;0;1;0;3;1;1;4;-27,08666525;-48,60955587;SPRF-SC;DEL04-SC;UOP03-DEL04-SC
590094;27/03/2024;quarta-feira;14:43:00;RN;101;106;PARNAMIRIM;Ausência de reação do condutor;Colisão traseira;Com Vítimas Feridas;Pleno dia;Crescente;Nublado;Dupla;Reta;Sim;2;0;1;0;1;0;1;2;-5,91056401;-35,26130795;SPRF-RN;DEL01-RN;UOP01-DEL01-RN
590096;27/03/2024;quarta-feira;13:20:00;ES;262;36,9;DOMINGOS MARTINS;Reação tardia ou ineficiente do condutor;Tombamento;Com Vítimas Feridas;Pleno dia;Crescente;Céu Claro;Simples;"Curva;Aclive";Não;1;0;0;1;0;0;1;1;-20,3826388;-40,60330291;SPRF-ES;DEL01-ES;UOP01-DEL01-ES
590097;27/03/2024;quarta-feira;15:10:00;RS;293;225,8;DOM PEDRITO;Reação tardia ou ineficiente do condutor;Engavetamento;Com Vítimas Feridas;Pleno dia;Decrescente;Céu Claro;Simples;"Reta;Declive";Não;7;0;1;0;6;0;1;4;-31,09730675;-54,4496479;SPRF-RS;DEL11-RS;UOP03-DEL11-RS
590098;27/03/2024;quarta-feira;15:30:00;SP;116;216,5;GUARULHOS;Reação tardia ou ineficiente do condutor;Colisão lateral mesmo sentido;Com Vítimas Feridas;Pleno dia;Decrescente;Nublado;Múltipla;"Em Obras;Aclive;Reta";Sim;2;0;1;0;1;0;1;2;-23,45056589;-46,46258105;SPRF-SP;DEL01-SP;UOP01-DEL01-SP
590100;27/03/2024;quarta-feira;14:40:00;BA;101;218;CRUZ DAS ALMAS;Reação tardia ou ineficiente do condutor;Colisão traseira;Sem Vítimas;Pleno dia;Decrescente;Nublado;Simples;"Em Obras;Interseção de Vias;Reta";Não;5;0;0;0;5;0;0;2;-12,6490134;-39,1183683;SPRF-BA;DEL01-BA;UOP02-DEL01-BA
590102;27/03/2024;quarta-feira;13:06:00;MT;364;202;RONDONOPOLIS;Demais falhas mecânicas ou elétricas;Tombamento;Com Vítimas Feridas;Pleno dia;Crescente;Céu Claro;Dupla;"Ponte;Reta";Sim;1;0;1;0;0;0;1;1;-16,48347324;-54,64970354;SPRF-MT;DEL02-MT;UOP01-DEL02-MT
590104;27/03/2024;quarta-feira;15:00:00;PB;230;112,9;INGA;Condutor Dormindo;Saída de leito carroçável;Com Vítimas Feridas;Pleno dia;Crescente;Chuva;Dupla;Curva;Não;1;0;0;1;0;0;1;1;-7,2117;-35,5822;SPRF-PB;DEL01-PB;UOP03-DEL01-PB
590105;27/03/2024;quarta-feira;07:30:00;RN;NA;NA;BARAUNA;Pista Escorregadia;Colisão com objeto;Sem Vítimas;Amanhecer;Não Informado;Chuva;Simples;Reta;Não;3;0;0;0;3;0;0;1;-4,944298;-37,567115;SPRF-RN;DEL04-RN;N/A
590106;27/03/2024;quarta-feira;16:00:00;PR;376;252;CALIFORNIA;Ausência de reação do condutor;Colisão traseira;Com Vítimas Feridas;Pleno dia;Crescente;Céu Claro;Dupla;Curva;Não;4;0;2;0;2;0;2;2;-23,650385;-51,37400796;SPRF-PR;DEL07-PR;UOP03-DEL07-PR
590107;27/03/2024;quarta-feira;15:05:00;SC;101;151;ITAPEMA;Acessar a via sem observar a presença dos outros veículos;Colisão transversal;Com Vítimas Feridas;Pleno dia;Decrescente;Céu Claro;Múltipla;Reta;Não;3;0;1;0;1;1;1;3;-27,126536;-48,609642;SPRF-SC;DEL04-SC;UOP03-DEL04-SC
590112;27/03/2024;quarta-feira;16:40:00;RS;290;115;ELDORADO DO SUL;Ausência de reação do condutor;Engavetamento;Sem Vítimas;Pleno dia;Decrescente;Céu Claro;Simples;Reta;Não;2;0;0;0;2;0;0;2;-30,045572;-51,357651;SPRF-RS;DEL02-RS;UOP01-DEL02-RS
590116;27/03/2024;quarta-feira;10:42:00;MT;364;500;JANGADA;Avarias e/ou desgaste excessivo no pneu;Queda de ocupante de veículo;Com Vítimas Feridas;Pleno dia;Decrescente;Ignorado;Simples;Reta;Sim;2;0;2;0;0;0;2;1;-15,25105926;-56,46820131;SPRF-MT;DEL01-MT;UOP01-DEL01-MT
590117;27/03/2024;quarta-feira;16:40:00;RS;116;256;ESTEIO;Velocidade Incompatível;Capotamento;Com Vítimas Feridas;Pleno dia;Decrescente;Céu Claro;Simples;Reta;Sim;2;0;1;0;1;0;1;2;-29,84393699;-51,17728603;SPRF-RS;DEL01-RS;UOP02-DEL01-RS
590119;27/03/2024;quarta-feira;16:00:00;RS;448;9;CANOAS;Condutor Dormindo;Colisão lateral mesmo sentido;Com Vítimas Feridas;Pleno dia;Decrescente;Céu Claro;Dupla;Reta;Não;2;0;1;0;1;0;1;2;-29,87428991;-51,23027802;SPRF-RS;DEL01-RS;UOP02-DEL01-RS
590121;27/03/2024;quarta-feira;16:54:00;PI;343;3,8;TERESINA;Frear bruscamente;Tombamento;Com Vítimas Feridas;Pleno dia;Crescente;Nublado;Múltipla;"Reta;Interseção de Vias";Sim;1;0;1;0;0;0;1;1;-5,089569;-42,802288;SPRF-PI;DEL01-PI;UOP01-DEL01-PI
590123;27/03/2024;quarta-feira;16:30:00;RS;116;248,4;SAO LEOPOLDO;Reação tardia ou ineficiente do condutor;Colisão traseira;Com Vítimas Feridas;Pleno dia;Decrescente;Céu Claro;Dupla;Reta;Não;3;0;1;0;1;1;1;3;-29,77605895;-51,15508618;SPRF-RS;DEL01-RS;UOP02-DEL01-RS
590124;27/03/2024;quarta-feira;17:00:00;RJ;116;226;PIRAI;Reação tardia ou ineficiente do condutor;Tombamento;Com Vítimas Feridas;Pleno dia;Decrescente;Chuva;Dupla;Curva;Não;1;0;1;0;0;0;1;1;-22,67208078;-43,81789284;SPRF-RJ;DEL07-RJ;UOP01-DEL07-RJ
590125;27/03/2024;quarta-feira;15:00:00;MG;146;432,1;CABO VERDE;Demais falhas mecânicas ou elétricas;Incêndio;Com Vítimas Feridas;Pleno dia;Crescente;Chuva;Simples;Reta;Não;1;0;1;0;0;0;1;1;-21,40950481;-46,43759537;SPRF-MG;DEL09-MG;UOP01-DEL09-MG
590127;01/02/2024;quinta-feira;18:30:00;PR;376;188;MARIALVA;Reação tardia ou ineficiente do condutor;Tombamento;Com Vítimas Feridas;Pleno dia;Crescente;Ignorado;Dupla;Reta;Sim;1;0;0;1;0;0;1;1;-23,46769472;-51,82613611;SPRF-PR;DEL09-PR;UOP01-DEL09-PR
590129;27/03/2024;quarta-feira;17:30:00;ES;101;428,3;ATILIO VIVACQUA;Demais falhas mecânicas ou elétricas;Incêndio;Sem Vítimas;Anoitecer;Crescente;Nublado;Simples;Reta;Não;1;0;0;0;1;0;0;1;-21,01942295;-41,15230903;SPRF-ES;DEL03-ES;UOP02-DEL03-ES
590130;27/03/2024;quarta-feira;15:50:00;PR;272;431;GOIOERE;Ausência de reação do condutor;Colisão lateral sentido oposto;Com Vítimas Feridas;Pleno dia;Decrescente;Céu Claro;Simples;"Interseção de Vias;Reta";Sim;2;0;1;0;1;0;1;2;-24,19189635;-52,97954193;SPRF-PR;DEL09-PR;UOP03-DEL09-PR
590131;27/03/2024;quarta-feira;18:00:00;BA;330;807;JEQUIE;Transitar na contramão;Colisão frontal;Com Vítimas Feridas;Anoitecer;Crescente;Céu Claro;Simples;Declive;Não;2;0;0;1;1;0;1;2;-13,98868384;-39,93740488;SPRF-BA;DEL03-BA;UOP01-DEL03-BA
590132;27/03/2024;quarta-feira;18:00:00;SC;101;243,2;PALHOCA;Demais falhas mecânicas ou elétricas;Tombamento;Com Vítimas Feridas;Anoitecer;Decrescente;Nublado;Dupla;Reta;Não;2;0;0;2;0;0;2;1;-27,88419902;-48,64750077;SPRF-SC;DEL01-SC;UOP02-DEL01-SC
590134;27/03/2024;quarta-feira;15:11:00;MG;365;780;ITUIUTABA;Velocidade Incompatível;Colisão traseira;Sem Vítimas;Pleno dia;Decrescente;Chuva;Simples;Reta;Não;1;0;0;0;1;0;0;1;-18,95684036;-49,71978601;SPRF-MG;DEL15-MG;UOP03-DEL15-MG
590136;27/03/2024;quarta-feira;18:00:00;SP;116;218;GUARULHOS;Trafegar com motocicleta (ou similar) entre as faixas;Colisão lateral mesmo sentido;Com Vítimas Feridas;Plena Noite;Crescente;Chuva;Múltipla;Reta;Sim;2;0;1;0;1;0;1;2;-23,457972;-46,479927;SPRF-SP;DEL01-SP;UOP01-DEL01-SP
590137;27/03/2024;quarta-feira;12:30:00;BA;101;579,3;CAMACAN;Velocidade Incompatível;Saída de leito carroçável;Com Vítimas Feridas;Pleno dia;Decrescente;Sol;Simples;Reta;Não;2;0;1;0;1;0;1;1;-15,349474;-39,501974;SPRF-BA;DEL05-BA;UOP02-DEL05-BA
590139;27/03/2024;quarta-feira;19:00:00;MG;40;796;JUIZ DE FORA;Neblina;Atropelamento de Pedestre;Com Vítimas Feridas;Plena Noite;Decrescente;Nevoeiro/Neblina;Dupla;Reta;Sim;2;0;1;0;1;0;1;2;-21,81119295;-43,394771;SPRF-MG;DEL05-MG;UOP01-DEL05-MG
590140;27/03/2024;quarta-feira;19:10:00;SP;116;225;GUARULHOS;Velocidade Incompatível;Colisão lateral mesmo sentido;Com Vítimas Feridas;Plena Noite;Decrescente;Chuva;Múltipla;"Declive;Reta";Sim;4;0;2;0;2;0;2;2;-23,48586772;-46,54075317;SPRF-SP;DEL01-SP;UOP01-DEL01-SP
590143;27/03/2024;quarta-feira;17:10:00;MG;116;522,8;CARATINGA;Acessar a via sem observar a presença dos outros veículos;Colisão transversal;Com Vítimas Feridas;Pleno dia;Decrescente;Chuva;Simples;"Interseção de Vias;Rotatória";Sim;2;0;0;1;1;0;1;2;-19,74300101;-42,13231969;SPRF-MG;DEL06-MG;UOP02-DEL06-MG
590144;27/03/2024;quarta-feira;18:00:00;PB;230;210,3;SOLEDADE;Pedestre andava na pista;Atropelamento de Pedestre;Com Vítimas Fatais;Plena Noite;Crescente;Chuva;Simples;Reta;Não;2;1;0;0;1;0;0;2;-7,0807;-36,3232;SPRF-PB;DEL02-PB;UOP02-DEL02-PB
590145;27/03/2024;quarta-feira;19:00:00;SC;101;215,7;PALHOCA;Reação tardia ou ineficiente do condutor;Tombamento;Com Vítimas Fatais;Plena Noite;Decrescente;Nublado;Múltipla;"Interseção de Vias;Curva";Sim;2;1;0;0;1;0;0;2;-27,657942;-48,678136;SPRF-SC;DEL01-SC;UOP02-DEL01-SC
590148;27/03/2024;quarta-feira;19:00:00;RS;290;95;PORTO ALEGRE;Avarias e/ou desgaste excessivo no pneu;Tombamento;Com Vítimas Feridas;Anoitecer;Crescente;Céu Claro;Múltipla;Reta;Não;1;0;1;0;0;0;1;1;-29,982832;-51,201572;SPRF-RS;DEL01-RS;UOP01-DEL01-RS
590149;27/03/2024;quarta-feira;19:20:00;SP;116;337;JUQUITIBA;Reação tardia ou ineficiente do condutor;Atropelamento de Pedestre;Com Vítimas Feridas;Plena Noite;Decrescente;Garoa/Chuvisco;Simples;"Interseção de Vias;Curva";Sim;2;0;1;0;1;0;1;2;-23,9818403;-47,14564419;SPRF-SP;DEL04-SP;UOP03-DEL04-SP
590150;27/03/2024;quarta-feira;19:00:00;PR;369;161,7;CAMBE;Ausência de reação do condutor;Queda de ocupante de veículo;Com Vítimas Feridas;Plena Noite;Crescente;Céu Claro;Dupla;"Reta;Aclive";Não;1;0;1;0;0;0;1;1;-23,29183825;-51,26510382;SPRF-PR;DEL07-PR;UOP01-DEL07-PR
590151;27/03/2024;quarta-feira;19:20:00;MG;40;22,9;PARACATU;Deficiência do Sistema de Iluminação/Sinalização;Colisão traseira;Com Vítimas Feridas;Plena Noite;Decrescente;Chuva;Simples;"Reta;Declive";Não;2;0;1;0;1;0;1;2;-17,113941;-46,992677;SPRF-MG;DEL14-MG;UOP01-DEL14-MG
590152;27/03/2024;quarta-feira;18:00:00;PE;423;109,6;CAETES;Manobra de mudança de faixa;Colisão transversal;Com Vítimas Fatais;Plena Noite;Decrescente;Céu Claro;Simples;Reta;Não;2;1;0;0;1;0;0;2;-8,888511;-36,599037;SPRF-PE;DEL03-PE;UOP01-DEL03-PE
590153;27/03/2024;quarta-feira;19:50:00;PB;230;15;CABEDELO;Reação tardia ou ineficiente do condutor;Colisão traseira;Com Vítimas Feridas;Plena Noite;Crescente;Céu Claro;Dupla;"Viaduto;Reta";Sim;3;0;2;0;1;0;2;2;-7,09988502;-34,84782457;SPRF-PB;DEL01-PB;UOP01-DEL01-PB
590154;27/03/2024;quarta-feira;19:10:00;ES;262;153;IBATIBA;Reação tardia ou ineficiente do condutor;Tombamento;Com Vítimas Feridas;Plena Noite;Crescente;Chuva;Simples;"Curva;Declive";Não;1;0;1;0;0;0;1;1;-20,21492511;-41,45373344;SPRF-ES;DEL01-ES;UOP02-DEL01-ES
590155;27/03/2024;quarta-feira;18:30:00;MG;116;645,7;FERVEDOURO;Transitar no Acostamento;Atropelamento de Pedestre;Sem Vítimas;Plena Noite;Decrescente;Garoa/Chuvisco;Simples;Curva;Não;2;0;0;0;0;2;0;2;-20,69576791;-42,27269707;SPRF-MG;DEL07-MG;UOP02-DEL07-MG
590156;27/03/2024;quarta-feira;19:40:00;ES;101;269;SERRA;Reação tardia ou ineficiente do condutor;Colisão traseira;Com Vítimas Feridas;Plena Noite;Crescente;Céu Claro;Dupla;Reta;Não;2;0;0;1;1;0;1;2;-20,21740496;-40,26990578;SPRF-ES;DEL02-ES;UOP01-DEL02-ES
590157;27/03/2024;quarta-feira;19:20:00;BA;324;354;CAPIM GROSSO;Reação tardia ou ineficiente do condutor;Colisão frontal;Com Vítimas Feridas;Plena Noite;Decrescente;Nublado;Simples;Reta;Sim;2;0;0;1;1;0;1;2;-11,38254125;-40,00315189;SPRF-BA;DEL04-BA;UOP02-DEL04-BA
590158;27/03/2024;quarta-feira;17:15:00;MG;116;539,6;SANTA RITA DE MINAS;Velocidade Incompatível;Saída de leito carroçável;Com Vítimas Feridas;Anoitecer;Crescente;Nublado;Simples;Curva;Não;2;0;0;2;0;0;2;1;-19,88240027;-42,13242591;SPRF-MG;DEL06-MG;UOP02-DEL06-MG
590159;27/03/2024;quarta-feira;19:00:00;RS;470;229;CARLOS BARBOSA;Ausência de reação do condutor;Saída de leito carroçável;Sem Vítimas;Plena Noite;Crescente;Céu Claro;Dupla;"Reta;Aclive";Não;1;0;0;0;1;0;0;1;-29,27981098;-51,49360657;SPRF-RS;DEL06-RS;UOP01-DEL06-RS
590161;27/03/2024;quarta-feira;20:05:00;MG;50;178;UBERABA;Demais falhas na via;Tombamento;Com Vítimas Feridas;Plena Noite;Decrescente;Chuva;Dupla;Declive;Sim;2;0;1;0;1;0;1;1;-19,77896821;-47,94093599;SPRF-MG;DEL13-MG;UOP01-DEL13-MG
590163;27/03/2024;quarta-feira;18:50:00;PR;376;42,8;NOVA LONDRINA;Ausência de reação do condutor;Colisão frontal;Com Vítimas Feridas;Anoitecer;Decrescente;Céu Claro;Simples;Reta;Não;5;0;4;0;1;0;4;2;-22,85198276;-52,97393773;SPRF-PR;DEL09-PR;UOP02-DEL09-PR