id;data_inversa;dia_semana;horario;uf;br;km;municipio;causa_acidente;tipo_acidente;classificacao_acidente;fase_dia;sentido_via;condicao_metereologica;tipo_pista;tracado_via;uso_solo;pessoas;mortos;feridos_leves;feridos_graves;ilesos;ignorados;feridos;veiculos;latitude;longitude;regional;delegacia;uop
590291;28/03/2024;quinta-feira;13:18:00;PR;277;198;PALMEIRA;Ausência de reação do condutor;Tombamento;Com Vítimas Feridas;Pleno dia;Crescente;Céu Claro;Simples;Reta;Não;1;0;1;0;0;0;1;1;-25,44562052;-50,18540075;SPRF-PR;DEL08-PR;UOP02-DEL08-PR
590292;28/03/2024;quinta-feira;14:20:00;PR;369;131;IBIPORA;Acessar a via sem observar a presença dos outros veículos;Colisão transversal;Com Vítimas Feridas;Pleno dia;Crescente;Céu Claro;Dupla;"Retorno Regulamentado;Reta";Sim;5;0;4;0;1;0;4;2;-23,26063428;-50,98875582;SPRF-PR;DEL07-PR;UOP01-DEL07-PR
590293;28/03/2024;quinta-feira;09:45:00;RN;405;72,9;APODI;Acessar a via sem observar a presença dos outros veículos;Colisão transversal;Com Vítimas Feridas;Pleno dia;Crescente;Céu Claro;Simples;Curva;Sim;2;0;0;1;0;1;1;2;-5,62112166;-37,79091547;SPRF-RN;DEL04-RN;UOP02-DEL04-RN
590294;28/03/2024;quinta-feira;14:50:00;SP;116;221;GUARULHOS;Reação tardia ou ineficiente do condutor;Colisão traseira;Com Vítimas Feridas;Pleno dia;Decrescente;Garoa/Chuvisco;Múltipla;Reta;Sim;2;0;1;0;1;0;1;2;-23,46802395;-46,50704901;SPRF-SP;DEL01-SP;UOP01-DEL01-SP
590295;28/03/2024;quinta-feira;14:00:00;SP;116;286;ITAPECERICA DA SERRA;Manobra de mudança de faixa;Colisão frontal;Com Vítimas Feridas;Pleno dia;Decrescente;Nublado;Dupla;Reta;Sim;2;0;1;0;1;0;1;2;-23,70925128;-46,87588966;SPRF-SP;DEL04-SP;UOP01-DEL04-SP
590296;28/03/2024;quinta-feira;13:30:00;RJ;493;63;DUQUE DE CAXIAS;Reação tardia ou ineficiente do condutor;Saída de leito carroçável;Com Vítimas Feridas;Pleno dia;Crescente;Garoa/Chuvisco;Dupla;Reta;Sim;1;0;1;0;0;0;1;1;-22,672089;-43,285053;SPRF-RJ;DEL01-RJ;UOP03-DEL01-RJ
590298;28/03/2024;quinta-feira;11:45:00;MG;381;920;CAMANDUCAIA;Chuva;Saída de leito carroçável;Com Vítimas Feridas;Pleno dia;Crescente;Chuva;Dupla;Curva;Não;4;0;3;0;1;0;3;1;-22,7704869;-46,20021296;SPRF-MG;DEL16-MG;UOP03-DEL16-MG
590302;28/03/2024;quinta-feira;13:53:00;MS;163;18;MUNDO NOVO;Acesso irregular;Colisão com objeto;Sem Vítimas;Pleno dia;Crescente;Céu Claro;Simples;Reta;Sim;1;0;0;0;0;1;0;1;-23,943159;-54,280839;SPRF-MS;DEL09-MS;UOP02-DEL09-MS
590303;28/03/2024;quinta-feira;15:00:00;RJ;101;475;ANGRA DOS REIS;Transitar na contramão;Colisão frontal;Com Vítimas Feridas;Pleno dia;Crescente;Garoa/Chuvisco;Simples;Curva;Sim;2;0;0;1;1;0;1;2;-23,00030529;-44,25655988;SPRF-RJ;DEL03-RJ;UOP03-DEL03-RJ
590304;28/03/2024;quinta-feira;15:00:00;CE;116;63;CHOROZINHO;Reação tardia ou ineficiente do condutor;Colisão traseira;Sem Vítimas;Pleno dia;Crescente;Céu Claro;Simples;Reta;Não;3;0;0;0;3;0;0;3;-4,27263318;-38,49159144;SPRF-CE;DEL03-CE;UOP02-DEL03-CE
590306;28/03/2024;quinta-feira;14:40:00;PE;101;91,1;CABO DE SANTO AGOSTINHO;Mal súbito do condutor;Tombamento;Com Vítimas Fatais;Pleno dia;Crescente;Céu Claro;Dupla;Reta;Não;1;1;0;0;0;0;0;1;-8,22399812;-34,99290474;SPRF-PE;DEL01-PE;UOP01-DEL01-PE
590307;28/03/2024;quinta-feira;14:45:00;SC;282;19;PALHOCA;Acesso irregular;Colisão transversal;Com Vítimas Feridas;Pleno dia;Crescente;Sol;Simples;Reta;Sim;3;0;1;0;1;1;1;3;-27,678635;-48,70192;SPRF-SC;DEL01-SC;UOP02-DEL01-SC
590310;28/03/2024;quinta-feira;14:20:00;GO;364;179;JATAI;Velocidade Incompatível;Saída de leito carroçável;Sem Vítimas;Pleno dia;Crescente;Chuva;Simples;"Curva;Declive";Não;1;0;0;0;0;1;0;1;-17,971079;-51,601059;SPRF-GO;DEL05-GO;UOP01-DEL05-GO
590311;28/03/2024;quinta-feira;15:20:00;PE;101;167;AGUA PRETA;Chuva;Saída de leito carroçável;Com Vítimas Feridas;Pleno dia;Crescente;Chuva;Dupla;Curva;Não;2;0;1;0;1;0;1;1;-8,56679186;-35,47528312;SPRF-PE;DEL01-PE;UOP03-DEL01-PE
590313;28/03/2024;quinta-feira;16:00:00;MG;40;424,9;CURVELO;Afundamento ou ondulação no pavimento;Saída de leito carroçável;Com Vítimas Feridas;Pleno dia;Decrescente;Nublado;Dupla;Reta;Sim;4;0;1;0;3;0;1;1;-19,15639012;-44,52967927;SPRF-MG;DEL02-MG;UOP01-DEL02-MG
590317;28/03/2024;quinta-feira;16:25:00;PI;343;28;PARNAIBA;Reação tardia ou ineficiente do condutor;Colisão traseira;Sem Vítimas;Pleno dia;Decrescente;Céu Claro;Simples;Reta;Não;3;0;0;0;3;0;0;2;-3,052351;-41,77544;SPRF-PI;DEL05-PI;UOP01-DEL05-PI
590320;28/03/2024;quinta-feira;14:00:00;SP;381;80,8;SAO PAULO;Reação tardia ou ineficiente do condutor;Engavetamento;Com Vítimas Feridas;Pleno dia;Crescente;Garoa/Chuvisco;Dupla;Reta;Sim;7;0;1;0;5;1;1;4;-23,40889686;-46,58095945;SPRF-SP;DEL03-SP;UOP01-DEL03-SP
590321;28/03/2024;quinta-feira;16:20:00;MG;50;53,7;ARAGUARI;Frear bruscamente;Saída de leito carroçável;Sem Vítimas;Pleno dia;Crescente;Garoa/Chuvisco;Dupla;Reta;Não;1;0;0;0;1;0;0;1;-18,759049;-48,24054499;SPRF-MG;DEL15-MG;UOP02-DEL15-MG
590322;06/03/2024;quarta-feira;14:00:00;MG;267;292,2;BAEPENDI;Acessar a via sem observar a presença dos outros veículos;Colisão transversal;Com Vítimas Feridas;Pleno dia;Crescente;Nublado;Simples;Reta;Não;2;0;1;0;1;0;1;2;-21,928001;-44,82586;SPRF-MG;DEL17-MG;UOP01-DEL17-MG
590323;28/03/2024;quinta-feira;14:00:00;RS;392;114;CANGUCU;Objeto estático sobre o leito carroçável;Colisão com objeto;Com Vítimas Feridas;Pleno dia;Crescente;Nublado;Simples;"Aclive;Curva";Não;1;0;0;1;0;0;1;1;-31,43234525;-52,65622636;SPRF-RS;DEL07-RS;UOP01-DEL07-RS
590324;28/03/2024;quinta-feira;14:40:00;PI;343;247,5;CAMPO MAIOR;Pedestre cruzava a pista fora da faixa;Atropelamento de Pedestre;Com Vítimas Feridas;Pleno dia;Decrescente;Céu Claro;Simples;Reta;Não;2;0;0;1;1;0;1;2;-4,704566;-42,087029;SPRF-PI;DEL01-PI;UOP03-DEL01-PI
590325;28/03/2024;quinta-feira;16:50:00;MG;381;533,4;ITATIAIUCU;Velocidade Incompatível;Saída de leito carroçável;Com Vítimas Feridas;Pleno dia;Crescente;Chuva;Dupla;Curva;Sim;6;0;2;0;2;2;2;2;-20,1743138;-44,37593244;SPRF-MG;DEL04-MG;UOP03-DEL04-MG
590326;28/03/2024;quinta-feira;16:20:00;MG;365;0;MONTES CLAROS;Acessar a via sem observar a presença dos outros veículos;Colisão lateral mesmo sentido;Com Vítimas Feridas;Pleno dia;Crescente;Céu Claro;Simples;Rotatória;Sim;2;0;0;1;1;0;1;2;-16,716154;-43,863327;SPRF-MG;DEL12-MG;UOP01-DEL12-MG
590327;28/03/2024;quinta-feira;12:15:00;RJ;101;323;NITEROI;Reação tardia ou ineficiente do condutor;Colisão traseira;Sem Vítimas;Pleno dia;Decrescente;Céu Claro;Múltipla;Reta;Não;4;0;0;0;4;0;0;2;-22,87684786;-43,11728689;SPRF-RJ;DEL02-RJ;UOP01-DEL02-RJ
590328;28/03/2024;quinta-feira;17:04:00;PI;316;8,3;TERESINA;Manobra de mudança de faixa;Colisão lateral mesmo sentido;Com Vítimas Feridas;Pleno dia;Crescente;Céu Claro;Simples;Curva;Sim;2;0;1;0;1;0;1;2;-5,16483402;-42,76899508;SPRF-PI;DEL01-PI;UOP02-DEL01-PI
590329;28/03/2024;quinta-feira;15:45:00;RS;285;218,5;CASEIROS;Velocidade Incompatível;Atropelamento de Pedestre;Com Vítimas Feridas;Pleno dia;Decrescente;Nublado;Simples;"Reta;Interseção de Vias";Sim;2;0;1;0;1;0;1;2;-28,272339;-51,690033;SPRF-RS;DEL08-RS;UOP05-DEL08-RS
590331;28/03/2024;quinta-feira;17:30:00;GO;70;2;AGUAS LINDAS DE GOIAS;Reação tardia ou ineficiente do condutor;Saída de leito carroçável;Com Vítimas Feridas;Pleno dia;Crescente;Chuva;Dupla;"Reta;Aclive";Sim;1;0;0;1;0;0;1;1;-15,767021;-48,229945;SPRF-DF;DEL03-DF;UOP02-DEL03-DF
590332;28/03/2024;quinta-feira;14:30:00;SC;101;124;ITAJAI;Reação tardia ou ineficiente do condutor;Colisão traseira;Com Vítimas Feridas;Pleno dia;Crescente;Céu Claro;Dupla;Reta;Sim;3;0;2;0;1;0;2;2;-26,94335064;-48,69198648;SPRF-SC;DEL04-SC;UOP04-DEL04-SC
590333;28/03/2024;quinta-feira;16:45:00;RJ;101;491;ANGRA DOS REIS;Acessar a via sem observar a presença dos outros veículos;Colisão lateral sentido oposto;Com Vítimas Feridas;Pleno dia;Decrescente;Chuva;Simples;Reta;Sim;2;0;1;0;1;0;1;2;-22,95442983;-44,32193004;SPRF-RJ;DEL03-RJ;UOP03-DEL03-RJ
590334;28/03/2024;quinta-feira;14:00:00;AC;317;257;EPITACIOLANDIA;Manobra de mudança de faixa;Capotamento;Com Vítimas Feridas;Pleno dia;Decrescente;Céu Claro;Simples;"Reta;Em Obras";Não;2;0;1;1;0;0;2;1;-10,87009806;-68,49677293;SPRF-AC;DEL01-AC;UOP02-DEL01-AC
590335;28/03/2024;quinta-feira;18:00:00;ES;101;146;LINHARES;Ausência de reação do condutor;Colisão traseira;Sem Vítimas;Plena Noite;Crescente;Nublado;Dupla;Reta;Sim;2;0;0;0;2;0;0;2;-19,36990998;-40,06560718;SPRF-ES;DEL04-ES;UOP01-DEL04-ES
590336;28/03/2024;quinta-feira;15:50:00;SC;101;126;ITAJAI;Trafegar com motocicleta (ou similar) entre as faixas;Colisão transversal;Com Vítimas Feridas;Pleno dia;Crescente;Céu Claro;Dupla;Reta;Sim;2;0;1;0;1;0;1;2;-26,95564404;-48,67978366;SPRF-SC;DEL04-SC;UOP04-DEL04-SC
590337;28/03/2024;quinta-feira;18:00:00;MG;50;72,5;UBERLANDIA;Área urbana sem a presença de local apropriado para a travessia de pedestres;Atropelamento de Pedestre;Com Vítimas Feridas;Anoitecer;Crescente;Chuva;Dupla;Reta;Sim;3;0;0;1;2;0;1;3;-18,9072723;-48,2282244;SPRF-MG;DEL15-MG;UOP01-DEL15-MG
590338;25/03/2024;segunda-feira;03:40:00;BA;20;178;LUIS EDUARDO MAGALHAES;Demais falhas mecânicas ou elétricas;Incêndio;Sem Vítimas;Plena Noite;Decrescente;Céu Claro;Simples;Reta;Não;2;0;0;0;0;2;0;2;-12,380644;-45,865532;SPRF-BA;DEL10-BA;UOP01-DEL10-BA
590339;28/03/2024;quinta-feira;17:45:00;SP;101;43;UBATUBA;Ingestão de álcool pelo condutor;Saída de leito carroçável;Sem Vítimas;Plena Noite;Crescente;Chuva;Simples;Rotatória;Sim;1;0;0;0;1;0;0;1;-23,41217537;-45,05739148;SPRF-SP;DEL06-SP;UOP01-DEL06-SP
590341;28/03/2024;quinta-feira;17:48:00;ES;101;228,6;FUNDAO;Transitar no Acostamento;Atropelamento de Pedestre;Com Vítimas Feridas;Plena Noite;Decrescente;Céu Claro;Dupla;Reta;Sim;2;0;1;0;0;1;1;2;-19,91868701;-40,40570613;SPRF-ES;DEL02-ES;UOP01-DEL02-ES
590342;28/03/2024;quinta-feira;17:25:00;GO;60;163;GOIANIA;Avarias e/ou desgaste excessivo no pneu;Queda de ocupante de veículo;Com Vítimas Feridas;Pleno dia;Crescente;Céu Claro;Dupla;Reta;Sim;2;0;1;0;1;0;1;1;-16,7002;-49,3335;SPRF-GO;DEL01-GO;UOP02-DEL01-GO
590343;28/03/2024;quinta-feira;16:40:00;MS;163;482;CAMPO GRANDE;Acesso irregular;Colisão transversal;Com Vítimas Feridas;Pleno dia;Decrescente;Nublado;Simples;Reta;Sim;3;0;2;0;1;0;2;2;-20,46271123;-54,55411122;SPRF-MS;DEL01-MS;UOP02-DEL01-MS
590345;28/03/2024;quinta-feira;18:00:00;PR;277;709;SANTA TEREZINHA DE ITAIPU;Ausência de sinalização;Colisão traseira;Com Vítimas Feridas;Pleno dia;Crescente;Céu Claro;Dupla;"Reta;Declive";Sim;2;0;1;0;1;0;1;2;-25,44659987;-54,40435706;SPRF-PR;DEL05-PR;UOP01-DEL05-PR
590346;28/03/2024;quinta-feira;17:30:00;MG;365;651,1;UBERLANDIA;Reação tardia ou ineficiente do condutor;Colisão com objeto;Com Vítimas Feridas;Anoitecer;Crescente;Garoa/Chuvisco;Dupla;"Declive;Curva";Não;2;0;2;0;0;0;2;1;-18,8692719;-48,5582797;SPRF-MG;DEL15-MG;UOP01-DEL15-MG
590348;28/03/2024;quinta-feira;17:25:00;PE;101;49;RECIFE;Condutor deixou de manter distância do veículo da frente;Colisão lateral mesmo sentido;Com Vítimas Feridas;Plena Noite;Decrescente;Céu Claro;Simples;Reta;Sim;2;0;0;1;1;0;1;2;-7,9005152;-34,90180641;SPRF-PE;DEL01-PE;UOP02-DEL01-PE
590349;28/03/2024;quinta-feira;17:10:00;SC;470;115;IBIRAMA;Ausência de reação do condutor;Saída de leito carroçável;Com Vítimas Feridas;Pleno dia;Crescente;Céu Claro;Simples;Reta;Não;1;0;1;0;0;0;1;1;-27,080416;-49,485348;SPRF-SC;DEL04-SC;UOP02-DEL04-SC
590351;28/03/2024;quinta-feira;17:35:00;RJ;40;119;DUQUE DE CAXIAS;Ausência de reação do condutor;Colisão com objeto;Com Vítimas Feridas;Anoitecer;Crescente;Céu Claro;Dupla;Reta;Sim;1;0;1;0;0;0;1;1;-22,76375592;-43,28683062;SPRF-RJ;DEL01-RJ;UOP02-DEL01-RJ
590352;28/03/2024;quinta-feira;18:00:00;MG;50;174;UBERABA;Reação tardia ou ineficiente do condutor;Colisão traseira;Com Vítimas Feridas;Anoitecer;Decrescente;Chuva;Dupla;Reta;Não;5;0;1;0;4;0;1;2;-19,770817;-47,973434;SPRF-MG;DEL13-MG;UOP01-DEL13-MG
590353;28/03/2024;quinta-feira;15:10:00;MA;226;35;TIMON;Acesso irregular;Colisão transversal;Com Vítimas Fatais;Pleno dia;Crescente;Céu Claro;Simples;Reta;Não;2;1;0;0;1;0;0;2;-5,14976004;-43,1652832;SPRF-MA;DEL03-MA;UOP02-DEL03-MA
590354;28/03/2024;quinta-feira;17:45:00;PR;116;120,8;CURITIBA;Manobra de mudança de faixa;Colisão lateral mesmo sentido;Com Vítimas Feridas;Plena Noite;Crescente;Céu Claro;Dupla;"Reta;Aclive";Sim;2;0;1;0;0;1;1;2;-25,55122256;-49,30503748;SPRF-PR;DEL01-PR;UOP03-DEL01-PR
590355;28/03/2024;quinta-feira;17:50:00;GO;60;118;TEREZOPOLIS DE GOIAS;Desrespeitar a preferência no cruzamento;Colisão transversal;Com Vítimas Feridas;Anoitecer;Crescente;Céu Claro;Dupla;Interseção de Vias;Sim;2;0;2;0;0;0;2;2;-16,48362106;-49,0925467;SPRF-GO;DEL01-GO;UOP01-DEL01-GO
590357;28/03/2024;quinta-feira;18:15:00;SC;101;209,8;SAO JOSE;Reação tardia ou ineficiente do condutor;Colisão lateral mesmo sentido;Com Vítimas Feridas;Plena Noite;Decrescente;Ignorado;Múltipla;Reta;Sim;2;0;1;0;1;0;1;2;-27,61000542;-48,63895057;SPRF-SC;DEL01-SC;UOP01-DEL01-SC
590358;28/03/2024;quinta-feira;18:40:00;ES;259;59,7;COLATINA;Reação tardia ou ineficiente do condutor;Tombamento;Com Vítimas Feridas;Plena Noite;Crescente;Céu Claro;Simples;"Reta;Aclive";Não;1;0;0;1;0;0;1;1;-19,52125411;-40,66594194;SPRF-ES;DEL02-ES;UOP01-DEL02-ES
590360;28/03/2024;quinta-feira;18:05:00;MG;381;481;CONTAGEM;Ausência de reação do condutor;Colisão traseira;Com Vítimas Feridas;Plena Noite;Crescente;Céu Claro;Múltipla;"Aclive;Reta";Sim;3;0;1;0;2;0;1;2;-19,9582533;-44,0665107;SPRF-MG;DEL01-MG;UOP03-DEL01-MG
590361;28/03/2024;quinta-feira;16:00:00;RJ;101;210;CASIMIRO DE ABREU;Chuva;Saída de leito carroçável;Sem Vítimas;Pleno dia;Decrescente;Chuva;Dupla;Curva;Não;1;0;0;0;1;0;0;1;-22,48164701;-42,23710101;SPRF-RJ;DEL08-RJ;UOP04-DEL08-RJ
590363;28/03/2024;quinta-feira;18:50:00;AP;210;0;MACAPA;Manobra de mudança de faixa;Colisão lateral mesmo sentido;Com Vítimas Feridas;Anoitecer;Crescente;Céu Claro;Dupla;Reta;Sim;6;0;2;0;4;0;2;3;0,07780012;-51,06097;SPRF-AP;DEL01-AP;UOP01-DEL01-AP
590365;28/03/2024;quinta-feira;12:30:00;MT;174;340;CONQUISTA DOESTE;Acumulo de água sobre o pavimento;Saída de leito carroçável;Com Vítimas Feridas;Pleno dia;Decrescente;Chuva;Simples;Reta;Não;2;0;0;1;1;0;1;1;-14,800064;-59,32334903;SPRF-MT;DEL04-MT;UOP01-DEL04-MT
590366;28/03/2024;quinta-feira;17:00:00;PR;369;52;BANDEIRANTES;Velocidade Incompatível;Eventos atípicos;Sem Vítimas;Pleno dia;Decrescente;Céu Claro;Simples;"Rotatória;Interseção de Vias";Não;1;0;0;0;0;1;0;1;-23,1105319;-50,33539116;SPRF-PR;DEL07-PR;UOP05-DEL07-PR
590367;28/03/2024;quinta-feira;18:50:00;RJ;40;18;TRES RIOS;Animais na Pista;Atropelamento de Animal;Com Vítimas Feridas;Anoitecer;Decrescente;Chuva;Dupla;Reta;Não;1;0;1;0;0;0;1;1;-22,09282704;-43,17077482;SPRF-RJ;DEL05-RJ;UOP02-DEL05-RJ
590368;28/03/2024;quinta-feira;19:30:00;CE;116;157,6;RUSSAS;Deficiência do Sistema de Iluminação/Sinalização;Colisão traseira;Com Vítimas Feridas;Plena Noite;Crescente;Nublado;Simples;Reta;Não;4;0;1;3;0;0;4;2;-4,89917199;-38,00907599;SPRF-CE;DEL03-CE;UOP01-DEL03-CE
590369;28/03/2024;quinta-feira;19:08:00;AP;210;16;MACAPA;Ingestão de álcool pelo condutor;Capotamento;Com Vítimas Feridas;Plena Noite;Crescente;Céu Claro;Simples;Reta;Sim;1;0;1;0;0;0;1;1;0,17108692;-51,1248476;SPRF-AP;DEL01-AP;UOP01-DEL01-AP
590371;28/03/2024;quinta-feira;18:40:00;ES;259;31,8;COLATINA;Reação tardia ou ineficiente do condutor;Colisão com objeto;Com Vítimas Fatais;Plena Noite;Decrescente;Céu Claro;Simples;Curva;Não;3;1;1;0;1;0;1;2;-19,5771153;-40,5073421;SPRF-ES;DEL02-ES;UOP01-DEL02-ES
590372;28/03/2024;quinta-feira;17:48:00;MT;364;198,4;RONDONOPOLIS;Reação tardia ou ineficiente do condutor;Colisão lateral mesmo sentido;Com Vítimas Feridas;Anoitecer;Decrescente;Nublado;Dupla;Reta;Sim;2;0;1;0;1;0;1;2;-16,50621198;-54,62294799;SPRF-MT;DEL02-MT;UOP01-DEL02-MT
590374;28/03/2024;quinta-feira;18:05:00;SC;282;16;PALHOCA;Reação tardia ou ineficiente do condutor;Colisão transversal;Com Vítimas Feridas;Plena Noite;Decrescente;Céu Claro;Múltipla;Reta;Sim;2;0;1;0;1;0;1;2;-27,65561821;-48,67913783;SPRF-SC;DEL01-SC;UOP02-DEL01-SC
590376;28/03/2024;quinta-feira;18:00:00;RJ;493;21;MAGE;Conversão proibida;Colisão transversal;Com Vítimas Feridas;Plena Noite;Crescente;Garoa/Chuvisco;Simples;Reta;Não;2;0;0;1;1;0;1;2;-22,66151289;-43,04480692;SPRF-RJ;DEL04-RJ;UOP02-DEL04-RJ
590377;28/03/2024;quinta-feira;17:00:00;RJ;40;100;DUQUE DE CAXIAS;Chuva;Capotamento;Com Vítimas Feridas;Anoitecer;Decrescente;Chuva;Simples;Curva;Não;2;0;1;0;1;0;1;1;-22,59404803;-43,28079889;SPRF-RJ;DEL01-RJ;UOP01-DEL01-RJ
590380;28/03/2024;quinta-feira;19:50:00;MG;381;505,2;BETIM;Ausência de reação do condutor;Saída de leito carroçável;Sem Vítimas;Plena Noite;Decrescente;Chuva;Múltipla;Reta;Sim;1;0;0;0;0;1;0;1;-20,03674;-44,24571;SPRF-MG;DEL01-MG;UOP03-DEL01-MG
590382;28/03/2024;quinta-feira;14:30:00;AC;364;227;SENA MADUREIRA;Reação tardia ou ineficiente do condutor;Capotamento;Com Vítimas Feridas;Pleno dia;Crescente;Céu Claro;Simples;Reta;Não;2;0;2;0;0;0;2;1;-9,40802017;-68,42954719;SPRF-AC;DEL01-AC;UOP01-DEL01-AC
590383;28/03/2024;quinta-feira;18:59:00;PE;232;126,2;CARUARU;Ausência de reação do condutor;Colisão com objeto;Com Vítimas Feridas;Plena Noite;Decrescente;Céu Claro;Dupla;"Aclive;Reta";Não;1;0;0;1;0;0;1;1;-8,30807544;-35,957669;SPRF-PE;DEL02-PE;UOP01-DEL02-PE
590384;28/03/2024;quinta-feira;19:50:00;SP;153;63,7;SAO JOSE DO RIO PRETO;Manobra de mudança de faixa;Colisão lateral mesmo sentido;Com Vítimas Feridas;Plena Noite;Decrescente;Nublado;Dupla;Reta;Sim;2;0;1;0;1;0;1;2;-20,82149698;-49,35764818;SPRF-SP;DEL09-SP;UOP01-DEL09-SP
590385;28/03/2024;quinta-feira;18:20:00;MS;262;563;MIRANDA;Manobra de mudança de faixa;Colisão frontal;Com Vítimas Fatais;Plena Noite;Crescente;Céu Claro;Simples;Reta;Não;4;1;0;1;2;0;1;2;-20,21325105;-56,41734003;SPRF-MS;DEL03-MS;UOP02-DEL03-MS
590386;28/03/2024;quinta-feira;17:00:00;MG;116;515,9;UBAPORANGA;Velocidade Incompatível;Saída de leito carroçável;Com Vítimas Feridas;Pleno dia;Decrescente;Nublado;Simples;Curva;Não;1;0;1;0;0;0;1;1;-19,698461;-42,115989;SPRF-MG;DEL06-MG;UOP02-DEL06-MG
590387;28/03/2024;quinta-feira;18:20:00;RS;153;46,5;ERECHIM;Acessar a via sem observar a presença dos outros veículos;Colisão transversal;Com Vítimas Feridas;Anoitecer;Crescente;Nublado;Simples;"Reta;Interseção de Vias";Sim;2;0;1;0;1;0;1;2;-27,63707891;-52,23986149;SPRF-RS;DEL08-RS;UOP04-DEL08-RS
590389;28/03/2024;quinta-feira;18:53:00;MS;163;310,5;RIO BRILHANTE;Acessar a via sem observar a presença dos outros veículos;Colisão frontal;Com Vítimas Feridas;Plena Noite;Crescente;Céu Claro;Dupla;Reta;Não;3;0;0;1;2;0;1;3;-21,895606;-54,524198;SPRF-MS;DEL02-MS;UOP02-DEL02-MS
590391;28/03/2024;quinta-feira;19:50:00;MG;40;787,1;JUIZ DE FORA;Avarias e/ou desgaste excessivo no pneu;Colisão com objeto;Com Vítimas Feridas;Plena Noite;Crescente;Chuva;Dupla;Curva;Não;1;0;1;0;0;0;1;1;-21,73607735;-43,44262787;SPRF-MG;DEL05-MG;UOP01-DEL05-MG
590392;28/03/2024;quinta-feira;19:20:00;PB;361;21;SANTA TERESINHA;Ausência de reação do condutor;Colisão lateral mesmo sentido;Com Vítimas Feridas;Plena Noite;Crescente;Nublado;Simples;Reta;Não;3;0;2;0;1;0;2;2;-7,08286207;-37,43049198;SPRF-PB;DEL03-PB;UOP01-DEL03-PB
590393;28/03/2024;quinta-feira;19:25:00;SC;282;535,2;CHAPECO;Acessar a via sem observar a presença dos outros veículos;Colisão transversal;Com Vítimas Feridas;Plena Noite;Crescente;Céu Claro;Simples;Interseção de Vias;Não;2;0;0;1;1;0;1;2;-26,999363;-52,64615;SPRF-SC;DEL07-SC;UOP01-DEL07-SC
590394;28/03/2024;quinta-feira;19:40:00;PR;116;118;CURITIBA;Ausência de reação do condutor;Tombamento;Com Vítimas Feridas;Plena Noite;Crescente;Céu Claro;Dupla;Reta;Sim;1;0;1;0;0;0;1;1;-25,569125;-49,310388;SPRF-PR;DEL01-PR;UOP03-DEL01-PR
590395;28/03/2024;quinta-feira;18:10:00;RJ;101;324;NITEROI;Manobra de mudança de faixa;Colisão traseira;Com Vítimas Feridas;Plena Noite;Crescente;Nublado;Dupla;Reta;Sim;3;0;2;0;1;0;2;2;-22,87381074;-43,12640997;SPRF-RJ;DEL02-RJ;UOP01-DEL02-RJ
590396;28/03/2024;quinta-feira;15:14:00;PI;407;542,6;JACOBINA DO PIAUI;Ausência de reação do condutor;Saída de leito carroçável;Com Vítimas Feridas;Pleno dia;Crescente;Nublado;Simples;Reta;Não;2;0;2;0;0;0;2;1;-7,892777;-41,201498;SPRF-PI;DEL04-PI;UOP01-DEL04-PI
590397;28/03/2024;quinta-feira;09:10:00;BA;324;625,9;SALVADOR;Avarias e/ou desgaste excessivo no pneu;Tombamento;Com Vítimas Feridas;Pleno dia;Crescente;Céu Claro;Dupla;Reta;Não;2;0;2;0;0;0;2;1;-12,94194706;-38,47081224;SPRF-BA;DEL01-BA;UOP01-DEL01-BA
590398;28/03/2024;quinta-feira;18:40:00;MG;267;242,4;SERITINGA;Ingestão de álcool pelo condutor;Colisão frontal;Com Vítimas Feridas;Plena Noite;Decrescente;Nublado;Simples;"Reta;Declive";Não;3;0;1;0;2;0;1;2;-21,91991284;-44,42208207;SPRF-MG;DEL17-MG;UOP01-DEL17-MG
590399;28/03/2024;quinta-feira;19:15:00;AM;230;614;HUMAITA;Reação tardia ou ineficiente do condutor;Queda de ocupante de veículo;Com Vítimas Feridas;Plena Noite;Crescente;Céu Claro;Simples;Reta;Sim;2;0;1;0;1;0;1;2;-7,5431936;-63,0718464;SPRF-AM;DEL01-AM;UOP05-DEL01-AM
590400;28/03/2024;quinta-feira;18:00:00;RS;158;144,4;PANAMBI;Chuva;Colisão frontal;Com Vítimas Feridas;Amanhecer;Crescente;Chuva;Simples;Reta;Não;3;0;2;0;1;0;2;2;-28,23443887;-53,47576408;SPRF-RS;DEL10-RS;UOP02-DEL10-RS
590401;28/03/2024;quinta-feira;20:30:00;SC;101;145;ITAPEMA;Manobra de mudança de faixa;Colisão lateral mesmo sentido;Com Vítimas Feridas;Plena Noite;Decrescente;Céu Claro;Dupla;Curva;Não;2;0;1;0;1;0;1;2;-27,08139206;-48,60130993;SPRF-SC;DEL04-SC;UOP03-DEL04-SC
590402;28/03/2024;quinta-feira;20:54:00;PE;232;126,2;CARUARU;Manobra de mudança de faixa;Colisão lateral mesmo sentido;Com Vítimas Feridas;Plena Noite;Decrescente;Céu Claro;Dupla;Reta;Sim;2;0;1;0;0;1;1;2;-8,30819677;-35,95467594;SPRF-PE;DEL02-PE;UOP01-DEL02-PE
590403;27/03/2024;quarta-feira;09:40:00;RJ;101;384;RIO DE JANEIRO;Reação tardia ou ineficiente do condutor;Eventos atípicos;Com Vítimas Feridas;Pleno dia;Decrescente;Nublado;Dupla;Reta;Sim;3;0;1;0;1;1;1;3;-22,87911609;-43,62323999;SPRF-RJ;DEL03-RJ;UOP01-DEL03-RJ