id;data_inversa;dia_semana;horario;uf;br;km;municipio;causa_acidente;tipo_acidente;classificacao_acidente;fase_dia;sentido_via;condicao_metereologica;tipo_pista;tracado_via;uso_solo;pessoas;mortos;feridos_leves;feridos_graves;ilesos;ignorados;feridos;veiculos;latitude;longitude;regional;delegacia;uop
590405;28/03/2024;quinta-feira;19:20:00;RS;116;223;DOIS IRMAOS;Transitar na contramão;Colisão frontal;Com Vítimas Feridas;Plena Noite;Crescente;Céu Claro;Simples;Curva;Não;2;0;0;2;0;0;2;2;-29,58805922;-51,09877467;SPRF-RS;DEL01-RS;UOP02-DEL01-RS
590406;28/03/2024;quinta-feira;19:40:00;GO;60;28;ALEXANIA;Velocidade Incompatível;Colisão com objeto;Com Vítimas Feridas;Plena Noite;Decrescente;Ignorado;Dupla;Declive;Não;1;0;1;0;0;0;1;1;-16,0963;-48,5202;SPRF-DF;DEL03-DF;UOP01-DEL03-DF
590407;28/03/2024;quinta-feira;19:30:00;PR;369;52;BANDEIRANTES;Ingestão de álcool pelo condutor;Queda de ocupante de veículo;Com Vítimas Feridas;Plena Noite;Crescente;Céu Claro;Simples;"Rotatória;Interseção de Vias";Não;1;0;1;0;0;0;1;1;-23,11146292;-50,33336612;SPRF-PR;DEL07-PR;UOP05-DEL07-PR
590408;28/03/2024;quinta-feira;20:16:00;MG;365;627;UBERLANDIA;Trafegar com motocicleta (ou similar) entre as faixas;Colisão transversal;Com Vítimas Feridas;Plena Noite;Crescente;Chuva;Dupla;Reta;Sim;2;0;0;1;1;0;1;2;-18,90359335;-48,34361612;SPRF-MG;DEL15-MG;UOP01-DEL15-MG
590409;28/03/2024;quinta-feira;20:30:00;SP;116;225;GUARULHOS;Mal súbito do condutor;Engavetamento;Com Vítimas Feridas;Plena Noite;Decrescente;Nublado;Múltipla;Declive;Sim;3;0;3;0;0;0;3;3;-23,48586772;-46,54075317;SPRF-SP;DEL01-SP;UOP01-DEL01-SP
590410;28/03/2024;quinta-feira;21:20:00;SC;116;69;MONTE CASTELO;Condutor deixou de manter distância do veículo da frente;Colisão traseira;Sem Vítimas;Plena Noite;Decrescente;Céu Claro;Simples;"Declive;Reta";Não;2;0;0;0;2;0;0;2;-26,46036818;-50,22889671;SPRF-SC;DEL06-SC;UOP02-DEL06-SC
590413;28/03/2024;quinta-feira;19:50:00;SC;158;134,6;CAIBI;Ingestão de álcool pelo condutor;Colisão traseira;Com Vítimas Feridas;Plena Noite;Decrescente;Céu Claro;Simples;Reta;Não;6;0;2;0;3;1;2;3;-27,05453956;-53,22875977;SPRF-SC;DEL07-SC;UOP02-DEL07-SC
590414;28/03/2024;quinta-feira;20:55:00;RN;101;125,5;SAO JOSE DE MIPIBU;Acessar a via sem observar a presença dos outros veículos;Colisão transversal;Com Vítimas Feridas;Plena Noite;Decrescente;Chuva;Dupla;"Interseção de Vias;Reta";Sim;3;0;1;1;1;0;2;2;-6,07815599;-35,23412006;SPRF-RN;DEL01-RN;UOP01-DEL01-RN
590415;28/03/2024;quinta-feira;19:35:00;SC;282;374,8;ERVAL VELHO;Transitar na contramão;Colisão frontal;Com Vítimas Fatais;Plena Noite;Crescente;Céu Claro;Simples;Curva;Não;2;1;0;0;0;1;0;2;-27,236115;-51,452618;SPRF-SC;DEL07-SC;UOP05-DEL07-SC
590416;28/03/2024;quinta-feira;21:30:00;SP;116;221;GUARULHOS;Acessar a via sem observar a presença dos outros veículos;Colisão transversal;Com Vítimas Feridas;Pleno dia;Decrescente;Céu Claro;Múltipla;Reta;Não;2;0;1;0;1;0;1;2;-23,46802395;-46,50704901;SPRF-SP;DEL01-SP;UOP01-DEL01-SP
590417;28/03/2024;quinta-feira;21:10:00;SP;381;21,1;BRAGANCA PAULISTA;Pedestre cruzava a pista fora da faixa;Atropelamento de Pedestre;Com Vítimas Fatais;Plena Noite;Decrescente;Nublado;Dupla;"Declive;Curva";Não;2;1;0;0;1;0;0;2;-22,99140199;-46,50878201;SPRF-SP;DEL03-SP;UOP02-DEL03-SP
590418;28/03/2024;quinta-feira;20:35:00;PR;376;197;MARIALVA;Reação tardia ou ineficiente do condutor;Colisão traseira;Sem Vítimas;Plena Noite;Crescente;Céu Claro;Dupla;"Declive;Curva";Não;2;0;0;0;2;0;0;2;-23,50257988;-51,75323097;SPRF-PR;DEL09-PR;UOP01-DEL09-PR
590419;28/03/2024;quinta-feira;19:50:00;PI;316;27;DEMERVAL LOBAO;Demais falhas mecânicas ou elétricas;Tombamento;Com Vítimas Feridas;Plena Noite;Crescente;Nublado;Dupla;Reta;Não;1;0;1;0;0;0;1;1;-5,30982304;-42,70451509;SPRF-PI;DEL01-PI;UOP02-DEL01-PI
590421;28/03/2024;quinta-feira;20:30:00;RJ;101;65;CAMPOS DOS GOYTACAZES;Reação tardia ou ineficiente do condutor;Colisão traseira;Com Vítimas Feridas;Plena Noite;Crescente;Garoa/Chuvisco;Dupla;Reta;Não;2;0;1;0;1;0;1;2;-21,75371806;-41,344292;SPRF-RJ;DEL08-RJ;UOP02-DEL08-RJ
590422;28/03/2024;quinta-feira;18:30:00;MA;135;23;SAO LUIS;Acessar a via sem observar a presença dos outros veículos;Colisão transversal;Com Vítimas Feridas;Plena Noite;Crescente;Céu Claro;Dupla;Reta;Não;2;0;1;0;1;0;1;2;-2,75265593;-44,34833106;SPRF-MA;DEL01-MA;UOP01-DEL01-MA
590423;28/03/2024;quinta-feira;21:00:00;RJ;101;66;CAMPOS DOS GOYTACAZES;Condutor deixou de manter distância do veículo da frente;Colisão traseira;Com Vítimas Feridas;Plena Noite;Crescente;Garoa/Chuvisco;Dupla;Curva;Sim;4;0;2;0;2;0;2;2;-21,764684;-41,346623;SPRF-RJ;DEL08-RJ;UOP02-DEL08-RJ
590424;28/03/2024;quinta-feira;16:10:00;MA;135;150;MATOES DO NORTE;Condutor deixou de manter distância do veículo da frente;Colisão traseira;Com Vítimas Feridas;Pleno dia;Crescente;Céu Claro;Simples;Reta;Não;7;0;0;1;6;0;1;2;-3,76035;-44,50991;SPRF-MA;DEL01-MA;UOP02-DEL01-MA
590426;28/03/2024;quinta-feira;21:00:00;PR;277;345;GUARAPUAVA;Transitar na contramão;Colisão lateral sentido oposto;Com Vítimas Fatais;Plena Noite;Decrescente;Céu Claro;Dupla;Reta;Sim;11;1;3;3;4;0;6;4;-25,36542371;-51,47830725;SPRF-PR;DEL08-PR;UOP01-DEL08-PR
590428;28/03/2024;quinta-feira;22:00:00;RS;116;266;CANOAS;Falta de acostamento;Colisão traseira;Com Vítimas Feridas;Plena Noite;Crescente;Céu Claro;Dupla;Reta;Sim;5;0;3;0;2;0;3;2;-29,93242399;-51,17742077;SPRF-RS;DEL01-RS;UOP01-DEL01-RS
590429;28/03/2024;quinta-feira;21:40:00;SP;116;281;EMBU DAS ARTES;Trafegar com motocicleta (ou similar) entre as faixas;Queda de ocupante de veículo;Com Vítimas Feridas;Plena Noite;Decrescente;Nublado;Dupla;"Aclive;Interseção de Vias";Não;1;0;0;1;0;0;1;1;-23,67784787;-46,85769227;SPRF-SP;DEL04-SP;UOP01-DEL04-SP
590430;28/03/2024;quinta-feira;08:10:00;GO;153;207;URUACU;Frear bruscamente;Colisão traseira;Sem Vítimas;Pleno dia;Decrescente;Nublado;Dupla;"Reta;Aclive";Não;2;0;0;0;2;0;0;2;-14,576796;-49,158405;SPRF-GO;DEL07-GO;UOP02-DEL07-GO
590431;28/03/2024;quinta-feira;22:25:00;ES;101;148,8;LINHARES;Conversão proibida;Colisão lateral mesmo sentido;Com Vítimas Feridas;Plena Noite;Crescente;Céu Claro;Dupla;Interseção de Vias;Sim;2;0;0;1;1;0;1;2;-19,38787399;-40,06752766;SPRF-ES;DEL04-ES;UOP01-DEL04-ES
590433;28/03/2024;quinta-feira;21:55:00;SC;282;218,6;LAGES;Transitar na contramão;Colisão frontal;Com Vítimas Feridas;Plena Noite;Crescente;Nublado;Simples;Reta;Sim;3;0;2;0;1;0;2;2;-27,797235;-50,31361;SPRF-SC;DEL05-SC;UOP01-DEL05-SC
590434;28/03/2024;quinta-feira;22:00:00;SP;116;228;SAO PAULO;Manobra de mudança de faixa;Colisão traseira;Com Vítimas Feridas;Plena Noite;Decrescente;Céu Claro;Múltipla;Reta;Não;2;0;1;0;1;0;1;2;-23,50343484;-46,56638712;SPRF-SP;DEL01-SP;UOP01-DEL01-SP
590435;28/03/2024;quinta-feira;22:20:00;RN;226;64;SERRA CAIADA;Manobra de mudança de faixa;Colisão frontal;Com Vítimas Feridas;Plena Noite;Crescente;Céu Claro;Simples;Reta;Não;2;0;2;0;0;0;2;2;-6,0740381;-35,68692985;SPRF-RN;DEL01-RN;UOP02-DEL01-RN
590436;28/03/2024;quinta-feira;20:15:00;MG;381;913;CAMANDUCAIA;Velocidade Incompatível;Colisão com objeto;Com Vítimas Feridas;Plena Noite;Decrescente;Chuva;Dupla;Curva;Não;2;0;1;0;1;0;1;2;-22,75390001;-46,146503;SPRF-MG;DEL16-MG;UOP03-DEL16-MG
590437;28/03/2024;quinta-feira;20:00:00;SC;101;310,2;LAGUNA;Estacionar ou parar em local proibido;Colisão com objeto;Com Vítimas Fatais;Plena Noite;Decrescente;Céu Claro;Múltipla;Reta;Não;2;1;0;0;1;0;0;2;-28,4352385;-48,8075854;SPRF-SC;DEL02-SC;UOP01-DEL02-SC
590438;28/03/2024;quinta-feira;21:50:00;SC;282;22;SANTO AMARO DA IMPERATRIZ;Acessar a via sem observar a presença dos outros veículos;Colisão frontal;Com Vítimas Feridas;Pleno dia;Crescente;Céu Claro;Simples;Interseção de Vias;Não;3;0;2;0;1;0;2;2;-27,688507;-48,72739;SPRF-SC;DEL01-SC;UOP02-DEL01-SC
590439;28/03/2024;quinta-feira;22:20:00;SC;282;54,3;AGUAS MORNAS;Velocidade Incompatível;Saída de leito carroçável;Com Vítimas Feridas;Plena Noite;Decrescente;Garoa/Chuvisco;Simples;"Declive;Curva";Não;3;0;0;1;2;0;1;1;-27,685799;-48,974514;SPRF-SC;DEL01-SC;UOP03-DEL01-SC
590440;28/03/2024;quinta-feira;22:50:00;MG;40;413,3;CURVELO;Ausência de reação do condutor;Colisão traseira;Sem Vítimas;Plena Noite;Decrescente;Céu Claro;Simples;Reta;Não;2;0;0;0;2;0;0;2;-19,13248388;-44,62252053;SPRF-MG;DEL02-MG;UOP01-DEL02-MG
590442;28/03/2024;quinta-feira;22:40:00;MG;116;595;MANHUACU;Reação tardia ou ineficiente do condutor;Saída de leito carroçável;Com Vítimas Feridas;Plena Noite;Decrescente;Céu Claro;Simples;Reta;Não;4;0;3;0;1;0;3;1;-20,29516807;-42,14747044;SPRF-MG;DEL06-MG;UOP03-DEL06-MG
590443;28/03/2024;quinta-feira;10:50:00;RS;285;151,9;MUITOS CAPOES;Ingestão de álcool pelo condutor;Colisão frontal;Com Vítimas Feridas;Plena Noite;Decrescente;Nublado;Simples;Curva;Não;2;0;2;0;0;0;2;2;-28,34384;-51,148235;SPRF-RS;DEL05-RS;UOP03-DEL05-RS
590444;28/03/2024;quinta-feira;11:45:00;RJ;101;331;RIO DE JANEIRO;Avarias e/ou desgaste excessivo no pneu;Colisão lateral mesmo sentido;Com Vítimas Feridas;Pleno dia;Decrescente;Garoa/Chuvisco;Dupla;Reta;Não;2;0;1;0;1;0;1;2;-22,867662;-43,195337;SPRF-RJ;DEL02-RJ;UOP01-DEL02-RJ
590445;29/03/2024;sexta-feira;00:16:00;RS;116;526;PELOTAS;Animais na Pista;Atropelamento de Animal;Com Vítimas Feridas;Plena Noite;Crescente;Céu Claro;Dupla;Curva;Sim;2;0;0;2;0;0;2;1;-31,74307729;-52,39966642;SPRF-RS;DEL07-RS;UOP01-DEL07-RS
590447;29/03/2024;sexta-feira;00:30:00;MG;40;511,4;RIBEIRAO DAS NEVES;Reação tardia ou ineficiente do condutor;Saída de leito carroçável;Com Vítimas Feridas;Plena Noite;Decrescente;Nublado;Dupla;Curva;Não;1;0;1;0;0;0;1;1;-19,78459384;-44,11506414;SPRF-MG;DEL01-MG;UOP02-DEL01-MG
590448;29/03/2024;sexta-feira;01:00:00;MG;262;361;BETIM;Ingestão de álcool pelo condutor;Saída de leito carroçável;Com Vítimas Feridas;Plena Noite;Crescente;Chuva;Dupla;Curva;Não;1;0;0;1;0;0;1;1;-19,97334;-44,26498;SPRF-MG;DEL01-MG;UOP03-DEL01-MG
590449;29/03/2024;sexta-feira;00:40:00;DF;40;3,1;BRASILIA;Animais na Pista;Atropelamento de Animal;Com Vítimas Feridas;Plena Noite;Crescente;Céu Claro;Dupla;Reta;Sim;1;0;1;0;0;0;1;1;-16,003145;-47,983944;SPRF-DF;DEL01-DF;UOP01-DEL01-DF
590450;29/03/2024;sexta-feira;01:00:00;SC;470;57,9;BLUMENAU;Ingestão de álcool pelo condutor;Colisão transversal;Com Vítimas Feridas;Plena Noite;Decrescente;Céu Claro;Simples;Reta;Sim;2;0;1;0;1;0;1;2;-26,880428;-49,136532;SPRF-SC;DEL04-SC;UOP01-DEL04-SC
590452;29/03/2024;sexta-feira;01:28:00;PR;116;13,9;COLOMBO;Ausência de reação do condutor;Colisão com objeto;Com Vítimas Fatais;Plena Noite;Decrescente;Céu Claro;Dupla;Reta;Sim;2;1;0;0;0;1;0;2;-25,3785;-49,1564;SPRF-PR;DEL01-PR;UOP02-DEL01-PR
590453;29/03/2024;sexta-feira;02:15:00;MG;262;160;SAO DOMINGOS DO PRATA;Ingestão de álcool pelo condutor;Colisão transversal;Sem Vítimas;Plena Noite;Crescente;Céu Claro;Simples;Curva;Não;2;0;0;0;2;0;0;2;-19,96282686;-42,83491942;SPRF-MG;DEL03-MG;UOP03-DEL03-MG
590454;28/03/2024;quinta-feira;23:30:00;RO;364;703;PORTO VELHO;Ausência de reação do condutor;Saída de leito carroçável;Com Vítimas Feridas;Plena Noite;Crescente;Nublado;Dupla;"Retorno Regulamentado;Interseção de Vias";Sim;1;0;1;0;0;0;1;1;-8,80021523;-63,79557792;SPRF-RO;DEL01-RO;UOP01-DEL01-RO
590455;29/03/2024;sexta-feira;01:15:00;ES;259;53,6;COLATINA;Reação tardia ou ineficiente do condutor;Colisão traseira;Com Vítimas Feridas;Plena Noite;Decrescente;Nublado;Dupla;"Reta;Declive";Não;2;0;0;1;0;1;1;2;-19,49989886;-40,62939795;SPRF-ES;DEL02-ES;UOP01-DEL02-ES
590456;29/03/2024;sexta-feira;01:00:00;MG;354;735,4;POUSO ALTO;Reação tardia ou ineficiente do condutor;Colisão traseira;Sem Vítimas;Plena Noite;Decrescente;Garoa/Chuvisco;Simples;Reta;Sim;3;0;0;0;3;0;0;3;-22,19645715;-44,97441512;SPRF-MG;DEL17-MG;UOP01-DEL17-MG
590458;29/03/2024;sexta-feira;01:55:00;RS;290;47,6;GLORINHA;Condutor Dormindo;Colisão com objeto;Com Vítimas Feridas;Plena Noite;Crescente;Céu Claro;Dupla;"Reta;Em Obras";Não;1;0;1;0;0;0;1;1;-29,902617;-50,748444;SPRF-RS;DEL03-RS;UOP01-DEL03-RS
590460;29/03/2024;sexta-feira;01:00:00;MG;50;185,6;UBERABA;Demais falhas na via;Tombamento;Com Vítimas Feridas;Plena Noite;Crescente;Chuva;Dupla;Reta;Não;1;0;1;0;0;0;1;1;-19,8172798;-47,89559069;SPRF-MG;DEL13-MG;UOP01-DEL13-MG
590461;29/03/2024;sexta-feira;02:10:00;MG;50;184;UBERABA;Ausência de reação do condutor;Saída de leito carroçável;Com Vítimas Feridas;Plena Noite;Crescente;Garoa/Chuvisco;Dupla;Reta;Não;2;0;1;0;0;1;1;2;-19,80945315;-47,90078523;SPRF-MG;DEL13-MG;UOP01-DEL13-MG
590463;29/03/2024;sexta-feira;02:20:00;RO;319;59;PORTO VELHO;Ingestão de álcool pelo condutor;Colisão com objeto;Sem Vítimas;Plena Noite;Decrescente;Céu Claro;Dupla;Reta;Sim;1;0;0;0;1;0;0;1;-8,74327561;-63,91271174;SPRF-RO;DEL01-RO;UOP01-DEL01-RO
590464;29/03/2024;sexta-feira;02:25:00;SP;153;74,9;BADY BASSITT;Velocidade Incompatível;Colisão traseira;Com Vítimas Feridas;Plena Noite;Crescente;Nublado;Dupla;Reta;Não;2;0;1;0;1;0;1;2;-20,89250139;-49,43216085;SPRF-SP;DEL09-SP;UOP01-DEL09-SP
590466;28/03/2024;quinta-feira;23:00:00;GO;153;327,1;RIANAPOLIS;Ingestão de álcool pelo condutor;Saída de leito carroçável;Com Vítimas Feridas;Plena Noite;Crescente;Céu Claro;Simples;Reta;Não;2;0;1;0;1;0;1;1;-15,52103;-49,467298;SPRF-GO;DEL02-GO;UOP02-DEL02-GO
590469;29/03/2024;sexta-feira;03:54:00;ES;262;120;CONCEICAO DO CASTELO;Manobra de mudança de faixa;Colisão lateral sentido oposto;Sem Vítimas;Plena Noite;Decrescente;Nevoeiro/Neblina;Simples;"Curva;Aclive";Não;4;0;0;0;4;0;0;2;-20,300399;-41,23049498;SPRF-ES;DEL01-ES;UOP02-DEL01-ES
590471;29/03/2024;sexta-feira;05:19:00;RN;101;98,7;PARNAMIRIM;Avarias e/ou desgaste excessivo no pneu;Colisão traseira;Com Vítimas Feridas;Amanhecer;Decrescente;Garoa/Chuvisco;Dupla;"Viaduto;Reta";Sim;3;0;2;0;0;1;2;2;-5,86567888;-35,21651625;SPRF-RN;DEL01-RN;UOP01-DEL01-RN
590473;28/03/2024;quinta-feira;19:00:00;SC;101;380,4;ICARA;Pedestre cruzava a pista fora da faixa;Atropelamento de Pedestre;Com Vítimas Fatais;Plena Noite;Crescente;Céu Claro;Múltipla;Reta;Sim;2;1;0;0;0;1;0;2;-28,76092515;-49,28762913;SPRF-SC;DEL02-SC;UOP02-DEL02-SC
590475;29/03/2024;sexta-feira;05:50:00;SP;153;60,8;SAO JOSE DO RIO PRETO;Ingestão de álcool pelo condutor;Saída de leito carroçável;Sem Vítimas;Pleno dia;Decrescente;Céu Claro;Dupla;Reta;Sim;1;0;0;0;1;0;0;1;-20,79627979;-49,35480206;SPRF-SP;DEL09-SP;UOP01-DEL09-SP
590476;29/03/2024;sexta-feira;06:10:00;PE;104;51;CARUARU;Transitar no Acostamento;Atropelamento de Pedestre;Com Vítimas Fatais;Pleno dia;Crescente;Céu Claro;Dupla;"Curva;Declive";Não;2;1;0;1;0;0;1;2;-8,163747;-35,980546;SPRF-PE;DEL02-PE;UOP01-DEL02-PE
590477;29/03/2024;sexta-feira;06:10:00;ES;101;111;SOORETAMA;Ultrapassagem Indevida;Colisão frontal;Com Vítimas Feridas;Pleno dia;Crescente;Céu Claro;Simples;Aclive;Não;7;0;3;1;1;2;4;4;-19,07033108;-40,03886483;SPRF-ES;DEL04-ES;UOP01-DEL04-ES
590479;29/03/2024;sexta-feira;02:40:00;BA;324;543;AMELIA RODRIGUES;Reação tardia ou ineficiente do condutor;Colisão com objeto;Sem Vítimas;Plena Noite;Decrescente;Céu Claro;Dupla;Retorno Regulamentado;Sim;1;0;0;0;1;0;0;1;-12,39713005;-38,76807002;SPRF-BA;DEL01-BA;UOP03-DEL01-BA
590480;29/03/2024;sexta-feira;04:46:00;MS;262;316;CAMPO GRANDE;Reação tardia ou ineficiente do condutor;Colisão traseira;Com Vítimas Feridas;Amanhecer;Crescente;Nublado;Simples;"Declive;Reta";Não;2;0;1;0;1;0;1;2;-20,47086159;-54,45819198;SPRF-MS;DEL01-MS;UOP01-DEL01-MS
590481;29/03/2024;sexta-feira;06:40:00;BA;101;213;MURITIBA;Desrespeitar a preferência no cruzamento;Colisão transversal;Com Vítimas Feridas;Pleno dia;Crescente;Céu Claro;Simples;Curva;Não;2;0;1;0;1;0;1;2;-12,65351724;-39,12236761;SPRF-BA;DEL01-BA;UOP02-DEL01-BA
590482;29/03/2024;sexta-feira;05:50:00;BA;415;48,8;ITABUNA;Ausência de reação do condutor;Colisão traseira;Com Vítimas Feridas;Pleno dia;Decrescente;Céu Claro;Simples;Reta;Sim;2;0;1;0;1;0;1;2;-14,81574494;-39,29612388;SPRF-BA;DEL05-BA;UOP01-DEL05-BA
590485;29/03/2024;sexta-feira;01:55:00;PR;158;526,4;PATO BRANCO;Acostamento em desnível;Saída de leito carroçável;Com Vítimas Feridas;Plena Noite;Crescente;Céu Claro;Simples;Reta;Sim;1;0;0;1;0;0;1;1;-26,15962508;-52,66289367;SPRF-PR;DEL02-PR;UOP01-DEL02-PR
590486;29/03/2024;sexta-feira;07:22:00;SP;116;419;JUQUIA;Chuva;Saída de leito carroçável;Com Vítimas Feridas;Pleno dia;Decrescente;Chuva;Dupla;Reta;Não;2;0;2;0;0;0;2;1;-24,35575938;-47,66795511;SPRF-SP;DEL05-SP;UOP01-DEL05-SP
590487;29/03/2024;sexta-feira;07:29:00;SP;116;414,9;JUQUIA;Pista Escorregadia;Saída de leito carroçável;Com Vítimas Feridas;Pleno dia;Decrescente;Chuva;Dupla;Curva;Não;2;0;1;0;1;0;1;1;-24,33164;-47,632774;SPRF-SP;DEL05-SP;UOP01-DEL05-SP
590490;29/03/2024;sexta-feira;04:00:00;PI;343;263;CAMPO MAIOR;Ultrapassagem Indevida;Colisão lateral sentido oposto;Com Vítimas Feridas;Plena Noite;Crescente;Céu Claro;Simples;Reta;Sim;2;0;0;1;1;0;1;2;-4,819326;-42,158821;SPRF-PI;DEL01-PI;UOP03-DEL01-PI
590491;29/03/2024;sexta-feira;06:00:00;RS;472;562;URUGUAIANA;Reação tardia ou ineficiente do condutor;Saída de leito carroçável;Com Vítimas Feridas;Amanhecer;Decrescente;Céu Claro;Simples;Reta;Não;1;0;1;0;0;0;1;1;-29,67305905;-56,90288792;SPRF-RS;DEL13-RS;UOP01-DEL13-RS
590492;29/03/2024;sexta-feira;02:30:00;RS;285;602,7;SANTO ANTONIO DAS MISSOES;Ausência de reação do condutor;Saída de leito carroçável;Com Vítimas Fatais;Plena Noite;Decrescente;Céu Claro;Simples;Reta;Não;1;1;0;0;0;0;0;1;-28,492363;-55,303795;SPRF-RS;DEL12-RS;UOP01-DEL12-RS
590493;29/03/2024;sexta-feira;07:30:00;RN;226;338,3;PATU;Acessar a via sem observar a presença dos outros veículos;Colisão transversal;Com Vítimas Feridas;Pleno dia;Crescente;Céu Claro;Simples;"Reta;Interseção de Vias";Sim;2;0;0;1;1;0;1;2;-6,09287198;-37,63215899;SPRF-RN;DEL04-RN;UOP01-DEL04-RN
590494;29/03/2024;sexta-feira;07:30:00;PR;376;647;TIJUCAS DO SUL;Condutor Dormindo;Saída de leito carroçável;Sem Vítimas;Pleno dia;Decrescente;Nublado;Dupla;Reta;Não;1;0;0;0;1;0;0;1;-25,83292397;-49,11120797;SPRF-PR;DEL01-PR;UOP04-DEL01-PR
590496;29/03/2024;sexta-feira;04:00:00;RS;116;298;GUAIBA;Ausência de reação do condutor;Saída de leito carroçável;Sem Vítimas;Plena Noite;Crescente;Céu Claro;Dupla;Reta;Não;1;0;0;0;1;0;0;1;-30,10644302;-51,34381389;SPRF-RS;DEL02-RS;UOP01-DEL02-RS
590498;29/03/2024;sexta-feira;07:50:00;AL;101;30,3;JOAQUIM GOMES;Transitar na contramão;Colisão transversal;Com Vítimas Feridas;Pleno dia;Crescente;Céu Claro;Simples;Reta;Não;5;0;2;0;3;0;2;2;-9,0847746;-35,7468078;SPRF-AL;DEL01-AL;UOP02-DEL01-AL
590499;29/03/2024;sexta-feira;01:20:00;SP;116;179;SANTA ISABEL;Chuva;Colisão com objeto;Sem Vítimas;Plena Noite;Decrescente;Chuva;Dupla;Reta;Sim;1;0;0;0;0;1;0;1;-23,33202124;-46,13661688;SPRF-SP;DEL01-SP;UOP01-DEL01-SP
590500;29/03/2024;sexta-feira;04:30:00;PA;316;64;CASTANHAL;Transitar na contramão;Colisão frontal;Com Vítimas Feridas;Amanhecer;Crescente;Céu Claro;Dupla;Reta;Sim;3;0;0;1;1;1;1;2;-1,298609;-47,964132;SPRF-PA;DEL01-PA;UOP01-DEL01-PA
590502;29/03/2024;sexta-feira;08:10:00;CE;222;4;CAUCAIA;Condutor deixou de manter distância do veículo da frente;Colisão traseira;Com Vítimas Feridas;Pleno dia;Crescente;Céu Claro;Múltipla;Reta;Não;2;0;1;0;1;0;1;2;-3,74164754;-38,60449792;SPRF-CE;DEL01-CE;UOP01-DEL01-CE
590504;29/03/2024;sexta-feira;06:30:00;PA;316;58,2;CASTANHAL;Ausência de reação do condutor;Colisão com objeto;Com Vítimas Feridas;Pleno dia;Decrescente;Céu Claro;Dupla;"Reta;Declive";Sim;4;0;2;0;1;1;2;2;-1,2998299;-47,97307488;SPRF-PA;DEL01-PA;UOP01-DEL01-PA
590506;29/03/2024;sexta-feira;07:30:00;SP;381;24;BRAGANCA PAULISTA;Reação tardia ou ineficiente do condutor;Colisão traseira;Com Vítimas Feridas;Pleno dia;Decrescente;Nublado;Dupla;Reta;Não;5;0;1;0;2;2;1;3;-23,01316393;-46,52386219;SPRF-SP;DEL03-SP;UOP02-DEL03-SP
590507;29/03/2024;sexta-feira;08:45:00;MG;40;424,2;CURVELO;Condutor deixou de manter distância do veículo da frente;Colisão traseira;Com Vítimas Feridas;Pleno dia;Decrescente;Sol;Dupla;Reta;Sim;4;0;1;3;0;0;4;2;-19,15639012;-44,52967927;SPRF-MG;DEL02-MG;UOP01-DEL02-MG
590508;29/03/2024;sexta-feira;08:30:00;MG;40;717;BARBACENA;Velocidade Incompatível;Saída de leito carroçável;Com Vítimas Feridas;Pleno dia;Crescente;Nublado;Dupla;"Declive;Curva";Não;1;0;1;0;0;0;1;1;-21,26034802;-43,66189055;SPRF-MG;DEL05-MG;UOP01-DEL05-MG
590510;29/03/2024;sexta-feira;08:45:00;RS;116;245;SAO LEOPOLDO;Avarias e/ou desgaste excessivo no pneu;Tombamento;Com Vítimas Feridas;Pleno dia;Crescente;Céu Claro;Dupla;"Em Obras;Reta";Não;2;0;2;0;0;0;2;1;-29,74980902;-51,15125361;SPRF-RS;DEL01-RS;UOP02-DEL01-RS
590514;29/03/2024;sexta-feira;08:10:00;MG;381;487,5;BETIM;Manobra de mudança de faixa;Colisão traseira;Com Vítimas Feridas;Pleno dia;Crescente;Céu Claro;Dupla;Curva;Sim;3;0;1;0;1;1;1;3;-19,95748011;-44,12008166;SPRF-MG;DEL01-MG;UOP03-DEL01-MG
590515;17/03/2024;domingo;17:30:00;MG;40;526;CONTAGEM;Condutor deixou de manter distância do veículo da frente;Colisão traseira;Com Vítimas Feridas;Pleno dia;Decrescente;Céu Claro;Dupla;Reta;Sim;2;0;1;0;1;0;1;2;-19,8981482;-44,05036926;SPRF-MG;DEL01-MG;UOP02-DEL01-MG
590517;29/03/2024;sexta-feira;05:00:00;RJ;40;94;PETROPOLIS;Fumaça;Colisão com objeto;Com Vítimas Feridas;Amanhecer;Decrescente;Nevoeiro/Neblina;Simples;Curva;Não;4;0;2;0;2;0;2;1;-22,55763285;-43,26574352;SPRF-RJ;DEL01-RJ;UOP01-DEL01-RJ
590518;29/03/2024;sexta-feira;07:55:00;SC;101;91,4;BARRA VELHA;Ausência de reação do condutor;Colisão traseira;Sem Vítimas;Pleno dia;Crescente;Céu Claro;Dupla;Viaduto;Não;2;0;0;0;2;0;0;2;-26,680872;-48,693323;SPRF-SC;DEL03-SC;UOP02-DEL03-SC
590519;29/03/2024;sexta-feira;09:20:00;RN;304;32;MOSSORO;Acessar a via sem observar a presença dos outros veículos;Queda de ocupante de veículo;Com Vítimas Feridas;Pleno dia;Crescente;Céu Claro;Dupla;"Retorno Regulamentado;Reta";Sim;2;0;2;0;0;0;2;2;-5,13471117;-37,34486327;SPRF-RN;DEL04-RN;UOP02-DEL04-RN