id;data_inversa;dia_semana;horario;uf;br;km;municipio;causa_acidente;tipo_acidente;classificacao_acidente;fase_dia;sentido_via;condicao_metereologica;tipo_pista;tracado_via;uso_solo;pessoas;mortos;feridos_leves;feridos_graves;ilesos;ignorados;feridos;veiculos;latitude;longitude;regional;delegacia;uop
590746;30/03/2024;sábado;17:00:00;ES;262;34;DOMINGOS MARTINS;Reação tardia ou ineficiente do condutor;Colisão transversal;Com Vítimas Feridas;Pleno dia;Decrescente;Chuva;Simples;"Curva;Declive";Não;4;0;0;1;3;0;1;3;-20,37309781;-40,5917608;SPRF-ES;DEL01-ES;UOP01-DEL01-ES
590747;30/03/2024;sábado;15:40:00;RJ;101;130,7;QUISSAMA;Acumulo de água sobre o pavimento;Saída de leito carroçável;Com Vítimas Feridas;Pleno dia;Decrescente;Chuva;Dupla;"Declive;Reta";Não;3;0;2;0;1;0;2;1;-22,10926264;-41,69530619;SPRF-RJ;DEL08-RJ;UOP04-DEL08-RJ
590748;30/03/2024;sábado;17:00:00;PR;369;350;CAMPO MOURAO;Ingestão de álcool pelo condutor;Colisão lateral sentido oposto;Com Vítimas Feridas;Pleno dia;Crescente;Céu Claro;Dupla;Declive;Não;4;0;0;1;2;1;1;3;-24,0874;-52,4179;SPRF-PR;DEL09-PR;UOP03-DEL09-PR
590749;30/03/2024;sábado;17:50:00;MG;381;487,3;BETIM;Avarias e/ou desgaste excessivo no pneu;Colisão traseira;Com Vítimas Feridas;Pleno dia;Decrescente;Chuva;Dupla;"Curva;Declive";Sim;2;0;1;0;1;0;1;2;-19,95586853;-44,14609501;SPRF-MG;DEL01-MG;UOP03-DEL01-MG
590750;30/03/2024;sábado;13:25:00;BA;101;61;ENTRE RIOS;Desrespeitar a preferência no cruzamento;Colisão transversal;Com Vítimas Feridas;Pleno dia;Crescente;Céu Claro;Simples;Interseção de Vias;Sim;2;0;1;0;0;1;1;2;-11,9676968;-38,11726499;SPRF-BA;DEL01-BA;UOP04-DEL01-BA
590752;30/03/2024;sábado;17:25:00;PR;277;587,4;CASCAVEL;Ultrapassagem Indevida;Colisão lateral mesmo sentido;Com Vítimas Feridas;Pleno dia;Decrescente;Céu Claro;Simples;"Aclive;Interseção de Vias;Reta";Sim;2;0;0;1;1;0;1;2;-24,97091568;-53,43315482;SPRF-PR;DEL04-PR;UOP01-DEL04-PR
590753;30/03/2024;sábado;17:30:00;SC;470;139,7;RIO DO SUL;Entrada inopinada do pedestre;Atropelamento de Pedestre;Com Vítimas Feridas;Anoitecer;Crescente;Céu Claro;Simples;"Aclive;Reta";Sim;2;0;1;0;1;0;1;2;-27,217564;-49,65461;SPRF-SC;DEL04-SC;UOP02-DEL04-SC
590754;30/03/2024;sábado;18:10:00;GO;60;131;GOIANAPOLIS;Pista Escorregadia;Queda de ocupante de veículo;Com Vítimas Feridas;Anoitecer;Crescente;Chuva;Dupla;"Aclive;Curva";Não;1;0;1;0;0;0;1;1;-16,5754;-49,1602;SPRF-GO;DEL01-GO;UOP01-DEL01-GO
590756;30/03/2024;sábado;14:40:00;MT;70;729;CACERES;Avarias e/ou desgaste excessivo no pneu;Colisão com objeto;Com Vítimas Feridas;Pleno dia;Crescente;Céu Claro;Simples;Reta;Sim;3;0;3;0;0;0;3;1;-16,11814123;-57,66594887;SPRF-MT;DEL03-MT;UOP01-DEL03-MT
590757;30/03/2024;sábado;15:00:00;SP;116;293;ITAPECERICA DA SERRA;Reação tardia ou ineficiente do condutor;Tombamento;Com Vítimas Feridas;Pleno dia;Crescente;Céu Claro;Dupla;Reta;Não;2;0;1;1;0;0;2;1;-23,75393807;-46,90168863;SPRF-SP;DEL04-SP;UOP01-DEL04-SP
590758;30/03/2024;sábado;18:10:00;MG;381;942,1;EXTREMA;Entrada inopinada do pedestre;Atropelamento de Pedestre;Com Vítimas Feridas;Anoitecer;Crescente;Céu Claro;Dupla;Reta;Não;2;0;1;0;1;0;1;2;-22,87815106;-46,3714714;SPRF-MG;DEL16-MG;UOP03-DEL16-MG
590759;30/03/2024;sábado;17:50:00;DF;70;19,4;BRASILIA;Reação tardia ou ineficiente do condutor;Saída de leito carroçável;Com Vítimas Feridas;Pleno dia;Crescente;Céu Claro;Dupla;"Curva;Aclive";Não;1;0;1;0;0;0;1;1;-15,788868;-48,220242;SPRF-DF;DEL03-DF;UOP02-DEL03-DF
590762;30/03/2024;sábado;17:25:00;MG;262;825;UBERABA;Avarias e/ou desgaste excessivo no pneu;Tombamento;Com Vítimas Feridas;Pleno dia;Decrescente;Céu Claro;Dupla;Reta;Não;1;0;1;0;0;0;1;1;-19,75377742;-48,16593111;SPRF-MG;DEL13-MG;UOP01-DEL13-MG
590763;30/03/2024;sábado;16:05:00;AC;364;123;RIO BRANCO;Reação tardia ou ineficiente do condutor;Queda de ocupante de veículo;Com Vítimas Feridas;Pleno dia;Decrescente;Chuva;Dupla;Reta;Sim;1;0;1;0;0;0;1;1;-10,0117071;-67,782373;SPRF-AC;DEL01-AC;UOP01-DEL01-AC
590765;30/03/2024;sábado;18:00:00;ES;101;45,9;SAO MATEUS;Pedestre - Ingestão de álcool/ substâncias psicoativas;Atropelamento de Pedestre;Com Vítimas Feridas;Plena Noite;Crescente;Nublado;Simples;Reta;Sim;2;0;1;0;1;0;1;2;-18,54283908;-39,90546928;SPRF-ES;DEL04-ES;UOP02-DEL04-ES
590771;30/03/2024;sábado;18:45:00;SP;101;48,4;UBATUBA;Conversão proibida;Colisão transversal;Com Vítimas Feridas;Plena Noite;Decrescente;Nublado;Simples;Reta;Sim;3;0;1;0;1;1;1;2;-23,43696329;-45,08768768;SPRF-SP;DEL06-SP;UOP01-DEL06-SP
590774;30/03/2024;sábado;18:00:00;SC;101;1,8;GARUVA;Reação tardia ou ineficiente do condutor;Tombamento;Com Vítimas Feridas;Anoitecer;Decrescente;Céu Claro;Múltipla;Reta;Não;2;0;2;0;0;0;2;1;-25,98895627;-48,88356133;SPRF-SC;DEL03-SC;UOP01-DEL03-SC
590775;30/03/2024;sábado;18:45:00;PR;277;69;SAO JOSE DOS PINHAIS;Reação tardia ou ineficiente do condutor;Colisão traseira;Com Vítimas Feridas;Plena Noite;Decrescente;Céu Claro;Dupla;Reta;Não;2;0;1;0;1;0;1;2;-25,53715243;-49,07076619;SPRF-PR;DEL01-PR;UOP01-DEL01-PR
590776;30/03/2024;sábado;08:20:00;SC;470;149,7;AGRONOMICA;Afundamento ou ondulação no pavimento;Queda de ocupante de veículo;Com Vítimas Feridas;Pleno dia;Crescente;Céu Claro;Simples;Rotatória;Não;2;0;0;1;1;0;1;2;-27,252104;-49,702129;SPRF-SC;DEL04-SC;UOP02-DEL04-SC
590777;30/03/2024;sábado;19:20:00;PR;277;33;MORRETES;Ausência de reação do condutor;Tombamento;Com Vítimas Feridas;Plena Noite;Decrescente;Céu Claro;Dupla;Curva;Não;1;0;1;0;0;0;1;1;-25,547373;-48,790559;SPRF-PR;DEL01-PR;UOP05-DEL01-PR
590778;30/03/2024;sábado;19:10:00;SP;116;209;GUARULHOS;Reação tardia ou ineficiente do condutor;Colisão traseira;Com Vítimas Feridas;Plena Noite;Decrescente;Nublado;Dupla;Reta;Sim;2;0;1;0;1;0;1;2;-23,42511799;-46,40221101;SPRF-SP;DEL01-SP;UOP01-DEL01-SP
590779;30/03/2024;sábado;18:45:00;PI;316;5;TERESINA;Ingestão de álcool pelo condutor;Engavetamento;Sem Vítimas;Plena Noite;Decrescente;Céu Claro;Múltipla;"Declive;Interseção de Vias;Reta";Sim;3;0;0;0;3;0;0;3;-5,14392611;-42,77752238;SPRF-PI;DEL01-PI;UOP02-DEL01-PI
590780;30/03/2024;sábado;17:44:00;RJ;116;97;GUAPIMIRIM;Avarias e/ou desgaste excessivo no pneu;Colisão frontal;Com Vítimas Feridas;Anoitecer;Crescente;Garoa/Chuvisco;Simples;"Aclive;Curva";Não;2;0;1;0;1;0;1;2;-22,47811419;-42,99603471;SPRF-RJ;DEL04-RJ;UOP01-DEL04-RJ
590781;30/03/2024;sábado;19:00:00;RS;290;88;PORTO ALEGRE;Manobra de mudança de faixa;Colisão lateral mesmo sentido;Sem Vítimas;Plena Noite;Crescente;Céu Claro;Dupla;Reta;Sim;3;0;0;0;2;1;0;3;-29,967531;-51,137264;SPRF-RS;DEL01-RS;UOP01-DEL01-RS
590783;30/03/2024;sábado;18:45:00;MS;163;837;SONORA;Acessar a via sem observar a presença dos outros veículos;Colisão traseira;Com Vítimas Feridas;Plena Noite;Crescente;Nublado;Simples;Reta;Sim;2;0;0;1;1;0;1;2;-17,60027601;-54,74632566;SPRF-MS;DEL06-MS;UOP01-DEL06-MS
590784;30/03/2024;sábado;18:45:00;RO;364;234;CACOAL;Desrespeitar a preferência no cruzamento;Colisão transversal;Com Vítimas Feridas;Plena Noite;Crescente;Céu Claro;Simples;Rotatória;Sim;5;0;0;1;4;0;1;2;-11,4526759;-61,42776847;SPRF-RO;DEL02-RO;UOP02-DEL02-RO
590785;30/03/2024;sábado;14:00:00;RJ;393;248;BARRA DO PIRAI;Ausência de reação do condutor;Tombamento;Com Vítimas Feridas;Pleno dia;Crescente;Nublado;Simples;Reta;Não;2;0;2;0;0;0;2;1;-22,43017988;-43,74389791;SPRF-RJ;DEL05-RJ;UOP04-DEL05-RJ
590786;30/03/2024;sábado;19:45:00;MG;40;485;CAPIM BRANCO;Velocidade Incompatível;Saída de leito carroçável;Com Vítimas Feridas;Plena Noite;Decrescente;Céu Claro;Dupla;Aclive;Não;1;0;1;0;0;0;1;1;-19,58183697;-44,22853982;SPRF-MG;DEL02-MG;UOP01-DEL02-MG
590787;30/03/2024;sábado;19:40:00;RS;101;18;TRES CACHOEIRAS;Ausência de reação do condutor;Atropelamento de Pedestre;Com Vítimas Feridas;Plena Noite;Decrescente;Céu Claro;Simples;Curva;Sim;2;0;0;1;1;0;1;2;-29,42186404;-49,868352;SPRF-RS;DEL03-RS;UOP02-DEL03-RS
590789;30/03/2024;sábado;18:45:00;RS;153;399;CACHOEIRA DO SUL;Ingestão de álcool pelo condutor;Saída de leito carroçável;Com Vítimas Feridas;Anoitecer;Decrescente;Céu Claro;Simples;"Reta;Declive";Não;4;0;1;2;0;1;3;2;-29,96301912;-52,94030622;SPRF-RS;DEL02-RS;UOP03-DEL02-RS
590792;30/03/2024;sábado;18:30:00;SC;101;405,7;ARARANGUA;Condutor deixou de manter distância do veículo da frente;Colisão traseira;Com Vítimas Feridas;Plena Noite;Decrescente;Céu Claro;Dupla;Reta;Não;5;0;1;1;3;0;2;2;-28,906588;-49,479686;SPRF-SC;DEL02-SC;UOP02-DEL02-SC
590793;30/03/2024;sábado;19:00:00;PR;373;398;CANDOI;Ausência de reação do condutor;Colisão traseira;Com Vítimas Feridas;Plena Noite;Crescente;Céu Claro;Simples;Reta;Sim;4;0;4;0;0;0;4;2;-25,55643095;-52,03722703;SPRF-PR;DEL08-PR;UOP01-DEL08-PR
590794;30/03/2024;sábado;20:00:00;RS;470;43;TUPANCI DO SUL;Reação tardia ou ineficiente do condutor;Colisão transversal;Com Vítimas Feridas;Plena Noite;Crescente;Céu Claro;Simples;Reta;Não;4;0;3;0;1;0;3;2;-27,9483125;-51,46030426;SPRF-RS;DEL08-RS;UOP05-DEL08-RS
590796;30/03/2024;sábado;16:30:00;RO;364;454;JARU;Falta de elemento de contenção que evite a saída do leito carroçável;Saída de leito carroçável;Com Vítimas Feridas;Pleno dia;Crescente;Chuva;Simples;Reta;Não;4;0;0;1;3;0;1;1;-10,27805943;-62,68306531;SPRF-RO;DEL03-RO;UOP02-DEL03-RO
590797;30/03/2024;sábado;20:00:00;BA;116;14,2;VITORIA DA CONQUISTA;Velocidade Incompatível;Saída de leito carroçável;Com Vítimas Feridas;Plena Noite;Crescente;Céu Claro;Simples;Curva;Não;4;0;4;0;0;0;4;1;-14,89477;-40,86302;SPRF-PE;DEL05-PE;UOP03-DEL05-PE
590798;30/03/2024;sábado;20:55:00;MG;381;441;SABARA;Velocidade Incompatível;Colisão frontal;Com Vítimas Feridas;Plena Noite;Decrescente;Céu Claro;Simples;Curva;Não;4;0;2;1;0;1;3;3;-19,81604176;-43,80389901;SPRF-MG;DEL01-MG;UOP01-DEL01-MG
590799;30/03/2024;sábado;17:40:00;MG;381;592,5;CARMOPOLIS DE MINAS;Ausência de reação do condutor;Colisão com objeto;Com Vítimas Feridas;Pleno dia;Decrescente;Nublado;Dupla;Curva;Não;2;0;2;0;0;0;2;1;-20,56167973;-44,66444492;SPRF-MG;DEL04-MG;UOP01-DEL04-MG
590800;30/03/2024;sábado;18:05:00;MG;381;628,2;OLIVEIRA;Demais falhas mecânicas ou elétricas;Incêndio;Sem Vítimas;Anoitecer;Crescente;Nublado;Dupla;"Aclive;Reta";Não;1;0;0;0;1;0;0;1;-20,82183256;-44,80113029;SPRF-MG;DEL04-MG;UOP01-DEL04-MG
590802;30/03/2024;sábado;21:20:00;RS;158;191,9;CRUZ ALTA;Ingestão de álcool pelo condutor;Colisão transversal;Com Vítimas Feridas;Plena Noite;Decrescente;Céu Claro;Simples;"Interseção de Vias;Reta";Não;4;0;1;0;3;0;1;2;-28,61275316;-53,57466428;SPRF-RS;DEL10-RS;UOP02-DEL10-RS
590803;30/03/2024;sábado;21:00:00;RS;386;20;FREDERICO WESTPHALEN;Ausência de reação do condutor;Saída de leito carroçável;Sem Vítimas;Plena Noite;Decrescente;Céu Claro;Simples;Reta;Não;1;0;0;0;0;1;0;1;-27,264164;-53,344139;SPRF-RS;DEL08-RS;UOP02-DEL08-RS
590804;30/03/2024;sábado;20:00:00;SP;116;284;EMBU DAS ARTES;Ausência de reação do condutor;Queda de ocupante de veículo;Sem Vítimas;Plena Noite;Crescente;Céu Claro;Dupla;Reta;Não;1;0;0;0;1;0;0;1;-23,69998;-46,867767;SPRF-SP;DEL04-SP;UOP01-DEL04-SP
590805;30/03/2024;sábado;20:00:00;MT;163;835;SINOP;Ausência de reação do condutor;Saída de leito carroçável;Com Vítimas Feridas;Plena Noite;Crescente;Céu Claro;Simples;Reta;Sim;1;0;0;1;0;0;1;1;-11,861484;-55,495326;SPRF-MT;DEL06-MT;UOP02-DEL06-MT
590806;30/03/2024;sábado;11:49:00;BA;101;717;EUNAPOLIS;Condutor deixou de manter distância do veículo da frente;Colisão traseira;Sem Vítimas;Pleno dia;Crescente;Céu Claro;Dupla;Reta;Sim;2;0;0;0;2;0;0;2;-16,36586016;-39,58216109;SPRF-BA;DEL09-BA;UOP01-DEL09-BA
590808;30/03/2024;sábado;19:00:00;RO;425;100;GUAJARA-MIRIM;Animais na Pista;Atropelamento de Animal;Com Vítimas Feridas;Plena Noite;Crescente;Céu Claro;Simples;Declive;Não;3;0;1;0;2;0;1;3;-10,411559;-65,33094;SPRF-RO;DEL01-RO;UOP03-DEL01-RO
590809;30/03/2024;sábado;21:20:00;RS;448;22;PORTO ALEGRE;Ingestão de álcool pelo condutor;Capotamento;Com Vítimas Feridas;Plena Noite;Decrescente;Céu Claro;Dupla;Curva;Sim;1;0;1;0;0;0;1;1;-29,97532714;-51,1989069;SPRF-RS;DEL01-RS;UOP01-DEL01-RS
590811;30/03/2024;sábado;20:50:00;SP;153;206,4;GUAIMBE;Ultrapassagem Indevida;Colisão lateral sentido oposto;Com Vítimas Feridas;Plena Noite;Crescente;Nublado;Simples;"Declive;Reta";Não;3;0;1;0;2;0;1;2;-21,87629;-49,90778;SPRF-SP;DEL07-SP;UOP01-DEL07-SP
590812;30/03/2024;sábado;17:50:00;MA;10;251;IMPERATRIZ;Reação tardia ou ineficiente do condutor;Colisão transversal;Com Vítimas Feridas;Pleno dia;Crescente;Céu Claro;Simples;"Reta;Interseção de Vias";Sim;2;0;1;0;1;0;1;2;-5,543249;-47,464447;SPRF-MA;DEL04-MA;UOP01-DEL04-MA
590813;30/03/2024;sábado;20:45:00;GO;60;116;GOIANAPOLIS;Ausência de reação do condutor;Colisão traseira;Com Vítimas Feridas;Plena Noite;Decrescente;Céu Claro;Dupla;"Aclive;Reta";Não;3;0;0;1;2;0;1;2;-16,4732;-49,0789;SPRF-GO;DEL01-GO;UOP01-DEL01-GO
590815;30/03/2024;sábado;21:00:00;PR;277;26;MORRETES;Reação tardia ou ineficiente do condutor;Tombamento;Sem Vítimas;Plena Noite;Decrescente;Céu Claro;Dupla;Reta;Não;1;0;0;0;0;1;0;1;-25,53270001;-48,716296;SPRF-PR;DEL01-PR;UOP05-DEL01-PR
590816;30/03/2024;sábado;21:45:00;PR;476;342;PAULA FREITAS;Ingestão de álcool pelo condutor;Colisão traseira;Com Vítimas Feridas;Plena Noite;Crescente;Céu Claro;Simples;Reta;Não;3;0;1;0;1;1;1;2;-26,16979;-50,909458;SPRF-PR;DEL02-PR;UOP03-DEL02-PR
590818;30/03/2024;sábado;20:40:00;SC;101;294;IMBITUBA;Ingestão de álcool pelo condutor;Colisão transversal;Sem Vítimas;Plena Noite;Decrescente;Céu Claro;Dupla;Curva;Não;2;0;0;0;2;0;0;2;-28,29220304;-48,71018095;SPRF-SC;DEL02-SC;UOP03-DEL02-SC
590819;30/03/2024;sábado;22:30:00;SP;101;50;UBATUBA;Acessar a via sem observar a presença dos outros veículos;Colisão transversal;Com Vítimas Feridas;Plena Noite;Crescente;Nublado;Simples;Reta;Não;2;0;1;0;1;0;1;2;-23,45018939;-45,07743735;SPRF-SP;DEL06-SP;UOP01-DEL06-SP
590820;30/03/2024;sábado;22:15:00;DF;70;9,6;BRASILIA;Iluminação deficiente;Atropelamento de Pedestre;Com Vítimas Feridas;Plena Noite;Crescente;Nublado;Dupla;Reta;Sim;4;0;0;1;2;1;1;2;-15,784615;-48,132023;SPRF-DF;DEL03-DF;UOP02-DEL03-DF
590821;22/01/2024;segunda-feira;16:30:00;MG;251;375,8;GRAO MOGOL;Acessar a via sem observar a presença dos outros veículos;Colisão transversal;Com Vítimas Feridas;Pleno dia;Decrescente;Céu Claro;Simples;Curva;Não;3;0;1;0;2;0;1;2;-16,29923091;-42,728431;SPRF-MG;DEL12-MG;UOP01-DEL12-MG
590822;30/03/2024;sábado;21:35:00;SE;235;51,6;ITABAIANA;Acessar a via sem observar a presença dos outros veículos;Colisão transversal;Com Vítimas Feridas;Plena Noite;Crescente;Céu Claro;Simples;Retorno Regulamentado;Sim;3;0;2;0;0;1;2;2;-10,700226;-37,431423;SPRF-SE;DEL01-SE;UOP02-DEL01-SE
590823;30/03/2024;sábado;22:00:00;PR;116;17;CURITIBA;Ingestão de álcool pelo condutor;Colisão traseira;Sem Vítimas;Plena Noite;Crescente;Céu Claro;Múltipla;"Reta;Aclive";Sim;2;0;0;0;2;0;0;2;-25,389;-49,1867;SPRF-PR;DEL01-PR;UOP02-DEL01-PR
590824;30/03/2024;sábado;22:50:00;ES;101;146,4;LINHARES;Desrespeitar a preferência no cruzamento;Colisão lateral mesmo sentido;Sem Vítimas;Plena Noite;Crescente;Nublado;Dupla;Interseção de Vias;Sim;3;0;0;0;3;0;0;2;-19,36990998;-40,06560718;SPRF-ES;DEL04-ES;UOP01-DEL04-ES
590825;30/03/2024;sábado;08:40:00;RJ;493;81;JAPERI;Ausência de reação do condutor;Tombamento;Sem Vítimas;Pleno dia;Decrescente;Céu Claro;Dupla;Reta;Não;1;0;0;0;0;1;0;1;-22,66423088;-43,59741926;SPRF-RJ;DEL01-RJ;UOP03-DEL01-RJ
590826;30/03/2024;sábado;20:10:00;RO;174;14,3;VILHENA;Velocidade Incompatível;Colisão traseira;Sem Vítimas;Plena Noite;Crescente;Céu Claro;Simples;Reta;Sim;2;0;0;0;1;1;0;2;-12,73306632;-60,12981255;SPRF-RO;DEL04-RO;UOP01-DEL04-RO
590827;30/03/2024;sábado;22:50:00;RS;386;35,4;FREDERICO WESTPHALEN;Ausência de reação do condutor;Tombamento;Com Vítimas Feridas;Plena Noite;Decrescente;Céu Claro;Simples;"Declive;Reta";Sim;1;0;1;0;0;0;1;1;-27,365112;-53,394897;SPRF-RS;DEL08-RS;UOP02-DEL08-RS
590828;30/03/2024;sábado;22:00:00;SC;116;219,3;CORREIA PINTO;Ausência de reação do condutor;Colisão traseira;Com Vítimas Feridas;Plena Noite;Decrescente;Céu Claro;Simples;"Rotatória;Reta;Aclive";Sim;2;0;1;0;1;0;1;2;-27,57012897;-50,37318791;SPRF-SC;DEL05-SC;UOP03-DEL05-SC
590830;30/03/2024;sábado;18:30:00;GO;70;5;AGUAS LINDAS DE GOIAS;Condutor deixou de manter distância do veículo da frente;Colisão traseira;Sem Vítimas;Anoitecer;Crescente;Nublado;Dupla;Reta;Sim;2;0;0;0;2;0;0;2;-15,75683677;-48,25464732;SPRF-DF;DEL03-DF;UOP02-DEL03-DF
590831;30/03/2024;sábado;19:00:00;AM;174;991;PRESIDENTE FIGUEIREDO;Ausência de reação do condutor;Colisão com objeto;Com Vítimas Feridas;Plena Noite;Decrescente;Nublado;Simples;"Ponte;Reta";Sim;2;0;2;0;0;0;2;1;-2,04880208;-60,02601638;SPRF-AM;DEL01-AM;UOP02-DEL01-AM
590832;30/03/2024;sábado;22:55:00;RN;101;103;PARNAMIRIM;Avarias e/ou desgaste excessivo no pneu;Queda de ocupante de veículo;Com Vítimas Feridas;Plena Noite;Crescente;Nublado;Múltipla;Reta;Não;2;0;1;1;0;0;2;1;-5,89034022;-35,24894996;SPRF-RN;DEL01-RN;UOP01-DEL01-RN
590834;30/03/2024;sábado;23:00:00;SP;116;207;GUARULHOS;Acesso irregular;Tombamento;Sem Vítimas;Plena Noite;Decrescente;Nublado;Múltipla;"Em Obras;Declive";Sim;1;0;0;0;1;0;0;1;-23,41972188;-46,38419203;SPRF-SP;DEL01-SP;UOP01-DEL01-SP
590835;30/03/2024;sábado;22:00:00;MG;40;614,3;CONGONHAS;Manobra de mudança de faixa;Colisão lateral mesmo sentido;Com Vítimas Fatais;Plena Noite;Decrescente;Nublado;Simples;Curva;Sim;3;1;0;0;2;0;0;3;-20,52977973;-43,82351464;SPRF-MG;DEL05-MG;UOP02-DEL05-MG
590836;30/03/2024;sábado;23:10:00;TO;10;458;PALMAS;Ultrapassagem Indevida;Colisão lateral mesmo sentido;Com Vítimas Feridas;Plena Noite;Crescente;Céu Claro;Múltipla;Reta;Não;3;0;2;0;0;1;2;2;-10,28923802;-48,29771924;SPRF-TO;DEL01-TO;UOP03-DEL01-TO
590837;30/03/2024;sábado;23:50:00;MG;40;441;PARAOPEBA;Avarias e/ou desgaste excessivo no pneu;Saída de leito carroçável;Sem Vítimas;Plena Noite;Decrescente;Nublado;Dupla;Reta;Não;1;0;0;0;1;0;0;1;-19,23100428;-44,43562244;SPRF-MG;DEL02-MG;UOP01-DEL02-MG
590839;30/03/2024;sábado;23:20:00;GO;60;87;ANAPOLIS;Ingestão de álcool pelo condutor;Saída de leito carroçável;Sem Vítimas;Plena Noite;Decrescente;Céu Claro;Dupla;Declive;Não;1;0;0;0;1;0;0;1;-16,3258;-48,8803;SPRF-GO;DEL02-GO;UOP01-DEL02-GO
590840;30/03/2024;sábado;22:00:00;BA;242;466;IBITIARA;Manobra de mudança de faixa;Colisão frontal;Com Vítimas Feridas;Plena Noite;Decrescente;Céu Claro;Simples;Reta;Não;2;0;0;1;0;1;1;2;-12,45524019;-42,19269699;SPRF-BA;DEL06-BA;UOP01-DEL06-BA
590841;30/03/2024;sábado;20:00:00;BA;324;620;SALVADOR;Ausência de reação do condutor;Colisão traseira;Com Vítimas Feridas;Plena Noite;Crescente;Céu Claro;Dupla;Reta;Não;2;0;1;0;1;0;1;2;-12,90482172;-38,45556535;SPRF-BA;DEL01-BA;UOP01-DEL01-BA
590842;30/03/2024;sábado;23:55:00;RJ;101;252,2;RIO BONITO;Transitar na contramão;Colisão frontal;Com Vítimas Fatais;Plena Noite;Decrescente;Céu Claro;Dupla;Reta;Não;3;2;0;0;0;1;0;3;-22,68214756;-42,53377419;SPRF-RJ;DEL02-RJ;UOP03-DEL02-RJ
590843;30/03/2024;sábado;20:20:00;RO;364;80;VILHENA;Ultrapassagem Indevida;Colisão frontal;Com Vítimas Feridas;Plena Noite;Crescente;Céu Claro;Simples;Reta;Não;4;0;3;1;0;0;4;2;-12,43191774;-60,57657785;SPRF-RO;DEL04-RO;UOP01-DEL04-RO
590844;31/03/2024;domingo;00:20:00;RS;290;92;PORTO ALEGRE;Reação tardia ou ineficiente do condutor;Colisão com objeto;Sem Vítimas;Plena Noite;Decrescente;Céu Claro;Dupla;Viaduto;Sim;1;0;0;0;1;0;0;1;-29,971916;-51,176838;SPRF-RS;DEL01-RS;UOP01-DEL01-RS
590846;30/03/2024;sábado;19:30:00;MG;40;145,6;JOAO PINHEIRO;Acessar a via sem observar a presença dos outros veículos;Colisão transversal;Com Vítimas Fatais;Plena Noite;Crescente;Céu Claro;Simples;"Interseção de Vias;Reta";Não;4;1;1;2;0;0;3;2;-17,76661664;-46,14857764;SPRF-MG;DEL14-MG;UOP02-DEL14-MG
590848;30/03/2024;sábado;19:50:00;MG;40;128;JOAO PINHEIRO;Acessar a via sem observar a presença dos outros veículos;Colisão transversal;Com Vítimas Feridas;Plena Noite;Crescente;Céu Claro;Simples;"Rotatória;Reta";Sim;3;0;1;0;2;0;1;2;-17,70576518;-46,28715992;SPRF-MG;DEL14-MG;UOP01-DEL14-MG
590849;31/03/2024;domingo;00:00:00;MG;40;563;NOVA LIMA;Reação tardia ou ineficiente do condutor;Colisão com objeto;Com Vítimas Feridas;Plena Noite;Crescente;Céu Claro;Dupla;Curva;Não;1;0;1;0;0;0;1;1;-20,15241986;-43,96263156;SPRF-MG;DEL01-MG;UOP02-DEL01-MG
590850;31/03/2024;domingo;00:40:00;MG;153;12;CENTRALINA;Chuva;Saída de leito carroçável;Sem Vítimas;Plena Noite;Decrescente;Céu Claro;Dupla;Reta;Não;1;0;0;0;1;0;0;1;-18,52415703;-49,19080383;SPRF-MG;DEL15-MG;UOP03-DEL15-MG
590851;30/03/2024;sábado;23:00:00;DF;70;0,6;BRASILIA;Velocidade Incompatível;Colisão traseira;Com Vítimas Feridas;Plena Noite;Decrescente;Chuva;Múltipla;Reta;Sim;8;0;5;1;2;0;6;3;-15,792352;-48,054509;SPRF-DF;DEL03-DF;UOP02-DEL03-DF
590852;30/03/2024;sábado;20:10:00;RJ;101;313;SAO GONCALO;Acesso irregular;Colisão transversal;Com Vítimas Feridas;Plena Noite;Decrescente;Céu Claro;Dupla;Reta;Sim;3;0;3;0;0;0;3;2;-22,81049093;-43,06983304;SPRF-RJ;DEL02-RJ;UOP02-DEL02-RJ
590853;31/03/2024;domingo;00:10:00;SC;101;106;PENHA;Avarias e/ou desgaste excessivo no pneu;Tombamento;Com Vítimas Feridas;Plena Noite;Decrescente;Céu Claro;Dupla;Reta;Não;2;0;2;0;0;0;2;1;-26,81031601;-48,68293896;SPRF-SC;DEL03-SC;UOP02-DEL03-SC
590855;30/03/2024;sábado;23:30:00;PI;135;315;CRISTINO CASTRO;Reação tardia ou ineficiente do condutor;Atropelamento de Pedestre;Com Vítimas Feridas;Plena Noite;Decrescente;Céu Claro;Simples;Reta;Não;2;0;0;1;0;1;1;2;-8,80195784;-44,21400131;SPRF-PI;DEL03-PI;UOP02-DEL03-PI
590856;31/03/2024;domingo;00:59:00;DF;20;24;BRASILIA;Condutor Dormindo;Colisão com objeto;Com Vítimas Feridas;Plena Noite;Decrescente;Nublado;Dupla;Curva;Sim;1;0;1;0;0;0;1;1;-15,594831;-47,658615;SPRF-DF;DEL02-DF;UOP01-DEL02-DF
590857;30/03/2024;sábado;20:50:00;CE;230;54,3;LAVRAS DA MANGABEIRA;Acessar a via sem observar a presença dos outros veículos;Colisão frontal;Com Vítimas Feridas;Plena Noite;Crescente;Nublado;Simples;"Interseção de Vias;Reta";Não;2;0;0;2;0;0;2;2;-6,77210919;-39,08320203;SPRF-CE;DEL05-CE;UOP01-DEL05-CE