id;data_inversa;dia_semana;horario;uf;br;km;municipio;causa_acidente;tipo_acidente;classificacao_acidente;fase_dia;sentido_via;condicao_metereologica;tipo_pista;tracado_via;uso_solo;pessoas;mortos;feridos_leves;feridos_graves;ilesos;ignorados;feridos;veiculos;latitude;longitude;regional;delegacia;uop
590858;31/03/2024;domingo;00:10:00;BA;110;186;RIBEIRA DO POMBAL;Animais na Pista;Atropelamento de Animal;Com Vítimas Feridas;Plena Noite;Crescente;Céu Claro;Simples;Reta;Sim;6;0;1;1;0;4;2;2;-10,98456904;-38,51340281;SPRF-BA;DEL07-BA;UOP02-DEL07-BA
590861;31/03/2024;domingo;00:50:00;RJ;101;331;RIO DE JANEIRO;Ingestão de substâncias psicoativas pelo condutor;Colisão com objeto;Com Vítimas Feridas;Plena Noite;Crescente;Nublado;Dupla;Reta;Não;6;0;4;0;2;0;4;1;-22,867662;-43,195337;SPRF-RJ;DEL02-RJ;UOP01-DEL02-RJ
590862;31/03/2024;domingo;00:15:00;AL;316;114;CACIMBINHAS;Ausência de reação do condutor;Colisão traseira;Com Vítimas Feridas;Plena Noite;Crescente;Céu Claro;Simples;Reta;Não;2;0;1;0;1;0;1;2;-9,4046948;-36,99317598;SPRF-AL;DEL03-AL;UOP01-DEL03-AL
590863;31/03/2024;domingo;00:50:00;PE;408;94,3;SAO LOURENCO DA MATA;Condutor Dormindo;Colisão com objeto;Com Vítimas Feridas;Plena Noite;Crescente;Nublado;Dupla;"Retorno Regulamentado;Viaduto";Não;1;0;1;0;0;0;1;1;-8,00448211;-35,04643006;SPRF-PE;DEL01-PE;UOP01-DEL01-PE
590864;31/03/2024;domingo;01:55:00;PE;104;36,9;TORITAMA;Transitar na contramão;Colisão lateral sentido oposto;Com Vítimas Feridas;Plena Noite;Decrescente;Céu Claro;Dupla;Reta;Não;2;0;1;0;1;0;1;2;-8,052739;-36,049232;SPRF-PE;DEL02-PE;UOP01-DEL02-PE
590865;31/03/2024;domingo;02:30:00;SP;116;147,7;SAO JOSE DOS CAMPOS;Ausência de reação do condutor;Colisão traseira;Com Vítimas Feridas;Plena Noite;Crescente;Céu Claro;Dupla;Reta;Não;5;0;3;0;2;0;3;3;-23,19542994;-45,87176303;SPRF-SP;DEL02-SP;UOP01-DEL02-SP
590866;30/03/2024;sábado;20:30:00;PR;163;3,5;BARRACAO;Estacionar ou parar em local proibido;Colisão traseira;Com Vítimas Feridas;Plena Noite;Decrescente;Céu Claro;Simples;"Reta;Retorno Regulamentado";Não;3;0;1;2;0;0;3;2;-26,25066;-53,635523;SPRF-PR;DEL02-PR;UOP02-DEL02-PR
590867;31/03/2024;domingo;02:30:00;PR;376;167,6;MARINGA;Velocidade Incompatível;Colisão traseira;Sem Vítimas;Plena Noite;Decrescente;Céu Claro;Dupla;Reta;Não;2;0;0;0;0;2;0;2;-23,38889484;-52,01765656;SPRF-PR;DEL09-PR;UOP01-DEL09-PR
590868;31/03/2024;domingo;02:50:00;GO;414;410;ABADIANIA;Neblina;Colisão com objeto;Sem Vítimas;Plena Noite;Crescente;Nevoeiro/Neblina;Simples;Interseção de Vias;Não;2;0;0;0;2;0;0;1;-16,05188645;-48,8538301;SPRF-GO;DEL02-GO;UOP01-DEL02-GO
590869;31/03/2024;domingo;00:50:00;BA;101;936,8;MUCURI;Ausência de reação do condutor;Saída de leito carroçável;Sem Vítimas;Plena Noite;Decrescente;Céu Claro;Simples;Reta;Não;3;0;0;0;2;1;0;3;-18,020804;-39,862305;SPRF-BA;DEL09-BA;UOP02-DEL09-BA
590870;31/03/2024;domingo;03:28:00;RS;158;302;ITAARA;Ausência de reação do condutor;Saída de leito carroçável;Sem Vítimas;Plena Noite;Crescente;Céu Claro;Simples;Curva;Não;1;0;0;0;0;1;0;1;-29,547158;-53,757016;SPRF-RS;DEL09-RS;UOP01-DEL09-RS
590871;31/03/2024;domingo;03:00:00;SP;116;284;ITAPECERICA DA SERRA;Reação tardia ou ineficiente do condutor;Capotamento;Sem Vítimas;Plena Noite;Decrescente;Nevoeiro/Neblina;Dupla;"Reta;Interseção de Vias";Sim;1;0;0;0;0;1;0;1;-23,69998;-46,867767;SPRF-SP;DEL04-SP;UOP01-DEL04-SP
590873;31/03/2024;domingo;03:30:00;SC;101;229;PALHOCA;Ingestão de álcool pelo condutor;Colisão com objeto;Sem Vítimas;Plena Noite;Decrescente;Céu Claro;Dupla;Reta;Não;1;0;0;0;1;0;0;1;-27,7688932;-48,63205379;SPRF-SC;DEL01-SC;UOP02-DEL01-SC
590875;31/03/2024;domingo;02:50:00;SC;101;277;IMBITUBA;Condutor deixou de manter distância do veículo da frente;Colisão traseira;Com Vítimas Feridas;Plena Noite;Crescente;Céu Claro;Dupla;Reta;Sim;3;0;0;3;0;0;3;2;-28,15478103;-48,69265474;SPRF-SC;DEL02-SC;UOP03-DEL02-SC
590876;31/03/2024;domingo;04:45:00;RS;116;240,6;NOVO HAMBURGO;Ingestão de álcool pelo condutor;Colisão lateral mesmo sentido;Com Vítimas Feridas;Plena Noite;Crescente;Céu Claro;Dupla;"Declive;Em Obras";Sim;5;0;1;0;4;0;1;2;-29,70496497;-51,14676523;SPRF-RS;DEL01-RS;UOP02-DEL01-RS
590877;31/03/2024;domingo;02:20:00;RJ;101;386;RIO DE JANEIRO;Manobra de mudança de faixa;Colisão lateral mesmo sentido;Com Vítimas Feridas;Plena Noite;Crescente;Nublado;Dupla;Reta;Sim;4;0;0;2;2;0;2;2;-22,883781;-43,644185;SPRF-RJ;DEL03-RJ;UOP01-DEL03-RJ
590878;31/03/2024;domingo;04:00:00;SC;282;1;FLORIANOPOLIS;Ingestão de álcool pelo condutor;Colisão traseira;Sem Vítimas;Pleno dia;Decrescente;Céu Claro;Múltipla;"Curva;Aclive";Sim;3;0;0;0;3;0;0;2;-27,602955;-48,580509;SPRF-SC;DEL01-SC;UOP01-DEL01-SC
590879;31/03/2024;domingo;03:20:00;MG;116;106;MEDINA;Reação tardia ou ineficiente do condutor;Capotamento;Com Vítimas Feridas;Plena Noite;Crescente;Céu Claro;Simples;Curva;Não;5;0;2;0;3;0;2;1;-16,479493;-41,507347;SPRF-MG;DEL11-MG;UOP02-DEL11-MG
590881;30/03/2024;sábado;14:00:00;RJ;116;174;RIO DE JANEIRO;Manobra de mudança de faixa;Queda de ocupante de veículo;Com Vítimas Feridas;Pleno dia;Crescente;Céu Claro;Múltipla;"Interseção de Vias;Reta";Sim;1;0;1;0;0;0;1;1;-22,79423806;-43,36403759;SPRF-RJ;DEL06-RJ;UOP01-DEL06-RJ
590883;31/03/2024;domingo;04:30:00;RJ;101;424;MANGARATIBA;Entrada inopinada do pedestre;Atropelamento de Pedestre;Com Vítimas Feridas;Plena Noite;Crescente;Céu Claro;Simples;Reta;Não;2;0;0;1;1;0;1;2;-22,92844041;-43,97409797;SPRF-RJ;DEL03-RJ;UOP02-DEL03-RJ
590884;31/03/2024;domingo;03:10:00;MS;163;349,7;NOVA ALVORADA DO SUL;Ausência de reação do condutor;Saída de leito carroçável;Com Vítimas Feridas;Plena Noite;Decrescente;Nublado;Simples;Reta;Não;2;0;0;1;1;0;1;1;-21,60002283;-54,43689149;SPRF-MS;DEL02-MS;UOP02-DEL02-MS
590885;31/03/2024;domingo;05:40:00;PE;101;65;RECIFE;Ausência de reação do condutor;Queda de ocupante de veículo;Com Vítimas Feridas;Pleno dia;Crescente;Sol;Múltipla;Reta;Sim;1;0;1;0;0;0;1;1;-8,02478597;-34,94276635;SPRF-PE;DEL01-PE;UOP01-DEL01-PE
590886;31/03/2024;domingo;04:15:00;MG;262;458,8;NOVA SERRANA;Ingestão de álcool pelo condutor;Saída de leito carroçável;Sem Vítimas;Plena Noite;Decrescente;Céu Claro;Simples;Reta;Não;1;0;0;0;0;1;0;1;-19,83697491;-45,05802994;SPRF-MG;DEL08-MG;UOP03-DEL08-MG
590887;31/03/2024;domingo;02:48:00;RO;319;64;PORTO VELHO;Condutor desrespeitou a iluminação vermelha do semáforo;Colisão transversal;Com Vítimas Fatais;Plena Noite;Crescente;Céu Claro;Dupla;Reta;Sim;9;1;0;1;0;7;1;3;-8,766685;-63,884052;SPRF-RO;DEL01-RO;UOP01-DEL01-RO
590888;31/03/2024;domingo;05:00:00;PR;376;238,8;APUCARANA;Ingestão de álcool pelo condutor;Atropelamento de Pedestre;Com Vítimas Feridas;Plena Noite;Crescente;Céu Claro;Dupla;"Aclive;Reta";Não;3;0;2;0;1;0;2;2;-23,5821404;-51,45390599;SPRF-PR;DEL07-PR;UOP03-DEL07-PR
590889;31/03/2024;domingo;05:00:00;MG;365;597;UBERLANDIA;Reação tardia ou ineficiente do condutor;Saída de leito carroçável;Sem Vítimas;Amanhecer;Decrescente;Chuva;Simples;Reta;Não;2;0;0;0;1;1;0;2;-18,8834487;-48,10395907;SPRF-MG;DEL15-MG;UOP01-DEL15-MG
590890;31/03/2024;domingo;05:15:00;SC;101;134,6;BALNEARIO CAMBORIU;Ausência de reação do condutor;Saída de leito carroçável;Sem Vítimas;Amanhecer;Crescente;Céu Claro;Múltipla;Reta;Sim;1;0;0;0;0;1;0;1;-26,99936;-48,64609;SPRF-SC;DEL04-SC;UOP03-DEL04-SC
590891;31/03/2024;domingo;06:00:00;GO;153;621;MORRINHOS;Condutor Dormindo;Saída de leito carroçável;Sem Vítimas;Amanhecer;Decrescente;Chuva;Simples;Viaduto;Não;1;0;0;0;1;0;0;1;-17,7309;-49,1552;SPRF-GO;DEL03-GO;UOP01-DEL03-GO
590892;31/03/2024;domingo;06:45:00;RS;386;129;SARANDI;Ausência de reação do condutor;Saída de leito carroçável;Com Vítimas Feridas;Pleno dia;Decrescente;Céu Claro;Simples;Reta;Não;2;0;1;0;1;0;1;1;-27,929603;-52,962897;SPRF-RS;DEL08-RS;UOP01-DEL08-RS
590893;31/03/2024;domingo;05:36:00;SP;116;88;PINDAMONHANGABA;Neblina;Colisão traseira;Com Vítimas Feridas;Amanhecer;Decrescente;Nublado;Dupla;Reta;Não;4;0;2;1;1;0;3;2;-22,93500994;-45,37019403;SPRF-SP;DEL08-SP;UOP01-DEL08-SP
590894;31/03/2024;domingo;05:25:00;MG;381;869;POUSO ALEGRE;Manobra de mudança de faixa;Colisão traseira;Com Vítimas Feridas;Amanhecer;Crescente;Nevoeiro/Neblina;Dupla;Reta;Não;3;0;0;1;1;1;1;3;-22,42671983;-45,97163217;SPRF-MG;DEL16-MG;UOP01-DEL16-MG
590895;29/03/2024;sexta-feira;20:35:00;MT;364;378;SANTO ANTONIO DO LEVERGER;Velocidade Incompatível;Colisão traseira;Com Vítimas Feridas;Plena Noite;Crescente;Céu Claro;Dupla;Reta;Não;2;0;1;0;1;0;1;2;-15,70377454;-55,74613599;SPRF-MT;DEL01-MT;UOP02-DEL01-MT
590896;31/03/2024;domingo;05:55:00;MG;50;18;UBERLANDIA;Reação tardia ou ineficiente do condutor;Atropelamento de Animal;Sem Vítimas;Amanhecer;Decrescente;Céu Claro;Simples;Reta;Não;1;0;0;0;0;1;0;1;-18,92745428;-48,19517612;SPRF-MG;DEL15-MG;UOP01-DEL15-MG
590898;31/03/2024;domingo;06:50:00;ES;101;281,9;SERRA;Velocidade Incompatível;Colisão com objeto;Sem Vítimas;Pleno dia;Crescente;Céu Claro;Dupla;Ponte;Sim;1;0;0;0;0;1;0;1;-20,22112792;-40,35720552;SPRF-ES;DEL02-ES;UOP01-DEL02-ES
590899;31/03/2024;domingo;06:00:00;PR;369;177;ROLANDIA;Ausência de reação do condutor;Tombamento;Com Vítimas Feridas;Amanhecer;Decrescente;Céu Claro;Simples;Curva;Sim;1;0;1;0;0;0;1;1;-23,34944;-51,3853;SPRF-PR;DEL07-PR;UOP01-DEL07-PR
590900;31/03/2024;domingo;07:13:00;RN;101;75;NATAL;Ingestão de álcool pelo condutor;Colisão com objeto;Com Vítimas Feridas;Pleno dia;Decrescente;Céu Claro;Dupla;Rotatória;Não;2;0;1;1;0;0;2;1;-5,721906;-35,27672;SPRF-RN;DEL02-RN;UOP01-DEL02-RN
590901;31/03/2024;domingo;07:30:00;GO;70;4;AGUAS LINDAS DE GOIAS;Ausência de reação do condutor;Colisão com objeto;Sem Vítimas;Pleno dia;Decrescente;Céu Claro;Dupla;Reta;Sim;1;0;0;0;0;1;0;1;-15,758997;-48,25036;SPRF-DF;DEL03-DF;UOP02-DEL03-DF
590903;31/03/2024;domingo;05:30:00;PR;163;1;BARRACAO;Ultrapassagem Indevida;Colisão frontal;Com Vítimas Feridas;Plena Noite;Decrescente;Céu Claro;Simples;Reta;Não;4;0;1;3;0;0;4;2;-26,25066;-53,635523;SPRF-PR;DEL02-PR;UOP02-DEL02-PR
590904;31/03/2024;domingo;04:00:00;RJ;116;190;NOVA IGUACU;Ausência de reação do condutor;Colisão lateral mesmo sentido;Com Vítimas Feridas;Amanhecer;Crescente;Céu Claro;Dupla;Reta;Sim;1;0;1;0;0;0;1;1;-22,74123776;-43,5007311;SPRF-RJ;DEL06-RJ;UOP01-DEL06-RJ
590905;31/03/2024;domingo;08:05:00;GO;40;4;VALPARAISO DE GOIAS;Manobra de mudança de faixa;Colisão lateral mesmo sentido;Com Vítimas Feridas;Pleno dia;Decrescente;Céu Claro;Dupla;Reta;Sim;2;0;1;0;1;0;1;2;-16,090278;-47,983739;SPRF-DF;DEL01-DF;UOP01-DEL01-DF
590909;31/03/2024;domingo;05:30:00;RO;364;710;PORTO VELHO;Acessar a via sem observar a presença dos outros veículos;Colisão transversal;Sem Vítimas;Amanhecer;Decrescente;Céu Claro;Múltipla;"Reta;Rotatória";Sim;2;0;0;0;2;0;0;2;-8,78621576;-63,85712687;SPRF-RO;DEL01-RO;UOP01-DEL01-RO
590910;31/03/2024;domingo;04:00:00;MA;226;43;MATOES;Ingestão de álcool pelo condutor;Colisão frontal;Com Vítimas Fatais;Plena Noite;Crescente;Ignorado;Simples;Reta;Não;3;1;0;1;0;1;1;2;-5,224909;-43,451706;SPRF-MA;DEL03-MA;UOP02-DEL03-MA
590911;31/03/2024;domingo;08:40:00;SP;101;31;UBATUBA;Acessar a via sem observar a presença dos outros veículos;Colisão lateral mesmo sentido;Com Vítimas Feridas;Pleno dia;Decrescente;Céu Claro;Simples;Reta;Não;2;0;1;0;1;0;1;2;-23,38434701;-44,97217398;SPRF-SP;DEL06-SP;UOP01-DEL06-SP
590912;31/03/2024;domingo;05:10:00;MA;316;494,9;CODO;Condutor deixou de manter distância do veículo da frente;Colisão traseira;Com Vítimas Feridas;Amanhecer;Crescente;Céu Claro;Simples;Reta;Não;4;0;2;0;2;0;2;2;-4,684628;-43,809547;SPRF-MA;DEL03-MA;UOP02-DEL03-MA
590914;31/03/2024;domingo;08:45:00;SC;282;38,6;AGUAS MORNAS;Transitar na contramão;Colisão lateral sentido oposto;Com Vítimas Feridas;Pleno dia;Crescente;Céu Claro;Simples;Curva;Sim;3;0;1;0;2;0;1;2;-27,709209;-48,852467;SPRF-SC;DEL01-SC;UOP03-DEL01-SC
590915;31/03/2024;domingo;08:30:00;SP;116;152;SAO JOSE DOS CAMPOS;Reação tardia ou ineficiente do condutor;Queda de ocupante de veículo;Com Vítimas Feridas;Pleno dia;Decrescente;Céu Claro;Dupla;Reta;Sim;2;0;2;0;0;0;2;1;-23,22620401;-45,90682999;SPRF-SP;DEL02-SP;UOP01-DEL02-SP
590916;31/03/2024;domingo;09:50:00;RN;226;175,4;CURRAIS NOVOS;Acessar a via sem observar a presença dos outros veículos;Colisão lateral mesmo sentido;Com Vítimas Feridas;Pleno dia;Decrescente;Nublado;Simples;Reta;Sim;3;0;0;2;1;0;2;2;-6,257745;-36,510166;SPRF-RN;DEL03-RN;UOP02-DEL03-RN
590918;31/03/2024;domingo;09:25:00;MS;262;7;TRES LAGOAS;Ausência de reação do condutor;Colisão traseira;Com Vítimas Feridas;Pleno dia;Crescente;Sol;Dupla;Reta;Sim;3;0;1;0;2;0;1;2;-20,78970603;-51,67753637;SPRF-MS;DEL07-MS;UOP01-DEL07-MS
590920;31/03/2024;domingo;05:35:00;MG;40;508;RIBEIRAO DAS NEVES;Ausência de reação do condutor;Tombamento;Com Vítimas Feridas;Pleno dia;Decrescente;Céu Claro;Dupla;Reta;Sim;2;0;1;1;0;0;2;1;-19,76061249;-44,1347544;SPRF-MG;DEL02-MG;UOP01-DEL02-MG
590921;31/03/2024;domingo;11:00:00;AL;316;254;PILAR;Desrespeitar a preferência no cruzamento;Colisão transversal;Com Vítimas Feridas;Pleno dia;Crescente;Nublado;Simples;"Interseção de Vias;Reta";Sim;2;0;1;0;1;0;1;2;-9,59025583;-35,95481873;SPRF-AL;DEL02-AL;UOP01-DEL02-AL
590922;31/03/2024;domingo;10:30:00;PR;277;119,9;CAMPO LARGO;Acessar a via sem observar a presença dos outros veículos;Colisão lateral mesmo sentido;Com Vítimas Feridas;Pleno dia;Crescente;Céu Claro;Dupla;Reta;Não;3;0;1;0;2;0;1;2;-25,43744214;-49,54788923;SPRF-PR;DEL03-PR;UOP03-DEL03-PR
590923;31/03/2024;domingo;10:45:00;MG;40;421;CURVELO;Reação tardia ou ineficiente do condutor;Engavetamento;Com Vítimas Feridas;Pleno dia;Crescente;Céu Claro;Simples;Reta;Não;5;0;2;2;1;0;4;3;-19,15478812;-44,55712798;SPRF-MG;DEL02-MG;UOP01-DEL02-MG
590924;31/03/2024;domingo;10:30:00;MS;163;566;BANDEIRANTES;Ausência de reação do condutor;Saída de leito carroçável;Com Vítimas Feridas;Pleno dia;Crescente;Céu Claro;Simples;Reta;Não;2;0;2;0;0;0;2;1;-19,7668671;-54,36081762;SPRF-MS;DEL01-MS;UOP02-DEL01-MS
590928;31/03/2024;domingo;11:40:00;ES;262;17;VIANA;Acessar a via sem observar a presença dos outros veículos;Colisão transversal;Com Vítimas Feridas;Pleno dia;Crescente;Nublado;Simples;Interseção de Vias;Sim;3;0;1;1;1;0;2;2;-20,38635961;-40,47272969;SPRF-ES;DEL01-ES;UOP01-DEL01-ES
590929;31/03/2024;domingo;11:10:00;PR;277;495;GUARANIACU;Transitar na contramão;Colisão frontal;Com Vítimas Feridas;Pleno dia;Crescente;Sol;Simples;"Curva;Aclive;Interseção de Vias";Sim;10;0;7;2;0;1;9;3;-25,20085392;-52,65444353;SPRF-PR;DEL04-PR;UOP04-DEL04-PR
590931;31/03/2024;domingo;11:45:00;MG;40;672,6;CARANDAI;Velocidade Incompatível;Colisão traseira;Com Vítimas Feridas;Pleno dia;Crescente;Sol;Simples;Reta;Não;2;0;0;1;1;0;1;2;-20,99406911;-43,77827346;SPRF-MG;DEL05-MG;UOP02-DEL05-MG
590932;31/03/2024;domingo;07:42:00;GO;50;96;CRISTALINA;Ingestão de álcool pelo condutor;Colisão com objeto;Sem Vítimas;Plena Noite;Crescente;Ignorado;Dupla;"Declive;Desvio Temporário;Em Obras";Sim;1;0;0;0;0;1;0;1;-16,9309;-47,7117;SPRF-DF;DEL01-DF;UOP02-DEL01-DF
590933;31/03/2024;domingo;12:00:00;PR;116;120;CURITIBA;Reação tardia ou ineficiente do condutor;Colisão traseira;Com Vítimas Feridas;Pleno dia;Decrescente;Céu Claro;Dupla;Reta;Sim;3;0;2;0;0;1;2;2;-25,58681727;-49,31434393;SPRF-PR;DEL01-PR;UOP03-DEL01-PR
590934;31/03/2024;domingo;12:45:00;SC;282;17;PALHOCA;Acessar a via sem observar a presença dos outros veículos;Colisão transversal;Com Vítimas Feridas;Pleno dia;Decrescente;Céu Claro;Simples;Reta;Não;2;0;0;1;1;0;1;2;-27,665707;-48,688065;SPRF-SC;DEL01-SC;UOP02-DEL01-SC
590935;31/03/2024;domingo;12:25:00;RJ;393;282,3;VOLTA REDONDA;Ausência de reação do condutor;Colisão traseira;Com Vítimas Feridas;Pleno dia;Crescente;Sol;Simples;Reta;Não;4;0;2;0;2;0;2;2;-22,48082784;-44,04047201;SPRF-RJ;DEL05-RJ;UOP04-DEL05-RJ
590937;31/03/2024;domingo;11:25:00;SC;101;340,2;TUBARAO;Reação tardia ou ineficiente do condutor;Colisão traseira;Com Vítimas Feridas;Pleno dia;Crescente;Céu Claro;Múltipla;Reta;Não;4;0;1;0;3;0;1;2;-28,501444;-49,04690399;SPRF-SC;DEL02-SC;UOP01-DEL02-SC
590938;31/03/2024;domingo;12:35:00;PR;369;195;APUCARANA;Reação tardia ou ineficiente do condutor;Colisão com objeto;Com Vítimas Feridas;Pleno dia;Crescente;Céu Claro;Dupla;Reta;Não;1;0;0;1;0;0;1;1;-23,499636;-51,423921;SPRF-PR;DEL07-PR;UOP03-DEL07-PR
590940;31/03/2024;domingo;11:25:00;RJ;116;143;DUQUE DE CAXIAS;Reação tardia ou ineficiente do condutor;Colisão traseira;Com Vítimas Feridas;Pleno dia;Crescente;Céu Claro;Dupla;Reta;Sim;6;0;2;0;4;0;2;2;-22,65237271;-43,23918118;SPRF-RJ;DEL01-RJ;UOP02-DEL01-RJ
590941;31/03/2024;domingo;13:00:00;MG;40;513,5;RIBEIRAO DAS NEVES;Ingestão de álcool pelo condutor;Engavetamento;Com Vítimas Feridas;Pleno dia;Crescente;Céu Claro;Dupla;Reta;Não;3;0;1;0;0;2;1;3;-19,7970544;-44,1080512;SPRF-MG;DEL01-MG;UOP02-DEL01-MG
590942;31/03/2024;domingo;13:50:00;MG;267;40,8;ARGIRITA;Transitar na contramão;Colisão frontal;Com Vítimas Fatais;Pleno dia;Decrescente;Céu Claro;Simples;"Declive;Reta";Não;3;1;1;1;0;0;2;2;-21,67774999;-42,906991;SPRF-MG;DEL07-MG;UOP01-DEL07-MG
590943;31/03/2024;domingo;13:15:00;GO;70;2,3;AGUAS LINDAS DE GOIAS;Manobra de mudança de faixa;Saída de leito carroçável;Com Vítimas Feridas;Pleno dia;Crescente;Céu Claro;Dupla;"Aclive;Reta";Sim;2;0;2;0;0;0;2;1;-15,767021;-48,229945;SPRF-DF;DEL03-DF;UOP02-DEL03-DF
590944;31/03/2024;domingo;12:15:00;GO;452;0,5;RIO VERDE;Reação tardia ou ineficiente do condutor;Colisão traseira;Sem Vítimas;Pleno dia;Decrescente;Céu Claro;Dupla;Reta;Sim;3;0;0;0;3;0;0;2;-17,79126493;-50,89368296;SPRF-GO;DEL04-GO;UOP01-DEL04-GO
590945;31/03/2024;domingo;14:05:00;RS;285;299,1;PASSO FUNDO;Condutor deixou de manter distância do veículo da frente;Colisão traseira;Com Vítimas Feridas;Pleno dia;Crescente;Nublado;Simples;Reta;Não;3;0;1;0;2;0;1;2;-28,234184;-52,43314;SPRF-RS;DEL08-RS;UOP03-DEL08-RS
590948;31/03/2024;domingo;13:40:00;ES;262;133;BREJETUBA;Reação tardia ou ineficiente do condutor;Saída de leito carroçável;Com Vítimas Feridas;Pleno dia;Crescente;Sol;Simples;Reta;Não;4;0;1;0;1;2;1;3;-20,24395403;-41,31727776;SPRF-ES;DEL01-ES;UOP02-DEL01-ES
590949;31/03/2024;domingo;14:15:00;RS;290;75;GRAVATAI;Curva acentuada;Colisão com objeto;Com Vítimas Feridas;Pleno dia;Decrescente;Céu Claro;Simples;"Curva;Retorno Regulamentado";Não;2;0;2;0;0;0;2;1;-29,95489185;-51,00215077;SPRF-RS;DEL01-RS;UOP01-DEL01-RS
590950;31/03/2024;domingo;14:40:00;MG;381;486;BETIM;Condutor deixou de manter distância do veículo da frente;Colisão traseira;Sem Vítimas;Pleno dia;Decrescente;Céu Claro;Dupla;Reta;Sim;3;0;0;0;3;0;0;3;-19,95644414;-44,13611598;SPRF-MG;DEL01-MG;UOP03-DEL01-MG
590951;31/03/2024;domingo;14:10:00;CE;116;9,5;FORTALEZA;Reação tardia ou ineficiente do condutor;Colisão com objeto;Com Vítimas Feridas;Pleno dia;Decrescente;Nublado;Múltipla;Reta;Sim;1;0;1;0;0;0;1;1;-3,82779096;-38,50486117;SPRF-CE;DEL01-CE;UOP02-DEL01-CE
590952;31/03/2024;domingo;13:40:00;MT;70;516;VARZEA GRANDE;Conversão proibida;Colisão frontal;Com Vítimas Feridas;Pleno dia;Crescente;Céu Claro;Simples;Reta;Não;2;0;1;0;1;0;1;2;-15,69402912;-56,16725922;SPRF-MT;DEL01-MT;UOP02-DEL01-MT
590954;26/02/2024;segunda-feira;06:36:00;RJ;101;396;RIO DE JANEIRO;Reação tardia ou ineficiente do condutor;Saída de leito carroçável;Com Vítimas Feridas;Amanhecer;Crescente;Nublado;Dupla;Reta;Não;30;0;18;6;6;0;24;1;-22,874033;-43,741343;SPRF-RJ;DEL03-RJ;UOP01-DEL03-RJ
590955;31/03/2024;domingo;14:40:00;PE;101;136;ESCADA;Avarias e/ou desgaste excessivo no pneu;Queda de ocupante de veículo;Com Vítimas Feridas;Pleno dia;Decrescente;Céu Claro;Dupla;Reta;Não;2;0;2;0;0;0;2;1;-8,41439454;-35,3044618;SPRF-PE;DEL01-PE;UOP03-DEL01-PE
590956;31/03/2024;domingo;15:05:00;BA;116;359;SERRINHA;Desrespeitar a preferência no cruzamento;Colisão transversal;Com Vítimas Feridas;Pleno dia;Crescente;Sol;Múltipla;Retorno Regulamentado;Sim;3;0;0;1;2;0;1;2;-11,66747;-39,0012;SPRF-BA;DEL02-BA;UOP01-DEL02-BA
590957;31/03/2024;domingo;15:05:00;PE;101;74;RECIFE;Pedestre cruzava a pista fora da faixa;Atropelamento de Pedestre;Com Vítimas Feridas;Pleno dia;Crescente;Céu Claro;Dupla;Curva;Sim;2;0;0;1;1;0;1;2;-8,10146485;-34,94901577;SPRF-PE;DEL01-PE;UOP01-DEL01-PE
590958;31/03/2024;domingo;15:10:00;SC;101;128;ITAJAI;Manobra de mudança de faixa;Colisão lateral mesmo sentido;Com Vítimas Feridas;Pleno dia;Crescente;Céu Claro;Dupla;Reta;Não;2;0;1;0;0;1;1;2;-26,97284292;-48,68299451;SPRF-SC;DEL04-SC;UOP04-DEL04-SC
590959;31/03/2024;domingo;15:50:00;PB;230;36;SANTA RITA;Acessar a via sem observar a presença dos outros veículos;Atropelamento de Pedestre;Com Vítimas Feridas;Pleno dia;Decrescente;Nublado;Dupla;Declive;Não;2;0;1;0;0;1;1;2;-7,1246;-34,9473;SPRF-PB;DEL01-PB;UOP03-DEL01-PB
590960;31/03/2024;domingo;13:05:00;AM;230;614;HUMAITA;Acessar a via sem observar a presença dos outros veículos;Tombamento;Com Vítimas Feridas;Pleno dia;Crescente;Nublado;Simples;Reta;Não;3;0;2;0;1;0;2;2;-7,52452713;-63,04076743;SPRF-AM;DEL01-AM;UOP05-DEL01-AM
590961;31/03/2024;domingo;13:10:00;RN;304;152,9;ANGICOS;Chuva;Saída de leito carroçável;Com Vítimas Feridas;Pleno dia;Crescente;Chuva;Simples;Reta;Não;4;0;1;0;3;0;1;1;-5,69341207;-36,58011701;SPRF-RN;DEL04-RN;UOP01-DEL04-RN
590962;31/03/2024;domingo;14:50:00;BA;324;570;SAO SEBASTIAO DO PASSE;Manobra de mudança de faixa;Colisão lateral mesmo sentido;Com Vítimas Feridas;Pleno dia;Crescente;Céu Claro;Dupla;Reta;Não;2;0;2;0;0;0;2;1;-12,54603889;-38,58142792;SPRF-BA;DEL01-BA;UOP01-DEL01-BA
590963;31/03/2024;domingo;14:00:00;MG;116;506,9;UBAPORANGA;Ausência de reação do condutor;Colisão traseira;Com Vítimas Feridas;Pleno dia;Decrescente;Céu Claro;Simples;Reta;Sim;2;0;0;1;1;0;1;2;-19,61173388;-42,11344072;SPRF-MG;DEL06-MG;UOP02-DEL06-MG