id;data_inversa;dia_semana;horario;uf;br;km;municipio;causa_acidente;tipo_acidente;classificacao_acidente;fase_dia;sentido_via;condicao_metereologica;tipo_pista;tracado_via;uso_solo;pessoas;mortos;feridos_leves;feridos_graves;ilesos;ignorados;feridos;veiculos;latitude;longitude;regional;delegacia;uop
590964;31/03/2024;domingo;16:00:00;RS;285;341,2;CARAZINHO;Desrespeitar a preferência no cruzamento;Colisão transversal;Com Vítimas Feridas;Pleno dia;Decrescente;Céu Claro;Simples;Interseção de Vias;Não;3;0;2;0;0;1;2;2;-28,317753;-52,806843;SPRF-RS;DEL08-RS;UOP03-DEL08-RS
590967;31/03/2024;domingo;15:57:00;MG;40;510,4;RIBEIRAO DAS NEVES;Ingestão de álcool pelo condutor;Engavetamento;Sem Vítimas;Pleno dia;Crescente;Céu Claro;Dupla;"Reta;Aclive";Não;4;0;0;0;4;0;0;4;-19,77463885;-44,12321882;SPRF-MG;DEL01-MG;UOP02-DEL01-MG
590968;31/03/2024;domingo;16:00:00;RJ;116;184;NOVA IGUACU;Manobra de mudança de faixa;Colisão lateral mesmo sentido;Com Vítimas Feridas;Pleno dia;Decrescente;Céu Claro;Múltipla;Reta;Sim;3;0;2;0;1;0;2;2;-22,74647215;-43,44594311;SPRF-RJ;DEL06-RJ;UOP01-DEL06-RJ
590970;31/03/2024;domingo;16:10:00;SC;280;168,5;MAFRA;Ausência de reação do condutor;Colisão com objeto;Com Vítimas Feridas;Pleno dia;Decrescente;Céu Claro;Simples;"Aclive;Reta";Sim;2;0;1;0;1;0;1;1;-26,1600847;-49,81588937;SPRF-SC;DEL06-SC;UOP01-DEL06-SC
590971;31/03/2024;domingo;08:00:00;BA;235;243;UAUA;Condutor deixou de manter distância do veículo da frente;Colisão lateral mesmo sentido;Com Vítimas Fatais;Pleno dia;Crescente;Céu Claro;Simples;Reta;Não;2;1;0;0;0;1;0;2;-9,76966757;-39,60989875;SPRF-BA;DEL07-BA;UOP01-DEL07-BA
590972;31/03/2024;domingo;15:00:00;SP;116;99,1;PINDAMONHANGABA;Condutor deixou de manter distância do veículo da frente;Engavetamento;Com Vítimas Feridas;Pleno dia;Crescente;Céu Claro;Dupla;Reta;Não;5;0;2;0;2;1;2;4;-22,98236971;-45,46436617;SPRF-SP;DEL08-SP;UOP01-DEL08-SP
590973;31/03/2024;domingo;16:00:00;SC;282;26,7;SANTO AMARO DA IMPERATRIZ;Acessar a via sem observar a presença dos outros veículos;Colisão transversal;Com Vítimas Feridas;Pleno dia;Crescente;Céu Claro;Simples;"Reta;Interseção de Vias";Não;2;0;0;1;1;0;1;2;-27,67564892;-48,7678653;SPRF-SC;DEL01-SC;UOP03-DEL01-SC
590974;31/03/2024;domingo;16:20:00;RS;116;242;SAO LEOPOLDO;Reação tardia ou ineficiente do condutor;Colisão traseira;Com Vítimas Feridas;Pleno dia;Crescente;Céu Claro;Dupla;"Em Obras;Reta";Sim;5;0;2;0;3;0;2;2;-29,72297087;-51,14858729;SPRF-RS;DEL01-RS;UOP02-DEL01-RS
590975;31/03/2024;domingo;15:00:00;MS;262;232;RIBAS DO RIO PARDO;Reação tardia ou ineficiente do condutor;Colisão traseira;Sem Vítimas;Pleno dia;Crescente;Garoa/Chuvisco;Simples;Reta;Não;2;0;0;0;2;0;0;2;-20,46551195;-53,69034299;SPRF-MS;DEL07-MS;UOP02-DEL07-MS
590976;31/03/2024;domingo;16:00:00;PR;277;39,2;MORRETES;Demais falhas mecânicas ou elétricas;Incêndio;Sem Vítimas;Pleno dia;Crescente;Céu Claro;Dupla;"Reta;Aclive";Não;2;0;0;0;2;0;0;1;-25,571233;-48,817137;SPRF-PR;DEL01-PR;UOP05-DEL01-PR
590977;31/03/2024;domingo;16:25:00;RS;386;32,1;FREDERICO WESTPHALEN;Acessar a via sem observar a presença dos outros veículos;Colisão transversal;Com Vítimas Feridas;Pleno dia;Crescente;Céu Claro;Simples;Interseção de Vias;Sim;2;0;1;0;1;0;1;2;-27,341396;-53,387527;SPRF-RS;DEL08-RS;UOP02-DEL08-RS
590978;31/03/2024;domingo;16:30:00;RS;386;391,2;TRIUNFO;Acessar a via sem observar a presença dos outros veículos;Colisão transversal;Com Vítimas Feridas;Pleno dia;Decrescente;Céu Claro;Dupla;"Reta;Interseção de Vias";Não;3;0;1;0;2;0;1;2;-29,7029;-51,665871;SPRF-RS;DEL04-RS;UOP02-DEL04-RS
590979;31/03/2024;domingo;17:00:00;RN;304;177;FERNANDO PEDROZA;Pista esburacada;Tombamento;Com Vítimas Feridas;Pleno dia;Crescente;Chuva;Simples;Reta;Não;2;0;2;0;0;0;2;1;-5,68883;-36,366143;SPRF-RN;DEL01-RN;UOP03-DEL01-RN
590980;31/03/2024;domingo;15:39:00;ES;101;255,7;SERRA;Ausência de reação do condutor;Colisão traseira;Com Vítimas Feridas;Pleno dia;Decrescente;Sol;Simples;"Reta;Aclive";Sim;3;0;0;1;2;0;1;2;-20,11843401;-40,31229258;SPRF-ES;DEL02-ES;UOP01-DEL02-ES
590981;31/03/2024;domingo;16:30:00;RS;386;247,8;SOLEDADE;Reação tardia ou ineficiente do condutor;Colisão transversal;Com Vítimas Feridas;Pleno dia;Crescente;Céu Claro;Simples;"Em Obras;Reta";Sim;11;0;1;1;9;0;2;3;-28,817137;-52,485972;SPRF-RS;DEL04-RS;UOP03-DEL04-RS
590982;31/03/2024;domingo;16:20:00;CE;222;40,9;CAUCAIA;Condutor deixou de manter distância do veículo da frente;Colisão traseira;Com Vítimas Feridas;Pleno dia;Decrescente;Nublado;Simples;Reta;Sim;3;0;1;1;1;0;2;2;-3,68690023;-38,90730706;SPRF-CE;DEL01-CE;UOP03-DEL01-CE
590983;31/03/2024;domingo;16:50:00;CE;116;22;ITAITINGA;Condutor deixou de manter distância do veículo da frente;Engavetamento;Com Vítimas Feridas;Pleno dia;Decrescente;Céu Claro;Dupla;Reta;Sim;11;0;2;0;9;0;2;3;-3,94070798;-38,50918633;SPRF-CE;DEL01-CE;UOP02-DEL01-CE
590984;31/03/2024;domingo;17:00:00;PR;369;157;LONDRINA;Velocidade Incompatível;Colisão traseira;Com Vítimas Feridas;Pleno dia;Crescente;Céu Claro;Dupla;Reta;Sim;2;0;1;0;1;0;1;2;-23,28804607;-51,22474194;SPRF-PR;DEL07-PR;UOP01-DEL07-PR
590986;31/03/2024;domingo;17:00:00;SC;101;149;ITAPEMA;Manobra de mudança de faixa;Colisão lateral mesmo sentido;Com Vítimas Feridas;Pleno dia;Decrescente;Céu Claro;Dupla;Reta;Sim;2;0;1;0;1;0;1;2;-27,1089649;-48,61277586;SPRF-SC;DEL04-SC;UOP03-DEL04-SC
590987;31/03/2024;domingo;16:00:00;ES;262;16;VIANA;Acessar a via sem observar a presença dos outros veículos;Colisão transversal;Sem Vítimas;Pleno dia;Decrescente;Céu Claro;Simples;Curva;Sim;2;0;0;0;2;0;0;2;-20,38635961;-40,47272969;SPRF-ES;DEL01-ES;UOP01-DEL01-ES
590988;31/03/2024;domingo;16:10:00;RJ;393;170;TRES RIOS;Condutor Dormindo;Colisão lateral sentido oposto;Com Vítimas Feridas;Pleno dia;Decrescente;Céu Claro;Simples;Curva;Não;4;0;1;0;3;0;1;2;-22,11956789;-43,16009506;SPRF-RJ;DEL05-RJ;UOP03-DEL05-RJ
590989;31/03/2024;domingo;17:20:00;RS;116;242;SAO LEOPOLDO;Reação tardia ou ineficiente do condutor;Colisão traseira;Com Vítimas Feridas;Pleno dia;Crescente;Céu Claro;Dupla;"Reta;Em Obras";Sim;3;0;1;0;2;0;1;2;-29,72297087;-51,14858729;SPRF-RS;DEL01-RS;UOP02-DEL01-RS
590990;31/03/2024;domingo;15:50:00;BA;367;36;PORTO SEGURO;Ultrapassagem Indevida;Colisão frontal;Com Vítimas Feridas;Pleno dia;Crescente;Céu Claro;Simples;Reta;Não;5;0;0;1;4;0;1;4;-16,399183;-39,18136;SPRF-BA;DEL09-BA;UOP03-DEL09-BA
590991;31/03/2024;domingo;17:10:00;SP;116;176;GUARAREMA;Ausência de reação do condutor;Colisão com objeto;Com Vítimas Feridas;Pleno dia;Crescente;Céu Claro;Dupla;Reta;Não;4;0;1;0;3;0;1;1;-23,32188281;-46,110083;SPRF-SP;DEL01-SP;UOP01-DEL01-SP
590992;31/03/2024;domingo;16:50:00;RS;386;408,5;TRIUNFO;Acessar a via sem observar a presença dos outros veículos;Colisão transversal;Com Vítimas Feridas;Pleno dia;Crescente;Céu Claro;Dupla;"Reta;Declive";Não;3;0;1;0;2;0;1;2;-29,796766;-51,527248;SPRF-RS;DEL04-RS;UOP02-DEL04-RS
590993;31/03/2024;domingo;17:10:00;SC;101;149;ITAPEMA;Manobra de mudança de faixa;Colisão lateral mesmo sentido;Com Vítimas Feridas;Pleno dia;Decrescente;Céu Claro;Múltipla;Reta;Sim;2;0;1;0;1;0;1;2;-27,1089649;-48,61277586;SPRF-SC;DEL04-SC;UOP03-DEL04-SC
590994;31/03/2024;domingo;17:50:00;BA;101;883;TEIXEIRA DE FREITAS;Reação tardia ou ineficiente do condutor;Colisão traseira;Com Vítimas Feridas;Plena Noite;Decrescente;Chuva;Simples;Reta;Não;2;0;0;1;1;0;1;2;-17,593204;-39,74709;SPRF-BA;DEL09-BA;UOP02-DEL09-BA
590995;31/03/2024;domingo;17:45:00;SP;116;151;SAO JOSE DOS CAMPOS;Ausência de reação do condutor;Colisão lateral mesmo sentido;Com Vítimas Feridas;Anoitecer;Crescente;Sol;Dupla;Reta;Não;3;0;2;0;1;0;2;2;-23,21980694;-45,89991605;SPRF-SP;DEL02-SP;UOP01-DEL02-SP
590996;31/03/2024;domingo;17:34:00;SP;116;229,3;SAO PAULO;Ausência de reação do condutor;Colisão com objeto;Com Vítimas Feridas;Anoitecer;Crescente;Céu Claro;Múltipla;Reta;Sim;2;0;1;0;1;0;1;1;-23,51291902;-46,57604698;SPRF-SP;DEL01-SP;UOP01-DEL01-SP
590997;31/03/2024;domingo;15:40:00;CE;222;59,9;SAO GONCALO DO AMARANTE;Ausência de reação do condutor;Queda de ocupante de veículo;Com Vítimas Feridas;Pleno dia;Crescente;Céu Claro;Simples;Reta;Não;1;0;1;0;0;0;1;1;-3,67053434;-39,07182499;SPRF-CE;DEL01-CE;UOP03-DEL01-CE
590998;31/03/2024;domingo;14:10:00;ES;101;290;CARIACICA;Demais falhas mecânicas ou elétricas;Tombamento;Com Vítimas Feridas;Pleno dia;Crescente;Céu Claro;Dupla;"Aclive;Reta";Não;2;0;2;0;0;0;2;1;-20,28927747;-40,39181575;SPRF-ES;DEL01-ES;UOP01-DEL01-ES
590999;31/03/2024;domingo;18:00:00;RN;304;30,4;MOSSORO;Ausência de reação do condutor;Colisão traseira;Com Vítimas Feridas;Plena Noite;Crescente;Chuva;Dupla;Reta;Sim;2;0;1;0;1;0;1;2;-5,11703801;-37,34100094;SPRF-RN;DEL04-RN;UOP02-DEL04-RN
591001;31/03/2024;domingo;17:40:00;PR;116;102,3;SAO JOSE DOS PINHAIS;Reação tardia ou ineficiente do condutor;Colisão lateral mesmo sentido;Com Vítimas Fatais;Pleno dia;Crescente;Céu Claro;Dupla;"Reta;Viaduto";Sim;4;1;0;0;2;1;0;4;-25,5685144;-49,17894065;SPRF-PR;DEL01-PR;UOP07-DEL01-PR
591002;31/03/2024;domingo;18:00:00;RS;386;179,9;CARAZINHO;Desrespeitar a preferência no cruzamento;Colisão transversal;Com Vítimas Feridas;Pleno dia;Decrescente;Céu Claro;Simples;Rotatória;Não;2;0;1;0;1;0;1;2;-28,29827832;-52,74807572;SPRF-RS;DEL08-RS;UOP01-DEL08-RS
591003;31/03/2024;domingo;17:40:00;GO;153;516;APARECIDA DE GOIANIA;Ingestão de álcool pelo condutor;Colisão traseira;Sem Vítimas;Pleno dia;Decrescente;Céu Claro;Dupla;Retorno Regulamentado;Não;3;0;0;0;3;0;0;2;-16,8504;-49,2473;SPRF-GO;DEL01-GO;UOP03-DEL01-GO
591007;31/03/2024;domingo;17:20:00;RJ;116;192;NOVA IGUACU;Condutor deixou de manter distância do veículo da frente;Colisão traseira;Com Vítimas Feridas;Anoitecer;Decrescente;Céu Claro;Dupla;Reta;Não;3;0;0;2;1;0;2;2;-22,74207737;-43,5192401;SPRF-RJ;DEL06-RJ;UOP01-DEL06-RJ
591008;31/03/2024;domingo;14:50:00;PA;316;24;BENEVIDES;Demais falhas mecânicas ou elétricas;Tombamento;Com Vítimas Feridas;Pleno dia;Decrescente;Céu Claro;Dupla;Reta;Sim;2;0;1;1;0;0;2;1;-1,34599732;-48,25152822;SPRF-PA;DEL01-PA;UOP01-DEL01-PA
591009;19/03/2024;terça-feira;18:20:00;ES;101;290;CARIACICA;Acessar a via sem observar a presença dos outros veículos;Colisão transversal;Com Vítimas Feridas;Plena Noite;Crescente;Céu Claro;Dupla;Reta;Sim;2;0;1;0;1;0;1;2;-20,28927747;-40,39181575;SPRF-ES;DEL01-ES;UOP01-DEL01-ES
591010;31/03/2024;domingo;19:05:00;RS;116;233;ESTANCIA VELHA;Condutor deixou de manter distância do veículo da frente;Colisão traseira;Sem Vítimas;Plena Noite;Crescente;Céu Claro;Simples;Reta;Sim;2;0;0;0;2;0;0;2;-29,64206007;-51,14268362;SPRF-RS;DEL01-RS;UOP02-DEL01-RS
591011;31/03/2024;domingo;18:15:00;PR;376;626,7;SAO JOSE DOS PINHAIS;Velocidade Incompatível;Colisão com objeto;Com Vítimas Feridas;Anoitecer;Decrescente;Céu Claro;Múltipla;Reta;Não;4;0;3;1;0;0;4;1;-25,66095117;-49,15500053;SPRF-PR;DEL01-PR;UOP04-DEL01-PR
591012;31/03/2024;domingo;19:15:00;CE;116;69;CHOROZINHO;Condutor deixou de manter distância do veículo da frente;Colisão traseira;Com Vítimas Feridas;Plena Noite;Decrescente;Céu Claro;Simples;Reta;Sim;3;0;0;1;1;1;1;2;-4,32059871;-38,4911177;SPRF-CE;DEL03-CE;UOP02-DEL03-CE
591013;31/03/2024;domingo;15:20:00;RJ;356;183;SAO JOAO DA BARRA;Acessar a via sem observar a presença dos outros veículos;Colisão transversal;Com Vítimas Feridas;Pleno dia;Crescente;Céu Claro;Simples;Reta;Sim;2;0;1;0;0;1;1;2;-21,64210794;-41,04911121;SPRF-RJ;DEL08-RJ;UOP02-DEL08-RJ
591014;31/03/2024;domingo;19:10:00;SC;101;229;PALHOCA;Condutor deixou de manter distância do veículo da frente;Colisão lateral mesmo sentido;Com Vítimas Feridas;Plena Noite;Decrescente;Céu Claro;Dupla;Declive;Não;3;0;0;1;2;0;1;3;-27,7688932;-48,63205379;SPRF-SC;DEL01-SC;UOP02-DEL01-SC
591016;31/03/2024;domingo;19:05:00;MG;381;484;BETIM;Ausência de reação do condutor;Colisão lateral mesmo sentido;Com Vítimas Feridas;Plena Noite;Decrescente;Céu Claro;Dupla;"Curva;Aclive";Sim;2;0;1;0;1;0;1;2;-19,95531717;-44,11722196;SPRF-MG;DEL01-MG;UOP03-DEL01-MG
591018;31/03/2024;domingo;19:30:00;ES;101;399;ITAPEMIRIM;Acesso irregular;Colisão com objeto;Com Vítimas Feridas;Plena Noite;Crescente;Céu Claro;Múltipla;Reta;Não;2;0;0;2;0;0;2;1;-20,87819123;-40,96568078;SPRF-ES;DEL03-ES;UOP02-DEL03-ES
591019;31/03/2024;domingo;18:15:00;SC;101;105,3;PENHA;Reação tardia ou ineficiente do condutor;Colisão traseira;Com Vítimas Feridas;Anoitecer;Crescente;Nublado;Dupla;"Declive;Curva";Não;4;0;1;0;3;0;1;3;-26,80341518;-48,67923975;SPRF-SC;DEL03-SC;UOP02-DEL03-SC
591020;31/03/2024;domingo;19:25:00;MG;40;570;NOVA LIMA;Ingestão de álcool pelo condutor;Engavetamento;Sem Vítimas;Plena Noite;Decrescente;Céu Claro;Simples;Reta;Sim;3;0;0;0;3;0;0;3;-20,21286706;-43,97263241;SPRF-MG;DEL01-MG;UOP02-DEL01-MG
591021;31/03/2024;domingo;19:00:00;PI;316;244;INHUMA;Acessar a via sem observar a presença dos outros veículos;Colisão lateral mesmo sentido;Com Vítimas Feridas;Plena Noite;Decrescente;Céu Claro;Simples;Reta;Não;2;0;0;1;1;0;1;2;-6,68806401;-41,71950685;SPRF-PI;DEL04-PI;UOP02-DEL04-PI
591022;31/03/2024;domingo;19:20:00;PR;277;139;BALSA NOVA;Condutor deixou de manter distância do veículo da frente;Colisão traseira;Com Vítimas Feridas;Plena Noite;Decrescente;Céu Claro;Dupla;Reta;Não;7;0;1;0;6;0;1;2;-25,469625;-49,725517;SPRF-PR;DEL03-PR;UOP03-DEL03-PR
591024;31/03/2024;domingo;14:40:00;SC;480;126,3;CHAPECO;Problema com o freio;Colisão traseira;Com Vítimas Feridas;Pleno dia;Decrescente;Sol;Dupla;"Reta;Aclive";Sim;3;0;0;1;2;0;1;2;-27,020083;-52,636024;SPRF-SC;DEL07-SC;UOP01-DEL07-SC
591025;31/03/2024;domingo;19:20:00;BA;116;393;SANTA BARBARA;Entrada inopinada do pedestre;Atropelamento de Pedestre;Com Vítimas Feridas;Plena Noite;Decrescente;Céu Claro;Dupla;Reta;Sim;3;0;0;1;1;1;1;2;-11,96469;-38,97369;SPRF-BA;DEL02-BA;UOP01-DEL02-BA
591026;31/03/2024;domingo;19:20:00;ES;101;414,8;ITAPEMIRIM;Reação tardia ou ineficiente do condutor;Colisão traseira;Com Vítimas Feridas;Plena Noite;Crescente;Céu Claro;Simples;Reta;Não;3;0;0;2;1;0;2;2;-20,92345849;-41,07835562;SPRF-ES;DEL03-ES;UOP02-DEL03-ES
591027;31/03/2024;domingo;18:20:00;PE;232;100;BEZERROS;Transitar na contramão;Colisão frontal;Com Vítimas Feridas;Plena Noite;Decrescente;Céu Claro;Simples;Curva;Sim;2;0;0;2;0;0;2;2;-8,23791176;-35,74297705;SPRF-PE;DEL02-PE;UOP02-DEL02PE
591028;31/03/2024;domingo;18:40:00;RJ;101;425;MANGARATIBA;Conversão proibida;Colisão transversal;Com Vítimas Feridas;Plena Noite;Crescente;Céu Claro;Simples;"Declive;Reta";Sim;4;0;3;1;0;0;4;2;-22,92618815;-43,96323294;SPRF-RJ;DEL03-RJ;UOP02-DEL03-RJ
591029;31/03/2024;domingo;20:10:00;MG;381;501;BETIM;Manobra de mudança de faixa;Colisão traseira;Com Vítimas Feridas;Plena Noite;Crescente;Céu Claro;Dupla;Reta;Não;2;0;1;0;1;0;1;2;-20,03146447;-44,2377893;SPRF-MG;DEL01-MG;UOP03-DEL01-MG
591031;31/03/2024;domingo;19:00:00;MG;262;443;NOVA SERRANA;Conversão proibida;Colisão lateral mesmo sentido;Com Vítimas Feridas;Plena Noite;Crescente;Céu Claro;Dupla;Declive;Sim;3;0;2;0;0;1;2;2;-19,88065393;-44,92197102;SPRF-MG;DEL08-MG;UOP03-DEL08-MG
591032;31/03/2024;domingo;19:50:00;PR;376;190;MARIALVA;Ingestão de álcool pelo condutor;Tombamento;Com Vítimas Feridas;Plena Noite;Crescente;Céu Claro;Simples;"Rotatória;Reta";Sim;1;0;1;0;0;0;1;1;-23,47085085;-51,82118475;SPRF-PR;DEL09-PR;UOP01-DEL09-PR
591033;31/03/2024;domingo;19:17:00;ES;101;164;LINHARES;Desrespeitar a preferência no cruzamento;Tombamento;Com Vítimas Feridas;Plena Noite;Crescente;Céu Claro;Simples;"Retorno Regulamentado;Reta";Sim;2;0;1;0;0;1;1;2;-19,50607582;-40,13470026;SPRF-ES;DEL04-ES;UOP01-DEL04-ES
591034;31/03/2024;domingo;19:30:00;RN;101;84,5;SAO GONCALO DO AMARANTE;Ausência de reação do condutor;Atropelamento de Pedestre;Com Vítimas Feridas;Plena Noite;Crescente;Nublado;Dupla;Reta;Sim;2;0;1;0;0;1;1;2;-5,774175;-35,2578;SPRF-RN;DEL02-RN;UOP01-DEL02-RN
591035;31/03/2024;domingo;19:25:00;MS;163;485;CAMPO GRANDE;Reação tardia ou ineficiente do condutor;Tombamento;Com Vítimas Feridas;Plena Noite;Crescente;Chuva;Simples;Reta;Não;1;0;0;1;0;0;1;1;-20,44233707;-54,54201834;SPRF-MS;DEL01-MS;UOP02-DEL01-MS
591036;31/03/2024;domingo;16:50:00;RS;470;250;SALVADOR DO SUL;Ausência de reação do condutor;Saída de leito carroçável;Sem Vítimas;Pleno dia;Decrescente;Céu Claro;Dupla;Curva;Não;1;0;0;0;1;0;0;1;-29,38948;-51,494038;SPRF-RS;DEL06-RS;UOP01-DEL06-RS
591037;31/03/2024;domingo;19:30:00;SP;153;109;JOSE BONIFACIO;Acessar a via sem observar a presença dos outros veículos;Colisão traseira;Com Vítimas Fatais;Plena Noite;Crescente;Nublado;Simples;Reta;Não;3;1;2;0;0;0;2;2;-21,08026506;-49,67062088;SPRF-SP;DEL09-SP;UOP01-DEL09-SP
591038;31/03/2024;domingo;19:00:00;SP;116;131;CACAPAVA;Reação tardia ou ineficiente do condutor;Colisão traseira;Com Vítimas Feridas;Plena Noite;Crescente;Céu Claro;Dupla;Reta;Não;2;0;1;0;1;0;1;2;-23,12742083;-45,73636609;SPRF-SP;DEL02-SP;UOP02-DEL02-SP
591039;31/03/2024;domingo;16:50:00;RJ;116;118;MAGE;Ausência de reação do condutor;Queda de ocupante de veículo;Com Vítimas Feridas;Pleno dia;Decrescente;Céu Claro;Dupla;Reta;Não;1;0;1;0;0;0;1;1;-22,60969336;-43,03076263;SPRF-RJ;DEL04-RJ;UOP02-DEL04-RJ
591040;31/03/2024;domingo;20:35:00;BA;324;518;FEIRA DE SANTANA;Ausência de reação do condutor;Colisão traseira;Sem Vítimas;Plena Noite;Crescente;Céu Claro;Simples;Curva;Sim;4;0;0;0;4;0;0;4;-12,24953308;-38,93362525;SPRF-BA;DEL02-BA;UOP01-DEL02-BA
591042;31/03/2024;domingo;19:40:00;MS;262;350,2;CAMPO GRANDE;Ingestão de álcool pelo condutor;Saída de leito carroçável;Com Vítimas Feridas;Plena Noite;Decrescente;Garoa/Chuvisco;Simples;Reta;Não;3;0;2;1;0;0;3;1;-20,56750706;-54,63127698;SPRF-MS;DEL01-MS;UOP03-DEL01-MS
591043;31/03/2024;domingo;20:34:00;MG;40;563;NOVA LIMA;Reação tardia ou ineficiente do condutor;Colisão traseira;Sem Vítimas;Plena Noite;Decrescente;Céu Claro;Dupla;"Declive;Reta";Não;2;0;0;0;2;0;0;2;-20,15241986;-43,96263156;SPRF-MG;DEL01-MG;UOP02-DEL01-MG
591046;31/03/2024;domingo;19:30:00;SP;381;79,9;SAO PAULO;Reação tardia ou ineficiente do condutor;Queda de ocupante de veículo;Com Vítimas Feridas;Plena Noite;Crescente;Céu Claro;Dupla;Reta;Sim;1;0;1;0;0;0;1;1;-23,40319901;-46,57564699;SPRF-SP;DEL03-SP;UOP01-DEL03-SP
591047;31/03/2024;domingo;19:35:00;MG;116;293;TEOFILO OTONI;Acessar a via sem observar a presença dos outros veículos;Colisão transversal;Com Vítimas Feridas;Plena Noite;Decrescente;Chuva;Simples;Reta;Não;3;0;2;0;0;1;2;2;-17,98818995;-41,56024311;SPRF-MG;DEL11-MG;UOP01-DEL11-MG
591049;31/03/2024;domingo;14:20:00;AM;319;89;CAREIRO;Pedestre cruzava a pista fora da faixa;Atropelamento de Pedestre;Com Vítimas Feridas;Pleno dia;Crescente;Céu Claro;Simples;Reta;Não;3;0;1;1;1;0;2;2;-3,64863097;-60,2596981;SPRF-AM;DEL01-AM;UOP04-DEL01-AM
591050;31/03/2024;domingo;20:30:00;SC;282;573,1;NOVA ERECHIM;Acessar a via sem observar a presença dos outros veículos;Colisão transversal;Com Vítimas Feridas;Plena Noite;Crescente;Nublado;Simples;"Interseção de Vias;Reta";Não;4;0;0;2;2;0;2;2;-26,872942;-52,956654;SPRF-SC;DEL07-SC;UOP02-DEL07-SC
591051;31/03/2024;domingo;20:22:00;MT;364;246;JUSCIMEIRA;Ausência de reação do condutor;Tombamento;Com Vítimas Feridas;Plena Noite;Decrescente;Céu Claro;Dupla;Reta;Não;2;0;2;0;0;0;2;1;-16,14040686;-54,8231539;SPRF-MT;DEL02-MT;UOP01-DEL02-MT
591052;31/03/2024;domingo;19:00:00;AM;230;611;HUMAITA;Ingestão de álcool pelo condutor;Colisão lateral mesmo sentido;Sem Vítimas;Plena Noite;Decrescente;Céu Claro;Simples;Reta;Sim;3;0;0;0;2;1;0;3;-7,49870319;-63,02735209;SPRF-AM;DEL01-AM;UOP05-DEL01-AM
591053;31/03/2024;domingo;20:45:00;RN;101;100;PARNAMIRIM;Entrada inopinada do pedestre;Atropelamento de Pedestre;Com Vítimas Feridas;Plena Noite;Decrescente;Céu Claro;Dupla;Curva;Sim;3;0;1;0;1;1;1;2;-5,88106901;-35,22542396;SPRF-RN;DEL01-RN;UOP01-DEL01-RN
591054;31/03/2024;domingo;20:45:00;MS;163;839;SONORA;Ingestão de álcool pelo condutor;Tombamento;Com Vítimas Feridas;Plena Noite;Crescente;Céu Claro;Simples;Reta;Não;1;0;1;0;0;0;1;1;-17,58231308;-54,74314059;SPRF-MS;DEL06-MS;UOP01-DEL06-MS
591055;31/03/2024;domingo;21:00:00;SC;282;25,6;SANTO AMARO DA IMPERATRIZ;Condutor deixou de manter distância do veículo da frente;Engavetamento;Com Vítimas Feridas;Plena Noite;Decrescente;Céu Claro;Simples;Reta;Sim;6;0;1;0;5;0;1;4;-27,678228;-48,752895;SPRF-SC;DEL01-SC;UOP03-DEL01-SC
591056;31/03/2024;domingo;20:45:00;MG;116;587;MANHUACU;Ingestão de álcool pelo condutor;Colisão com objeto;Sem Vítimas;Plena Noite;Decrescente;Céu Claro;Simples;Reta;Sim;1;0;0;0;1;0;0;1;-20,24173903;-42,15868042;SPRF-MG;DEL06-MG;UOP03-DEL06-MG
591057;31/03/2024;domingo;21:15:00;PR;376;598,6;CURITIBA;Afundamento ou ondulação no pavimento;Saída de leito carroçável;Sem Vítimas;Pleno dia;Decrescente;Céu Claro;Dupla;Reta;Sim;1;0;0;0;1;0;0;1;-25,52383456;-49,33203578;SPRF-PR;DEL01-PR;UOP06-DEL01-PR
591059;31/03/2024;domingo;20:15:00;SC;101;102,7;BALNEARIO PICARRAS;Manobra de mudança de faixa;Colisão lateral mesmo sentido;Com Vítimas Feridas;Plena Noite;Crescente;Céu Claro;Dupla;"Aclive;Interseção de Vias;Reta";Não;3;0;2;0;1;0;2;2;-26,77383397;-48,68594062;SPRF-SC;DEL03-SC;UOP02-DEL03-SC
591060;31/03/2024;domingo;21:45:00;RS;116;266;CANOAS;Manobra de mudança de faixa;Tombamento;Com Vítimas Feridas;Plena Noite;Decrescente;Nublado;Simples;Reta;Sim;4;0;1;0;3;0;1;3;-29,93242399;-51,17742077;SPRF-RS;DEL01-RS;UOP01-DEL01-RS
591061;31/03/2024;domingo;20:55:00;RJ;101;568,9;PARATY;Reação tardia ou ineficiente do condutor;Capotamento;Com Vítimas Feridas;Plena Noite;Crescente;Nublado;Simples;Curva;Não;1;0;1;0;0;0;1;1;-23,17023697;-44,71037687;SPRF-RJ;DEL03-RJ;UOP04-DEL03-RJ
591063;31/03/2024;domingo;18:20:00;BA;324;435;RIACHAO DO JACUIPE;Pedestre cruzava a pista fora da faixa;Atropelamento de Pedestre;Com Vítimas Fatais;Plena Noite;Decrescente;Céu Claro;Simples;Reta;Sim;3;1;0;0;2;0;0;2;-11,79439978;-39,41559691;SPRF-BA;DEL04-BA;UOP02-DEL04-BA
591064;31/03/2024;domingo;21:48:00;ES;101;287,5;CARIACICA;Manobra de mudança de faixa;Colisão traseira;Com Vítimas Feridas;Plena Noite;Crescente;Céu Claro;Dupla;Reta;Não;2;0;0;1;1;0;1;2;-20,26493528;-40,38471702;SPRF-ES;DEL01-ES;UOP01-DEL01-ES