id;data_inversa;dia_semana;horario;uf;br;km;municipio;causa_acidente;tipo_acidente;classificacao_acidente;fase_dia;sentido_via;condicao_metereologica;tipo_pista;tracado_via;uso_solo;pessoas;mortos;feridos_leves;feridos_graves;ilesos;ignorados;feridos;veiculos;latitude;longitude;regional;delegacia;uop
591065;31/03/2024;domingo;22:15:00;MG;40;514,9;CONTAGEM;Manobra de mudança de faixa;Colisão traseira;Com Vítimas Feridas;Plena Noite;Crescente;Céu Claro;Dupla;Reta;Sim;3;0;2;0;1;0;2;2;-19,80151928;-44,10000333;SPRF-MG;DEL01-MG;UOP02-DEL01-MG
591066;31/03/2024;domingo;20:30:00;MG;381;942;EXTREMA;Velocidade Incompatível;Colisão traseira;Com Vítimas Feridas;Plena Noite;Crescente;Céu Claro;Dupla;"Reta;Aclive";Não;2;0;0;1;0;1;1;2;-22,86605937;-46,34940386;SPRF-MG;DEL16-MG;UOP03-DEL16-MG
591067;31/03/2024;domingo;21:25:00;MG;116;702;MURIAE;Condutor deixou de manter distância do veículo da frente;Colisão traseira;Com Vítimas Feridas;Plena Noite;Decrescente;Céu Claro;Simples;Reta;Sim;3;0;2;0;1;0;2;2;-21,12365619;-42,38057613;SPRF-MG;DEL07-MG;UOP02-DEL07-MG
591068;31/03/2024;domingo;20:40:00;RJ;493;84;QUEIMADOS;Objeto estático sobre o leito carroçável;Colisão com objeto;Com Vítimas Feridas;Plena Noite;Decrescente;Céu Claro;Múltipla;Reta;Não;2;0;0;2;0;0;2;1;-22,65749848;-43,60398531;SPRF-RJ;DEL01-RJ;UOP03-DEL01-RJ
591069;31/03/2024;domingo;19:17:00;SC;470;324,9;CAMPOS NOVOS;Ultrapassagem Indevida;Colisão frontal;Com Vítimas Fatais;Plena Noite;Crescente;Céu Claro;Simples;Reta;Não;5;1;2;2;0;0;4;3;-27,4558764;-51,2547255;SPRF-SC;DEL07-SC;UOP06-DEL07-SC
591070;31/03/2024;domingo;21:14:00;PE;316;91,2;OURICURI;Reação tardia ou ineficiente do condutor;Colisão traseira;Com Vítimas Fatais;Plena Noite;Crescente;Garoa/Chuvisco;Simples;Reta;Não;2;1;0;0;0;1;0;2;-7,90682315;-40,02152506;SPRF-PE;DEL05-PE;UOP02-DEL05-PE
591071;31/03/2024;domingo;22:31:00;PE;101;43;IGARASSU;Ausência de sinalização;Saída de leito carroçável;Com Vítimas Feridas;Plena Noite;Crescente;Céu Claro;Dupla;Reta;Sim;4;0;1;0;2;1;1;3;-7,84753808;-34,90977038;SPRF-PE;DEL01-PE;UOP02-DEL01-PE
591072;31/03/2024;domingo;22:00:00;BA;367;65,9;PORTO SEGURO;Ausência de reação do condutor;Colisão frontal;Com Vítimas Feridas;Plena Noite;Crescente;Céu Claro;Simples;Curva;Não;3;0;2;1;0;0;3;2;-16,3858649;-39,43381693;SPRF-BA;DEL09-BA;UOP03-DEL09-BA
591074;31/03/2024;domingo;21:35:00;PE;232;198;SANHARO;Ingestão de álcool pelo condutor;Colisão frontal;Com Vítimas Feridas;Anoitecer;Decrescente;Chuva;Simples;Reta;Não;2;0;1;0;1;0;1;2;-8,36941743;-36,58942097;SPRF-PE;DEL03-PE;UOP02-DEL03-PE
591075;31/03/2024;domingo;19:20:00;SP;381;1;VARGEM;Reação tardia ou ineficiente do condutor;Saída de leito carroçável;Com Vítimas Fatais;Plena Noite;Decrescente;Céu Claro;Dupla;"Declive;Reta";Não;1;1;0;0;0;0;0;1;-22,88146043;-46,38105397;SPRF-SP;DEL03-SP;UOP02-DEL03-SP
591078;31/03/2024;domingo;23:25:00;SC;153;96,8;CONCORDIA;Condutor deixou de manter distância do veículo da frente;Colisão lateral mesmo sentido;Com Vítimas Feridas;Plena Noite;Crescente;Céu Claro;Simples;Rotatória;Sim;2;0;1;0;1;0;1;2;-27,22471526;-51,95022583;SPRF-SC;DEL07-SC;UOP04-DEL07-SC
591079;31/03/2024;domingo;22:37:00;RN;406;104,8;JOAO CAMARA;Animais na Pista;Tombamento;Com Vítimas Feridas;Plena Noite;Crescente;Nublado;Simples;Reta;Sim;1;0;1;0;0;0;1;1;-5,54067796;-35,80553967;SPRF-RN;DEL02-RN;UOP01-DEL02-RN
591081;31/03/2024;domingo;23:00:00;SP;153;169;GUAICARA;Velocidade Incompatível;Saída de leito carroçável;Com Vítimas Feridas;Plena Noite;Crescente;Céu Claro;Simples;Rotatória;Não;1;0;1;0;0;0;1;1;-21,58824202;-49,78449249;SPRF-SP;DEL07-SP;UOP01-DEL07-SP
591082;31/03/2024;domingo;23:32:00;GO;60;385;RIO VERDE;Ausência de reação do condutor;Tombamento;Com Vítimas Feridas;Plena Noite;Decrescente;Nublado;Dupla;Reta;Sim;1;0;0;1;0;0;1;1;-17,7964;-50,914;SPRF-GO;DEL04-GO;UOP02-DEL04-GO
591083;31/03/2024;domingo;23:10:00;PI;343;12;PARNAIBA;Condutor desrespeitou a iluminação vermelha do semáforo;Colisão transversal;Com Vítimas Feridas;Plena Noite;Decrescente;Céu Claro;Dupla;Interseção de Vias;Sim;3;0;1;1;0;1;2;2;-2,910035;-41,753662;SPRF-PI;DEL05-PI;UOP01-DEL05-PI
591084;31/03/2024;domingo;22:20:00;PA;308;184,5;TRACUATEUA;Transitar na contramão;Colisão frontal;Com Vítimas Feridas;Plena Noite;Crescente;Céu Claro;Simples;Reta;Não;3;0;1;2;0;0;3;2;-1,109593;-46,924723;SPRF-PA;DEL01-PA;UOP03-DEL01-PA
591087;31/03/2024;domingo;22:30:00;RS;116;261,5;CANOAS;Ingestão de álcool pelo condutor;Colisão com objeto;Sem Vítimas;Plena Noite;Crescente;Céu Claro;Dupla;Reta;Sim;1;0;0;0;1;0;0;1;-29,914435;-51,17754495;SPRF-RS;DEL01-RS;UOP01-DEL01-RS
591094;31/03/2024;domingo;22:30:00;RS;116;264;CANOAS;Ausência de reação do condutor;Queda de ocupante de veículo;Com Vítimas Feridas;Plena Noite;Crescente;Céu Claro;Dupla;Reta;Sim;1;0;1;0;0;0;1;1;-29,914435;-51,17754495;SPRF-RS;DEL01-RS;UOP01-DEL01-RS
591098;31/03/2024;domingo;20:40:00;MG;365;565;INDIANOPOLIS;Condutor Dormindo;Saída de leito carroçável;Com Vítimas Feridas;Plena Noite;Crescente;Nublado;Simples;Reta;Não;1;0;1;0;0;0;1;1;-18,9170246;-47,82585797;SPRF-MG;DEL15-MG;UOP02-DEL15-MG
591103;31/03/2024;domingo;14:00:00;MG;116;422,5;ALPERCATA;Velocidade Incompatível;Saída de leito carroçável;Com Vítimas Feridas;Pleno dia;Crescente;Céu Claro;Simples;Reta;Sim;1;0;1;0;0;0;1;1;-18,94601944;-41,95023848;SPRF-MG;DEL06-MG;UOP01-DEL06-MG
591117;16/03/2024;sábado;05:30:00;SC;282;432,4;VARGEM BONITA;Ultrapassagem Indevida;Colisão frontal;Com Vítimas Fatais;Amanhecer;Decrescente;Céu Claro;Simples;Reta;Não;5;2;0;3;0;0;3;3;-26,9813857;-51,8115387;SPRF-SC;DEL07-SC;UOP05-DEL07-SC
591144;09/03/2024;sábado;12:45:00;GO;153;504;APARECIDA DE GOIANIA;Condutor deixou de manter distância do veículo da frente;Colisão traseira;Com Vítimas Feridas;Pleno dia;Decrescente;Sol;Dupla;Reta;Não;3;0;0;1;0;2;1;3;-16,7451;-49,2408;SPRF-GO;DEL01-GO;UOP01-DEL01-GO
591145;30/03/2024;sábado;20:00:00;MG;40;274;TRES MARIAS;Ingestão de álcool pelo condutor;Colisão traseira;Com Vítimas Feridas;Plena Noite;Decrescente;Céu Claro;Simples;Reta;Sim;2;0;1;0;1;0;1;2;-18,19286003;-45,24415203;SPRF-MG;DEL14-MG;UOP02-DEL14-MG
591175;04/03/2024;segunda-feira;06:50:00;BA;324;616;SALVADOR;Trafegar com motocicleta (ou similar) entre as faixas;Colisão traseira;Com Vítimas Feridas;Amanhecer;Decrescente;Nublado;Dupla;Reta;Não;2;0;0;1;1;0;1;2;-12,887693;-38,439938;SPRF-BA;DEL01-BA;UOP01-DEL01-BA
591195;28/03/2024;quinta-feira;16:40:00;MT;70;604;POCONE;Reação tardia ou ineficiente do condutor;Saída de leito carroçável;Sem Vítimas;Pleno dia;Decrescente;Chuva;Simples;"Declive;Curva";Não;1;0;0;0;0;1;0;1;-15,83274125;-56,76245591;SPRF-MT;DEL03-MT;UOP02-DEL03-MT
591199;24/02/2024;sábado;00:10:00;RJ;101;456;ANGRA DOS REIS;Transitar na contramão;Colisão transversal;Com Vítimas Feridas;Plena Noite;Crescente;Céu Claro;Simples;Reta;Sim;4;0;2;0;2;0;2;2;-23,03162965;-44,17104363;SPRF-RJ;DEL03-RJ;UOP02-DEL03-RJ
591219;24/03/2024;domingo;21:40:00;CE;222;5;CAUCAIA;Reação tardia ou ineficiente do condutor;Colisão traseira;Com Vítimas Feridas;Plena Noite;Crescente;Garoa/Chuvisco;Dupla;Reta;Sim;3;0;2;0;0;1;2;2;-3,74296918;-38,61330997;SPRF-CE;DEL01-CE;UOP01-DEL01-CE
591225;06/03/2024;quarta-feira;11:59:00;MA;135;21;SAO LUIS;Condutor deixou de manter distância do veículo da frente;Engavetamento;Sem Vítimas;Pleno dia;Decrescente;Céu Claro;Dupla;"Curva;Declive";Sim;3;0;0;0;3;0;0;3;-2,53073;-44,3068;SPRF-MA;DEL01-MA;UOP01-DEL01-MA
591288;21/03/2024;quinta-feira;15:45:00;MS;267;469,1;GUIA LOPES DA LAGUNA;Acumulo de água sobre o pavimento;Saída de leito carroçável;Com Vítimas Feridas;Pleno dia;Crescente;Chuva;Simples;"Curva;Aclive";Não;4;0;1;0;3;0;1;1;-21,41410441;-56,0469259;SPRF-MS;DEL05-MS;UOP01-DEL05-MS
591331;14/01/2024;domingo;16:23:00;BA;101;193;CONCEICAO DA FEIRA;Ultrapassagem Indevida;Saída de leito carroçável;Sem Vítimas;Pleno dia;Decrescente;Céu Claro;Simples;Reta;Não;1;0;0;0;0;1;0;1;-12,6027102;-39,01297297;SPRF-BA;DEL01-BA;UOP03-DEL01-BA
591364;31/03/2024;domingo;15:00:00;RJ;101;309;SAO GONCALO;Animais na Pista;Capotamento;Com Vítimas Feridas;Pleno dia;Decrescente;Céu Claro;Dupla;Reta;Sim;2;0;2;0;0;0;2;1;-22,79498873;-43,03446105;SPRF-RJ;DEL02-RJ;UOP02-DEL02-RJ
591377;17/01/2024;quarta-feira;11:40:00;MG;40;569,9;NOVA LIMA;Acessar a via sem observar a presença dos outros veículos;Colisão transversal;Com Vítimas Feridas;Pleno dia;Crescente;Céu Claro;Simples;"Reta;Aclive";Sim;3;0;2;0;1;0;2;2;-20,20394093;-43,97409456;SPRF-MG;DEL01-MG;UOP02-DEL01-MG
591380;28/01/2024;domingo;03:30:00;RJ;493;0,5;ITABORAI;Iluminação deficiente;Atropelamento de Pedestre;Com Vítimas Feridas;Plena Noite;Decrescente;Céu Claro;Simples;Reta;Sim;2;0;0;1;1;0;1;2;-22,77062;-42,92223;SPRF-RJ;DEL02-RJ;UOP02-DEL02-RJ
591388;15/03/2024;sexta-feira;16:45:00;SP;116;211;GUARULHOS;Manobra de mudança de faixa;Colisão traseira;Com Vítimas Feridas;Pleno dia;Crescente;Céu Claro;Múltipla;Reta;Não;2;0;1;0;1;0;1;2;-23,4324306;-46,4194352;SPRF-SP;DEL01-SP;UOP01-DEL01-SP
591389;29/03/2024;sexta-feira;20:03:00;PE;232;504;SALGUEIRO;Ausência de reação do condutor;Atropelamento de Pedestre;Com Vítimas Feridas;Plena Noite;Crescente;Céu Claro;Simples;Reta;Não;2;0;2;0;0;0;2;2;-8,05261085;-39,08587407;SPRF-PE;DEL05-PE;UOP01-DEL05-PE
591395;11/02/2024;domingo;20:05:00;ES;101;334;GUARAPARI;Transitar na contramão;Colisão lateral sentido oposto;Com Vítimas Feridas;Plena Noite;Crescente;Céu Claro;Dupla;Declive;Não;9;0;6;3;0;0;9;3;-20,6213791;-40,52011191;SPRF-ES;DEL03-ES;UOP01-DEL03-ES
591405;27/03/2024;quarta-feira;08:30:00;PE;101;160;GAMELEIRA;Reação tardia ou ineficiente do condutor;Tombamento;Com Vítimas Feridas;Pleno dia;Crescente;Céu Claro;Dupla;"Declive;Curva";Não;29;0;1;5;23;0;6;1;-8,55559186;-35,42237611;SPRF-PE;DEL01-PE;UOP03-DEL01-PE
591425;26/03/2024;terça-feira;14:30:00;PE;101;69;RECIFE;Condutor deixou de manter distância do veículo da frente;Colisão traseira;Com Vítimas Feridas;Pleno dia;Decrescente;Céu Claro;Dupla;Viaduto;Sim;2;0;1;0;1;0;1;2;-8,05951606;-34,94581024;SPRF-PE;DEL01-PE;UOP01-DEL01-PE
591494;26/03/2024;terça-feira;00:01:00;PB;101;39,2;MAMANGUAPE;Condutor Dormindo;Colisão com objeto;Com Vítimas Feridas;Plena Noite;Decrescente;Céu Claro;Dupla;"Desvio Temporário;Em Obras;Reta;Aclive";Sim;1;0;1;0;0;0;1;1;-6,83143269;-35,13727253;SPRF-PB;DEL01-PB;UOP04-DEL01-PB
591524;26/03/2024;terça-feira;06:05:00;PE;101;81,8;JABOATAO DOS GUARARAPES;Ultrapassagem Indevida;Atropelamento de Pedestre;Com Vítimas Fatais;Pleno dia;Crescente;Céu Claro;Dupla;Reta;Não;3;1;1;0;0;1;1;2;-8,164031;-34,939151;SPRF-PE;DEL01-PE;UOP01-DEL01-PE
591559;26/03/2024;terça-feira;17:40:00;PE;232;86;GRAVATA;Velocidade Incompatível;Queda de ocupante de veículo;Com Vítimas Feridas;Anoitecer;Decrescente;Céu Claro;Dupla;Reta;Não;2;0;0;1;1;0;1;1;-8,21286855;-35,62011813;SPRF-PE;DEL02-PE;UOP02-DEL02PE
591612;08/03/2024;sexta-feira;23:15:00;GO;20;233,9;POSSE;Ultrapassagem Indevida;Colisão frontal;Com Vítimas Fatais;Plena Noite;Decrescente;Céu Claro;Simples;Reta;Não;10;5;4;0;1;0;4;2;-14,086459;-46,295727;SPRF-DF;DEL02-DF;UOP03-DEL02-DF
591624;31/03/2024;domingo;04:00:00;RJ;101;293;ITABORAI;Condutor Dormindo;Saída de leito carroçável;Com Vítimas Feridas;Plena Noite;Decrescente;Céu Claro;Múltipla;Reta;Sim;1;0;1;0;0;0;1;1;-22,756203;-42,88724;SPRF-RJ;DEL02-RJ;UOP02-DEL02-RJ
591632;27/03/2024;quarta-feira;08:25:00;MG;381;686,6;LAVRAS;Velocidade Incompatível;Colisão com objeto;Com Vítimas Feridas;Pleno dia;Crescente;Nublado;Dupla;Curva;Não;1;0;1;0;0;0;1;1;-21,20030689;-45,11944438;SPRF-MG;DEL04-MG;UOP02-DEL04-MG
591639;05/03/2024;terça-feira;08:05:00;SC;470;126,5;LONTRAS;Reação tardia ou ineficiente do condutor;Saída de leito carroçável;Com Vítimas Feridas;Pleno dia;Decrescente;Chuva;Simples;Curva;Não;1;0;1;0;0;0;1;1;-27,129;-49,538277;SPRF-SC;DEL04-SC;UOP02-DEL04-SC
591640;11/03/2024;segunda-feira;00:15:00;RJ;356;154,9;CAMPOS DOS GOYTACAZES;Ingestão de álcool pelo condutor;Colisão traseira;Com Vítimas Fatais;Plena Noite;Crescente;Nublado;Simples;Reta;Não;3;1;0;1;1;0;1;2;-21,7541204;-41,23034981;SPRF-RJ;DEL08-RJ;UOP02-DEL08-RJ
591674;03/03/2024;domingo;14:30:00;PB;230;122;RIACHAO DO BACAMARTE;Ausência de reação do condutor;Colisão com objeto;Sem Vítimas;Pleno dia;Crescente;Garoa/Chuvisco;Dupla;Curva;Não;1;0;0;0;1;0;0;1;-7,2466;-35,6577;SPRF-PB;DEL02-PB;UOP01-DEL02-PB
591696;19/03/2024;terça-feira;16:28:00;PR;376;594;CURITIBA;Acumulo de óleo sobre o pavimento;Saída de leito carroçável;Com Vítimas Feridas;Pleno dia;Crescente;Céu Claro;Dupla;Reta;Sim;1;0;1;0;0;0;1;1;-25,47923205;-49,35002804;SPRF-PR;DEL01-PR;UOP06-DEL01-PR
591726;29/02/2024;quinta-feira;18:00:00;RN;101;81;NATAL;Condutor deixou de manter distância do veículo da frente;Colisão lateral mesmo sentido;Com Vítimas Feridas;Plena Noite;Decrescente;Céu Claro;Dupla;Reta;Sim;3;0;1;1;1;0;2;2;-5,76469466;-35,28295988;SPRF-RN;DEL02-RN;UOP01-DEL02-RN
591737;20/02/2024;terça-feira;18:30:00;MG;50;174;UBERABA;Ausência de reação do condutor;Tombamento;Com Vítimas Feridas;Plena Noite;Crescente;Céu Claro;Dupla;"Reta;Viaduto";Sim;1;0;1;0;0;0;1;1;-19,770817;-47,973434;SPRF-MG;DEL13-MG;UOP01-DEL13-MG
591738;18/03/2024;segunda-feira;01:15:00;PI;316;309;PICOS;Transitar na contramão;Colisão frontal;Com Vítimas Fatais;Plena Noite;Decrescente;Chuva;Simples;Reta;Sim;2;1;1;0;0;0;1;2;-7,07778744;-41,48370094;SPRF-PI;DEL04-PI;UOP01-DEL04-PI
591749;27/03/2024;quarta-feira;05:00:00;RJ;101;318;NITEROI;Condutor Dormindo;Incêndio;Sem Vítimas;Amanhecer;Crescente;Céu Claro;Dupla;Reta;Sim;1;0;0;0;1;0;0;1;-22,84562994;-43,09841211;SPRF-RJ;DEL02-RJ;UOP02-DEL02-RJ
591751;03/01/2024;quarta-feira;16:50:00;DF;60;7;BRASILIA;Suicídio (presumido);Atropelamento de Pedestre;Com Vítimas Feridas;Pleno dia;Crescente;Céu Claro;Dupla;Reta;Sim;4;0;0;1;3;0;1;2;-15,901237;-48,122334;SPRF-DF;DEL03-DF;UOP01-DEL03-DF
591761;21/03/2024;quinta-feira;23:05:00;SP;116;422;REGISTRO;Objeto estático sobre o leito carroçável;Capotamento;Com Vítimas Feridas;Plena Noite;Decrescente;Garoa/Chuvisco;Dupla;Curva;Não;2;0;1;1;0;0;2;1;-24,36454003;-47,69203096;SPRF-SP;DEL05-SP;UOP01-DEL05-SP
591769;15/03/2024;sexta-feira;08:45:00;MS;60;80;PARAISO DAS AGUAS;Demais falhas na via;Colisão com objeto;Com Vítimas Feridas;Pleno dia;Crescente;Céu Claro;Simples;Reta;Não;2;0;1;0;1;0;1;1;-19,17377415;-53,07105884;SPRF-MS;DEL06-MS;UOP02-DEL06-MS
591770;25/01/2024;quinta-feira;18:40:00;SC;101;182;BIGUACU;Objeto estático sobre o leito carroçável;Colisão com objeto;Com Vítimas Feridas;Anoitecer;Decrescente;Ignorado;Dupla;Reta;Sim;1;0;1;0;0;0;1;1;-27,39798985;-48,6303592;SPRF-SC;DEL01-SC;UOP01-DEL01-SC
591822;12/01/2024;sexta-feira;06:39:00;DF;70;0;BRASILIA;Ausência de reação do condutor;Colisão traseira;Sem Vítimas;Amanhecer;Crescente;Céu Claro;Múltipla;Reta;Sim;2;0;0;0;2;0;0;2;-15,792352;-48,054509;SPRF-DF;DEL03-DF;UOP02-DEL03-DF
591851;08/02/2024;quinta-feira;10:30:00;PR;277;724,7;FOZ DO IGUACU;Reação tardia ou ineficiente do condutor;Colisão traseira;Com Vítimas Feridas;Pleno dia;Crescente;Céu Claro;Dupla;Reta;Sim;3;0;1;0;2;0;1;2;-25,50257577;-54,53868311;SPRF-PR;DEL05-PR;UOP03-DEL05-PR
591866;27/03/2024;quarta-feira;07:32:00;PE;428;186,9;PETROLINA;Condutor deixou de manter distância do veículo da frente;Colisão traseira;Sem Vítimas;Pleno dia;Crescente;Céu Claro;Dupla;Reta;Sim;2;0;0;0;2;0;0;2;-9,34807826;-40,47441248;SPRF-PE;DEL06-PE;UOP01-DEL06-PE
591871;16/03/2024;sábado;08:30:00;PA;230;122,7;MARABA;Acessar a via sem observar a presença dos outros veículos;Colisão transversal;Com Vítimas Feridas;Pleno dia;Decrescente;Nublado;Dupla;Reta;Sim;3;0;1;0;2;0;1;3;-5,36137537;-49,12376139;SPRF-PA;DEL03-PA;UOP01-DEL03-PA
591873;01/01/2024;segunda-feira;14:45:00;MG;40;546,2;NOVA LIMA;Reação tardia ou ineficiente do condutor;Saída de leito carroçável;Com Vítimas Fatais;Pleno dia;Crescente;Nublado;Dupla;"Aclive;Curva";Não;2;1;0;1;0;0;1;1;-20,01944087;-43,97193074;SPRF-MG;DEL01-MG;UOP02-DEL01-MG
591882;05/01/2024;sexta-feira;22:15:00;MG;365;612;UBERLANDIA;Transitar na contramão;Colisão lateral sentido oposto;Com Vítimas Feridas;Plena Noite;Decrescente;Céu Claro;Simples;Reta;Sim;4;0;2;0;1;1;2;2;-18,92793854;-48,19198317;SPRF-MG;DEL15-MG;UOP01-DEL15-MG
591883;31/03/2024;domingo;16:00:00;RJ;116;81;TERESOPOLIS;Acessar a via sem observar a presença dos outros veículos;Colisão transversal;Com Vítimas Feridas;Pleno dia;Crescente;Céu Claro;Simples;Interseção de Vias;Sim;2;0;1;0;1;0;1;2;-22,39843405;-42,95507553;SPRF-RJ;DEL04-RJ;UOP01-DEL04-RJ
591890;12/03/2024;terça-feira;06:30:00;TO;153;496;PARAISO DO TOCANTINS;Acessar a via sem observar a presença dos outros veículos;Colisão transversal;Com Vítimas Feridas;Pleno dia;Crescente;Céu Claro;Simples;Reta;Sim;4;0;0;1;0;3;1;3;-10,16527794;-48,88094578;SPRF-TO;DEL01-TO;UOP01-DEL01-TO
591910;13/03/2024;quarta-feira;07:40:00;SC;280;26;ARAQUARI;Acesso irregular;Colisão lateral mesmo sentido;Com Vítimas Feridas;Pleno dia;Crescente;Céu Claro;Simples;Reta;Sim;2;0;1;0;1;0;1;2;-26,38972308;-48,73411593;SPRF-SC;DEL03-SC;UOP03-DEL03-SC
591915;16/03/2024;sábado;07:30:00;PE;428;187;PETROLINA;Animais na Pista;Colisão com objeto;Sem Vítimas;Pleno dia;Decrescente;Céu Claro;Dupla;Rotatória;Sim;1;0;0;0;1;0;0;1;-9,35604301;-40,47854198;SPRF-PE;DEL06-PE;UOP01-DEL06-PE
591918;07/03/2024;quinta-feira;12:04:00;GO;60;384,5;RIO VERDE;Ausência de reação do condutor;Queda de ocupante de veículo;Com Vítimas Feridas;Pleno dia;Decrescente;Céu Claro;Dupla;"Reta;Viaduto";Sim;1;0;1;0;0;0;1;1;-17,7906;-50,9071;SPRF-GO;DEL04-GO;UOP02-DEL04-GO
591922;21/02/2024;quarta-feira;07:20:00;ES;262;114;CONCEICAO DO CASTELO;Ultrapassagem Indevida;Colisão transversal;Com Vítimas Feridas;Amanhecer;Crescente;Chuva;Simples;"Interseção de Vias;Aclive";Não;2;0;0;1;1;0;1;2;-20,32544863;-41,21078488;SPRF-ES;DEL01-ES;UOP02-DEL01-ES
591923;25/03/2024;segunda-feira;19:45:00;BA;235;298;JUAZEIRO;Condutor Dormindo;Saída de leito carroçável;Com Vítimas Feridas;Plena Noite;Crescente;Céu Claro;Simples;Reta;Não;1;0;1;0;0;0;1;1;-9,58025334;-39,88778204;SPRF-BA;DEL07-BA;UOP01-DEL07-BA
591927;21/01/2024;domingo;14:00:00;SC;470;165;POUSO REDONDO;Ausência de reação do condutor;Saída de leito carroçável;Com Vítimas Feridas;Pleno dia;Crescente;Céu Claro;Simples;Curva;Não;1;0;0;1;0;0;1;1;-27,27663;-49,845661;SPRF-SC;DEL04-SC;UOP02-DEL04-SC
591931;09/03/2024;sábado;23:30:00;MG;116;702,6;MURIAE;Ingestão de álcool pelo condutor;Colisão frontal;Com Vítimas Feridas;Plena Noite;Decrescente;Nublado;Simples;Curva;Sim;3;0;1;0;2;0;1;2;-21,11938311;-42,38006362;SPRF-MG;DEL07-MG;UOP02-DEL07-MG
591936;24/03/2024;domingo;03:46:00;PA;316;63,8;CASTANHAL;Acessar a via sem observar a presença dos outros veículos;Colisão transversal;Com Vítimas Feridas;Plena Noite;Crescente;Chuva;Dupla;"Interseção de Vias;Reta";Sim;3;0;1;1;1;0;2;2;-1,29679363;-47,92878096;SPRF-PA;DEL01-PA;UOP01-DEL01-PA
591943;01/02/2024;quinta-feira;12:00:00;RR;432;163,6;CANTA;Velocidade Incompatível;Saída de leito carroçável;Com Vítimas Feridas;Pleno dia;Decrescente;Céu Claro;Simples;Curva;Não;2;0;0;1;0;1;1;2;2,4220264;-60,667328;SPRF-RR;DEL01-RR;UOP01-DEL01-RR
591979;17/03/2024;domingo;03:50:00;SC;470;52,6;BLUMENAU;Ingestão de álcool pelo condutor;Saída de leito carroçável;Com Vítimas Feridas;Plena Noite;Decrescente;Céu Claro;Simples;"Interseção de Vias;Em Obras";Sim;1;0;1;0;0;0;1;1;-26,86634048;-49,10046643;SPRF-SC;DEL04-SC;UOP01-DEL04-SC
592109;25/03/2024;segunda-feira;02:30:00;BA;116;42;CHORROCHO;Ausência de reação do condutor;Saída de leito carroçável;Com Vítimas Feridas;Plena Noite;Decrescente;Céu Claro;Simples;Reta;Não;1;0;0;1;0;0;1;1;-9,00518935;-39,18784618;SPRF-PE;DEL05-PE;UOP03-DEL05-PE
592130;29/03/2024;sexta-feira;08:20:00;BA;101;371;GANDU;Curva acentuada;Saída de leito carroçável;Com Vítimas Feridas;Pleno dia;Decrescente;Nublado;Simples;Curva;Não;4;0;2;2;0;0;4;1;-13,9178362;-39,48511279;SPRF-BA;DEL05-BA;UOP03-DEL05-BA
592139;06/02/2024;terça-feira;08:55:00;SP;116;222;GUARULHOS;Condutor deixou de manter distância do veículo da frente;Colisão lateral mesmo sentido;Com Vítimas Feridas;Pleno dia;Crescente;Céu Claro;Múltipla;Reta;Sim;3;0;2;0;1;0;2;2;-23,47093408;-46,51631097;SPRF-SP;DEL01-SP;UOP01-DEL01-SP
592168;07/03/2024;quinta-feira;11:40:00;MS;163;179;JUTI;Manobra de mudança de faixa;Colisão frontal;Com Vítimas Feridas;Pleno dia;Crescente;Céu Claro;Simples;"Aclive;Reta";Não;3;0;2;1;0;0;3;2;-22,83983611;-54,67208409;SPRF-MS;DEL09-MS;UOP01-DEL09-MS
592262;29/03/2024;sexta-feira;13:00:00;MS;163;466;CAMPO GRANDE;Demais falhas mecânicas ou elétricas;Incêndio;Sem Vítimas;Pleno dia;Decrescente;Nublado;Simples;Rotatória;Não;2;0;0;0;2;0;0;1;-20,58397743;-54,58370522;SPRF-MS;DEL01-MS;UOP01-DEL01-MS
592378;24/03/2024;domingo;19:00:00;BA;101;192;CONCEICAO DA FEIRA;Manobra de mudança de faixa;Tombamento;Com Vítimas Feridas;Anoitecer;Decrescente;Ignorado;Dupla;"Interseção de Vias;Em Obras;Reta";Não;2;0;2;0;0;0;2;1;-12,51957286;-38,97070158;SPRF-BA;DEL01-BA;UOP03-DEL01-BA
592449;02/03/2024;sábado;23:01:00;RJ;40;112;DUQUE DE CAXIAS;Acessar a via sem observar a presença dos outros veículos;Atropelamento de Pedestre;Com Vítimas Feridas;Plena Noite;Crescente;Céu Claro;Dupla;Reta;Sim;1;0;1;0;0;0;1;1;-22,7004454;-43,29014851;SPRF-RJ;DEL01-RJ;UOP02-DEL01-RJ
592453;14/01/2024;domingo;14:30:00;MG;40;590;ITABIRITO;Reação tardia ou ineficiente do condutor;Colisão frontal;Com Vítimas Fatais;Pleno dia;Crescente;Nublado;Simples;Curva;Não;6;1;0;3;1;1;3;3;-20,36807799;-43,90982881;SPRF-MG;DEL01-MG;UOP02-DEL01-MG
592591;07/03/2024;quinta-feira;13:31:00;MG;50;115;UBERABA;Velocidade Incompatível;Tombamento;Com Vítimas Feridas;Pleno dia;Decrescente;Chuva;Dupla;Reta;Não;1;0;1;0;0;0;1;1;-19,26611991;-48,12839379;SPRF-MG;DEL13-MG;UOP01-DEL13-MG