id;data_inversa;dia_semana;horario;uf;br;km;municipio;causa_acidente;tipo_acidente;classificacao_acidente;fase_dia;sentido_via;condicao_metereologica;tipo_pista;tracado_via;uso_solo;pessoas;mortos;feridos_leves;feridos_graves;ilesos;ignorados;feridos;veiculos;latitude;longitude;regional;delegacia;uop
592612;16/03/2024;sábado;01:23:00;PE;316;51;TRINDADE;Estacionar ou parar em local proibido;Colisão traseira;Com Vítimas Feridas;Plena Noite;Decrescente;Céu Claro;Simples;Reta;Não;2;0;0;2;0;0;2;2;-7,72294032;-40,31620626;SPRF-PE;DEL05-PE;UOP02-DEL05-PE
592644;31/03/2024;domingo;17:30:00;SC;282;27;SANTO AMARO DA IMPERATRIZ;Condutor deixou de manter distância do veículo da frente;Colisão lateral mesmo sentido;Com Vítimas Feridas;Pleno dia;Decrescente;Céu Claro;Simples;Reta;Sim;2;0;0;1;0;1;1;2;-27,673981;-48,769676;SPRF-SC;DEL01-SC;UOP03-DEL01-SC
592650;31/03/2024;domingo;18:45:00;MA;135;72;SANTA RITA;Reação tardia ou ineficiente do condutor;Colisão lateral mesmo sentido;Com Vítimas Feridas;Plena Noite;Decrescente;Céu Claro;Simples;Reta;Sim;5;0;1;0;4;0;1;2;-3,15759591;-44,33373316;SPRF-MA;DEL01-MA;UOP02-DEL01-MA
592686;30/03/2024;sábado;16:30:00;PE;232;401;SERRA TALHADA;Modificação proibida;Colisão lateral mesmo sentido;Com Vítimas Feridas;Pleno dia;Decrescente;Céu Claro;Simples;Reta;Não;2;0;1;0;1;0;1;2;-8,01192014;-38,23408003;SPRF-PE;DEL04-PE;UOP01-DEL04-PE
592699;03/03/2024;domingo;19:15:00;RJ;116;324;ITATIAIA;Pedestre - Ingestão de álcool/ substâncias psicoativas;Queda de ocupante de veículo;Com Vítimas Feridas;Anoitecer;Crescente;Ignorado;Dupla;Reta;Sim;2;0;1;0;0;1;1;2;-22,49106419;-44,56183985;SPRF-RJ;DEL07-RJ;UOP02-DEL07-RJ
592707;31/03/2024;domingo;18:00:00;MG;153;46;MONTE ALEGRE DE MINAS;Ausência de reação do condutor;Saída de leito carroçável;Com Vítimas Feridas;Pleno dia;Decrescente;Céu Claro;Dupla;Reta;Não;1;0;1;0;0;0;1;1;-18,7877321;-49,08400664;SPRF-MG;DEL15-MG;UOP03-DEL15-MG
592739;29/03/2024;sexta-feira;08:20:00;RO;364;709;PORTO VELHO;Ausência de reação do condutor;Tombamento;Com Vítimas Feridas;Pleno dia;Crescente;Nublado;Dupla;Reta;Sim;2;0;1;1;0;0;2;1;-8,7909383;-63,84895617;SPRF-RO;DEL01-RO;UOP01-DEL01-RO
592783;27/03/2024;quarta-feira;07:40:00;RS;285;297;PASSO FUNDO;Condutor deixou de manter distância do veículo da frente;Engavetamento;Com Vítimas Feridas;Pleno dia;Decrescente;Sol;Simples;"Aclive;Reta";Não;6;0;1;0;5;0;1;5;-28,235136;-52,413391;SPRF-RS;DEL08-RS;UOP03-DEL08-RS
592815;06/03/2024;quarta-feira;20:56:00;BA;324;519;FEIRA DE SANTANA;Acessar a via sem observar a presença dos outros veículos;Colisão transversal;Com Vítimas Feridas;Plena Noite;Decrescente;Céu Claro;Dupla;"Interseção de Vias;Reta";Sim;2;0;0;1;0;1;1;2;-12,2656817;-38,9329382;SPRF-BA;DEL02-BA;UOP01-DEL02-BA
592824;04/03/2024;segunda-feira;13:49:00;PI;316;272;DOM EXPEDITO LOPES;Desrespeitar a preferência no cruzamento;Colisão transversal;Com Vítimas Feridas;Pleno dia;Crescente;Nublado;Simples;Curva;Não;4;0;3;0;1;0;3;2;-6,94059185;-41,74286485;SPRF-PI;DEL04-PI;UOP02-DEL04-PI
592829;28/03/2024;quinta-feira;15:00:00;MG;381;908;CAMANDUCAIA;Velocidade Incompatível;Saída de leito carroçável;Com Vítimas Feridas;Pleno dia;Crescente;Chuva;Dupla;"Aclive;Curva";Não;2;0;1;0;1;0;1;2;-22,68112504;-46,10116479;SPRF-MG;DEL16-MG;UOP03-DEL16-MG
592858;31/03/2024;domingo;03:30:00;PB;230;10;CABEDELO;Avarias e/ou desgaste excessivo no pneu;Eventos atípicos;Sem Vítimas;Amanhecer;Decrescente;Céu Claro;Dupla;Aclive;Não;1;0;0;0;1;0;0;1;-7,0514;-34,8499;SPRF-PB;DEL01-PB;UOP01-DEL01-PB
592865;02/03/2024;sábado;14:00:00;PI;316;302,7;PICOS;Transitar na contramão;Colisão lateral sentido oposto;Sem Vítimas;Pleno dia;Crescente;Céu Claro;Simples;Reta;Não;2;0;0;0;1;1;0;2;-7,05254229;-41,53174821;SPRF-PI;DEL04-PI;UOP01-DEL04-PI
592877;28/02/2024;quarta-feira;14:16:00;TO;10;459;PALMAS;Manobra de mudança de faixa;Colisão traseira;Sem Vítimas;Pleno dia;Decrescente;Céu Claro;Dupla;Declive;Sim;2;0;0;0;2;0;0;2;-10,18953902;-48,17153202;SPRF-TO;DEL01-TO;UOP03-DEL01-TO
592878;28/03/2024;quinta-feira;16:25:00;PE;232;20,5;MORENO;Demais falhas mecânicas ou elétricas;Incêndio;Sem Vítimas;Anoitecer;Crescente;Nublado;Dupla;Reta;Não;1;0;0;0;1;0;0;1;-8,09543537;-35,07136107;SPRF-PE;DEL01-PE;UOP01-DEL01-PE
592895;29/03/2024;sexta-feira;00:10:00;MT;70;713;CACERES;Reação tardia ou ineficiente do condutor;Colisão com objeto;Com Vítimas Feridas;Plena Noite;Crescente;Ignorado;Simples;Reta;Não;1;0;1;0;0;0;1;1;-16,24559649;-57,53816911;SPRF-MT;DEL03-MT;UOP01-DEL03-MT
592900;20/03/2024;quarta-feira;05:55:00;MG;381;524;IGARAPE;Reação tardia ou ineficiente do condutor;Colisão traseira;Sem Vítimas;Amanhecer;Decrescente;Garoa/Chuvisco;Dupla;"Aclive;Reta";Não;1;0;0;0;1;0;0;1;-20,160736;-44,329843;SPRF-MG;DEL04-MG;UOP03-DEL04-MG
592913;24/02/2024;sábado;21:54:00;RJ;101;334;RIO DE JANEIRO;Transitar na contramão;Colisão frontal;Com Vítimas Feridas;Plena Noite;Decrescente;Céu Claro;Múltipla;Aclive;Não;4;0;0;2;2;0;2;2;-22,88517902;-43,21704364;SPRF-RJ;DEL02-RJ;UOP01-DEL02-RJ
592926;05/02/2024;segunda-feira;01:44:00;RJ;101;319;SAO GONCALO;Pedestre - Ingestão de álcool/ substâncias psicoativas;Atropelamento de Pedestre;Com Vítimas Feridas;Amanhecer;Decrescente;Céu Claro;Múltipla;Reta;Sim;2;0;0;1;0;1;1;2;-22,85411774;-43,1018014;SPRF-RJ;DEL02-RJ;UOP02-DEL02-RJ
593008;15/03/2024;sexta-feira;23:29:00;SP;381;90;GUARULHOS;Reação tardia ou ineficiente do condutor;Colisão lateral mesmo sentido;Sem Vítimas;Plena Noite;Crescente;Céu Claro;Dupla;Reta;Sim;2;0;0;0;2;0;0;2;-23,49479479;-46,55959864;SPRF-SP;DEL03-SP;UOP01-DEL03-SP
593025;28/03/2024;quinta-feira;18:40:00;PE;423;101,6;GARANHUNS;Transitar na contramão;Colisão transversal;Sem Vítimas;Plena Noite;Decrescente;Céu Claro;Simples;Reta;Não;2;0;0;0;2;0;0;2;-8,874693;-36,529876;SPRF-PE;DEL03-PE;UOP01-DEL03-PE
593073;07/03/2024;quinta-feira;19:14:00;MG;381;482;BETIM;Manobra de mudança de faixa;Colisão lateral mesmo sentido;Com Vítimas Feridas;Plena Noite;Crescente;Céu Claro;Dupla;"Declive;Curva";Não;2;0;1;0;1;0;1;2;-19,955532;-44,097209;SPRF-MG;DEL01-MG;UOP03-DEL01-MG
593079;08/03/2024;sexta-feira;18:20:00;MA;10;51;CAROLINA;Velocidade Incompatível;Colisão traseira;Com Vítimas Feridas;Plena Noite;Crescente;Céu Claro;Simples;"Declive;Reta";Não;1;0;1;0;0;0;1;1;-7,20054;-47,425835;SPRF-MA;DEL04-MA;UOP02-DEL04-MA
593089;09/03/2024;sábado;19:15:00;PI;316;311,4;PICOS;Acessar a via sem observar a presença dos outros veículos;Colisão transversal;Com Vítimas Feridas;Plena Noite;Decrescente;Céu Claro;Simples;Reta;Sim;3;0;1;0;2;0;1;2;-7,076331;-41,46596;SPRF-PI;DEL04-PI;UOP01-DEL04-PI
593123;27/03/2024;quarta-feira;06:00:00;RS;386;346;LAJEADO;Reação tardia ou ineficiente do condutor;Colisão traseira;Com Vítimas Feridas;Amanhecer;Crescente;Céu Claro;Dupla;Reta;Não;2;0;0;1;0;1;1;2;-29,446793;-51,974564;SPRF-RS;DEL04-RS;UOP01-DEL04-RS
593141;13/03/2024;quarta-feira;20:20:00;MG;116;417,3;GOVERNADOR VALADARES;Pista esburacada;Tombamento;Com Vítimas Feridas;Plena Noite;Crescente;Céu Claro;Simples;"Interseção de Vias;Reta";Sim;1;0;0;1;0;0;1;1;-18,90941267;-41,94183111;SPRF-MG;DEL06-MG;UOP01-DEL06-MG
593245;14/02/2024;quarta-feira;18:40:00;ES;101;304;VIANA;Ausência de sinalização;Colisão com objeto;Sem Vítimas;Plena Noite;Crescente;Céu Claro;Dupla;Reta;Sim;1;0;0;0;1;0;0;1;-20,3800645;-40,45431391;SPRF-ES;DEL01-ES;UOP01-DEL01-ES
593246;30/03/2024;sábado;19:30:00;SP;101;47;UBATUBA;Ausência de reação do condutor;Colisão traseira;Sem Vítimas;Plena Noite;Decrescente;Nublado;Simples;Reta;Sim;2;0;0;0;1;1;0;2;-23,429897;-45,082436;SPRF-SP;DEL06-SP;UOP01-DEL06-SP
593256;26/02/2024;segunda-feira;10:40:00;GO;70;58;COCALZINHO DE GOIAS;Manobra de mudança de faixa;Colisão traseira;Com Vítimas Feridas;Pleno dia;Crescente;Céu Claro;Simples;"Reta;Declive";Não;5;0;0;4;1;0;4;3;-15,75845891;-48,68892482;SPRF-DF;DEL03-DF;UOP02-DEL03-DF
593270;09/03/2024;sábado;14:20:00;PR;277;698;SAO MIGUEL DO IGUACU;Avarias e/ou desgaste excessivo no pneu;Tombamento;Com Vítimas Feridas;Pleno dia;Decrescente;Céu Claro;Dupla;Reta;Não;1;0;1;0;0;0;1;1;-25,3964712;-54,31179289;SPRF-PR;DEL05-PR;UOP01-DEL05-PR
593341;08/03/2024;sexta-feira;21:30:00;PI;316;145,6;ELESBAO VELOSO;Reação tardia ou ineficiente do condutor;Saída de leito carroçável;Com Vítimas Feridas;Plena Noite;Crescente;Céu Claro;Simples;"Declive;Curva";Não;3;0;2;0;1;0;2;1;-6,10607368;-42,20452811;SPRF-PI;DEL04-PI;UOP02-DEL04-PI
593357;23/02/2024;sexta-feira;07:30:00;SC;101;205;SAO JOSE;Manobra de mudança de faixa;Queda de ocupante de veículo;Com Vítimas Feridas;Pleno dia;Crescente;Ignorado;Múltipla;Reta;Não;2;0;1;0;0;1;1;2;-27,58313237;-48,61532885;SPRF-SC;DEL01-SC;UOP01-DEL01-SC
593367;24/02/2024;sábado;07:30:00;RJ;40;123;DUQUE DE CAXIAS;Manobra de mudança de faixa;Tombamento;Com Vítimas Feridas;Pleno dia;Crescente;Nublado;Múltipla;Reta;Sim;1;0;1;0;0;0;1;1;-22,79907687;-43,29015739;SPRF-RJ;DEL01-RJ;UOP02-DEL01-RJ
593431;31/03/2024;domingo;10:50:00;SP;381;4;VARGEM;Falta de elemento de contenção que evite a saída do leito carroçável;Saída de leito carroçável;Com Vítimas Feridas;Pleno dia;Crescente;Céu Claro;Dupla;Reta;Não;3;0;2;1;0;0;3;1;-22,8826217;-46,40779515;SPRF-SP;DEL03-SP;UOP02-DEL03-SP
593449;30/03/2024;sábado;22:00:00;GO;364;67;CACHOEIRA ALTA;Velocidade Incompatível;Saída de leito carroçável;Com Vítimas Feridas;Pleno dia;Decrescente;Nublado;Simples;Reta;Não;1;0;1;0;0;0;1;1;-18,67812;-50,983044;SPRF-GO;DEL05-GO;UOP02-DEL05-GO
593452;19/03/2024;terça-feira;13:50:00;RN;101;96;NATAL;Condutor deixou de manter distância do veículo da frente;Colisão traseira;Com Vítimas Feridas;Pleno dia;Decrescente;Céu Claro;Dupla;Reta;Sim;3;0;1;0;0;2;1;3;-5,85329205;-35,21074176;SPRF-RN;DEL01-RN;UOP01-DEL01-RN
593453;16/02/2024;sexta-feira;14:46:00;PE;408;77;PAUDALHO;Manobra de mudança de faixa;Colisão frontal;Com Vítimas Feridas;Pleno dia;Decrescente;Céu Claro;Dupla;"Reta;Declive";Não;3;0;0;1;0;2;1;3;-7,919003;-35,162964;SPRF-PE;DEL01-PE;UOP01-DEL01-PE
593463;21/03/2024;quinta-feira;15:37:00;GO;364;44;CACHOEIRA ALTA;Avarias e/ou desgaste excessivo no pneu;Saída de leito carroçável;Com Vítimas Feridas;Pleno dia;Decrescente;Chuva;Simples;Reta;Não;1;0;1;0;0;0;1;1;-18,846813;-50,853443;SPRF-GO;DEL05-GO;UOP02-DEL05-GO
593464;21/02/2024;quarta-feira;08:05:00;RN;101;104;PARNAMIRIM;Manobra de mudança de faixa;Colisão transversal;Com Vítimas Feridas;Pleno dia;Decrescente;Céu Claro;Dupla;Reta;Sim;2;0;0;1;1;0;1;2;-5,892745;-35,257225;SPRF-RN;DEL01-RN;UOP01-DEL01-RN
593467;08/02/2024;quinta-feira;22:35:00;RO;319;63;PORTO VELHO;Acessar a via sem observar a presença dos outros veículos;Colisão lateral mesmo sentido;Com Vítimas Feridas;Plena Noite;Crescente;Céu Claro;Dupla;Reta;Sim;2;0;1;0;1;0;1;2;-8,75772731;-63,88599873;SPRF-RO;DEL01-RO;UOP01-DEL01-RO
593481;27/01/2024;sábado;07:40:00;PR;469;19;FOZ DO IGUACU;Ultrapassagem Indevida;Colisão traseira;Sem Vítimas;Pleno dia;Crescente;Céu Claro;Simples;"Reta;Em Obras";Sim;2;0;0;0;0;2;0;2;-25,6015;-54,5021;SPRF-PR;DEL05-PR;UOP04-DEL05-PR
593681;04/03/2024;segunda-feira;07:50:00;ES;262;155,5;IBATIBA;Acessar a via sem observar a presença dos outros veículos;Colisão transversal;Com Vítimas Feridas;Pleno dia;Crescente;Céu Claro;Simples;Reta;Não;2;0;0;1;1;0;1;2;-20,22651793;-41,47055672;SPRF-ES;DEL01-ES;UOP02-DEL01-ES
593877;13/03/2024;quarta-feira;19:00:00;MG;381;481;BETIM;Manobra de mudança de faixa;Colisão traseira;Com Vítimas Feridas;Plena Noite;Crescente;Céu Claro;Dupla;Reta;Não;2;0;1;0;1;0;1;2;-19,95931561;-44,08825597;SPRF-MG;DEL01-MG;UOP03-DEL01-MG
593925;26/03/2024;terça-feira;07:00:00;SP;381;66;MAIRIPORA;Ausência de reação do condutor;Colisão lateral mesmo sentido;Com Vítimas Feridas;Pleno dia;Decrescente;Chuva;Dupla;Reta;Sim;2;0;0;1;1;0;1;2;-23,32451103;-46,58021504;SPRF-SP;DEL03-SP;UOP01-DEL03-SP
593995;27/01/2024;sábado;06:30:00;RJ;116;214;SEROPEDICA;Ausência de reação do condutor;Colisão traseira;Sem Vítimas;Amanhecer;Crescente;Ignorado;Dupla;Curva;Sim;4;0;0;0;4;0;0;2;-22,713438;-43,734085;SPRF-RJ;DEL06-RJ;UOP02-DEL06-RJ
593997;24/02/2024;sábado;20:30:00;MG;381;223;BELO ORIENTE;Reação tardia ou ineficiente do condutor;Tombamento;Com Vítimas Feridas;Plena Noite;Decrescente;Ignorado;Simples;Reta;Não;1;0;0;1;0;0;1;1;-19,31612364;-42,4000242;SPRF-MG;DEL06-MG;UOP01-DEL06-MG
594129;09/03/2024;sábado;18:20:00;PI;135;349;BOM JESUS;Ausência de reação do condutor;Queda de ocupante de veículo;Com Vítimas Feridas;Anoitecer;Decrescente;Ignorado;Simples;"Interseção de Vias;Curva";Sim;1;0;0;1;0;0;1;1;-9,07814442;-44,33799219;SPRF-PI;DEL03-PI;UOP02-DEL03-PI
594276;17/01/2024;quarta-feira;08:20:00;SC;280;245,1;CANOINHAS;Acesso irregular;Colisão transversal;Com Vítimas Fatais;Pleno dia;Crescente;Garoa/Chuvisco;Simples;Reta;Não;8;3;4;1;0;0;5;2;-26,24033594;-50,49092174;SPRF-SC;DEL06-SC;UOP04-DEL06-SC
594297;21/03/2024;quinta-feira;02:30:00;RS;116;508,5;PELOTAS;Chuva;Eventos atípicos;Sem Vítimas;Plena Noite;Crescente;Vento;Dupla;Reta;Não;1;0;0;0;1;0;0;1;-31,616018;-52,308135;SPRF-RS;DEL07-RS;UOP01-DEL07-RS
594304;19/03/2024;terça-feira;10:35:00;DF;20;11,4;BRASILIA;Manobra de mudança de faixa;Colisão lateral mesmo sentido;Com Vítimas Feridas;Pleno dia;Crescente;Céu Claro;Dupla;Reta;Sim;2;0;0;1;1;0;1;2;-15,64654;-47,766422;SPRF-DF;DEL02-DF;UOP01-DEL02-DF
594333;24/02/2024;sábado;12:00:00;PI;316;415;MARCOLANDIA;Condutor deixou de manter distância do veículo da frente;Colisão traseira;Com Vítimas Feridas;Pleno dia;Decrescente;Céu Claro;Simples;Reta;Sim;3;0;1;0;2;0;1;2;-7,43280012;-40,68261908;SPRF-PI;DEL04-PI;UOP03-DEL04-PI
594335;18/03/2024;segunda-feira;17:00:00;SP;116;166,3;JACAREI;Manobra de mudança de faixa;Colisão lateral mesmo sentido;Com Vítimas Feridas;Pleno dia;Decrescente;Nublado;Múltipla;"Declive;Curva";Sim;2;0;1;0;1;0;1;2;-23,30055667;-46,01686506;SPRF-SP;DEL02-SP;UOP01-DEL02-SP
594351;14/03/2024;quinta-feira;18:45:00;RS;116;360;TAPES;Objeto estático sobre o leito carroçável;Colisão com objeto;Sem Vítimas;Plena Noite;Crescente;Céu Claro;Simples;Reta;Não;2;0;0;0;2;0;0;1;-30,63994236;-51,55691954;SPRF-RS;DEL02-RS;UOP02-DEL02-RS
594477;11/03/2024;segunda-feira;13:55:00;DF;NA;NA;BRASILIA;Acessar a via sem observar a presença dos outros veículos;Colisão lateral mesmo sentido;Sem Vítimas;Pleno dia;Não Informado;Nublado;Dupla;"Retorno Regulamentado;Aclive";Sim;2;0;0;0;2;0;0;2;-15,7824444;-47,8721302;SPRF-DF;N/A;N/A
594480;13/03/2024;quarta-feira;17:30:00;PI;316;307,1;PICOS;Acessar a via sem observar a presença dos outros veículos;Colisão transversal;Com Vítimas Feridas;Anoitecer;Crescente;Garoa/Chuvisco;Simples;"Aclive;Reta";Sim;2;0;1;0;1;0;1;2;-7,077744;-41,499324;SPRF-PI;DEL04-PI;UOP01-DEL04-PI
594529;08/02/2024;quinta-feira;19:48:00;ES;101;270,5;SERRA;Pista esburacada;Queda de ocupante de veículo;Com Vítimas Feridas;Pleno dia;Crescente;Ignorado;Múltipla;Reta;Sim;1;0;1;0;0;0;1;1;-20,23101094;-40,27371526;SPRF-ES;DEL02-ES;UOP01-DEL02-ES
594601;24/03/2024;domingo;17:40:00;ES;101;147,8;LINHARES;Ausência de reação do condutor;Tombamento;Com Vítimas Feridas;Anoitecer;Decrescente;Céu Claro;Dupla;Reta;Não;1;0;1;0;0;0;1;1;-19,37887202;-40,06657892;SPRF-ES;DEL04-ES;UOP01-DEL04-ES
594693;06/02/2024;terça-feira;17:30:00;SC;116;247,9;LAGES;Acessar a via sem observar a presença dos outros veículos;Colisão lateral mesmo sentido;Com Vítimas Feridas;Pleno dia;Crescente;Céu Claro;Simples;"Reta;Interseção de Vias";Sim;2;0;2;0;0;0;2;2;-27,81262488;-50,36859817;SPRF-SC;DEL05-SC;UOP02-DEL05-SC
594708;17/03/2024;domingo;09:00:00;SP;116;500;CAJATI;Pedestre cruzava a pista fora da faixa;Atropelamento de Pedestre;Com Vítimas Feridas;Pleno dia;Decrescente;Céu Claro;Simples;Reta;Não;2;0;0;1;0;1;1;2;-24,78162109;-48,18342711;SPRF-SP;DEL05-SP;UOP02-DEL05-SP
594738;19/03/2024;terça-feira;12:00:00;PA;308;152;CAPANEMA;Acessar a via sem observar a presença dos outros veículos;Colisão transversal;Com Vítimas Feridas;Pleno dia;Decrescente;Céu Claro;Simples;Reta;Sim;2;0;1;0;1;0;1;2;-1,20776503;-47,17798818;SPRF-PA;DEL01-PA;UOP03-DEL01-PA
594758;22/03/2024;sexta-feira;07:00:00;PR;476;149;ARAUCARIA;Demais falhas mecânicas ou elétricas;Colisão frontal;Com Vítimas Feridas;Pleno dia;Crescente;Sol;Dupla;Reta;Sim;2;0;1;1;0;0;2;2;-25,557926;-49,358585;SPRF-PR;DEL01-PR;UOP06-DEL01-PR
594829;10/03/2024;domingo;05:50:00;ES;101;271;SERRA;Condutor desrespeitou a iluminação vermelha do semáforo;Colisão transversal;Com Vítimas Feridas;Pleno dia;Decrescente;Céu Claro;Dupla;Interseção de Vias;Sim;2;0;0;1;1;0;1;2;-20,23267;-40,27658;SPRF-ES;DEL02-ES;UOP01-DEL02-ES
594951;14/03/2024;quinta-feira;15:10:00;PE;424;80,6;GARANHUNS;Chuva;Saída de leito carroçável;Com Vítimas Feridas;Pleno dia;Crescente;Nublado;Simples;Reta;Não;2;0;1;0;1;0;1;1;-8,82538475;-36,55412583;SPRF-PE;DEL03-PE;UOP01-DEL03-PE
594957;26/01/2024;sexta-feira;08:45:00;CE;20;325,8;CARIDADE;Acessar a via sem observar a presença dos outros veículos;Colisão transversal;Com Vítimas Fatais;Pleno dia;Crescente;Céu Claro;Simples;Interseção de Vias;Sim;4;1;0;0;3;0;0;2;-4,24158307;-39,2043639;SPRF-CE;DEL02-CE;UOP01-DEL02-CE
594977;31/03/2024;domingo;18:00:00;PB;110;76,5;PATOS;Reação tardia ou ineficiente do condutor;Saída de leito carroçável;Com Vítimas Feridas;Plena Noite;Crescente;Chuva;Simples;"Interseção de Vias;Declive";Não;2;0;2;0;0;0;2;1;-6,93528683;-37,40673626;SPRF-PB;DEL03-PB;UOP01-DEL03-PB
594987;02/03/2024;sábado;10:07:00;AC;364;138;RIO BRANCO;Acessar a via sem observar a presença dos outros veículos;Colisão transversal;Com Vítimas Feridas;Pleno dia;Crescente;Céu Claro;Dupla;Reta;Não;6;0;2;0;4;0;2;2;-9,96112502;-67,85646604;SPRF-AC;DEL01-AC;UOP01-DEL01-AC
594988;31/03/2024;domingo;18:22:00;AC;364;119;RIO BRANCO;Transitar na contramão;Colisão frontal;Com Vítimas Feridas;Plena Noite;Decrescente;Céu Claro;Dupla;Reta;Não;4;0;0;2;2;0;2;2;-10,012444;-67,746305;SPRF-AC;DEL01-AC;UOP01-DEL01-AC
595011;14/03/2024;quinta-feira;08:00:00;RJ;493;2;ITABORAI;Demais falhas mecânicas ou elétricas;Incêndio;Sem Vítimas;Pleno dia;Crescente;Céu Claro;Simples;Reta;Sim;1;0;0;0;1;0;0;1;-22,75950214;-42,93544822;SPRF-RJ;DEL02-RJ;UOP02-DEL02-RJ
595034;21/03/2024;quinta-feira;13:25:00;ES;101;267,9;SERRA;Trafegar com motocicleta (ou similar) entre as faixas;Colisão lateral mesmo sentido;Com Vítimas Feridas;Pleno dia;Crescente;Céu Claro;Dupla;Reta;Sim;3;0;0;2;1;0;2;2;-20,19930999;-40,26884609;SPRF-ES;DEL02-ES;UOP01-DEL02-ES
595142;23/03/2024;sábado;07:15:00;PI;316;307,9;PICOS;Acessar a via sem observar a presença dos outros veículos;Colisão transversal;Com Vítimas Feridas;Pleno dia;Crescente;Sol;Simples;Reta;Não;2;0;0;2;0;0;2;2;-7,07827269;-41,50174881;SPRF-PI;DEL04-PI;UOP01-DEL04-PI
595164;27/03/2024;quarta-feira;13:00:00;PR;116;121,8;CURITIBA;Ausência de reação do condutor;Queda de ocupante de veículo;Com Vítimas Feridas;Pleno dia;Crescente;Céu Claro;Dupla;Reta;Não;2;0;1;0;1;0;1;1;-25,5599323;-49,30743945;SPRF-PR;DEL01-PR;UOP03-DEL01-PR
595209;15/03/2024;sexta-feira;17:50:00;PR;376;3;SAO JOSE DOS PINHAIS;Condutor deixou de manter distância do veículo da frente;Colisão traseira;Com Vítimas Feridas;Anoitecer;Crescente;Céu Claro;Dupla;Reta;Sim;2;0;1;0;1;0;1;2;-25,541711;-49,190964;SPRF-PR;DEL01-PR;UOP04-DEL01-PR
595224;28/03/2024;quinta-feira;07:00:00;SP;116;220;GUARULHOS;Condutor deixou de manter distância do veículo da frente;Colisão traseira;Com Vítimas Feridas;Pleno dia;Decrescente;Garoa/Chuvisco;Múltipla;Reta;Não;3;0;1;0;2;0;1;3;-23,46472809;-46,49793962;SPRF-SP;DEL01-SP;UOP01-DEL01-SP
595249;31/03/2024;domingo;17:30:00;RJ;101;562;PARATY;Transitar na contramão;Colisão frontal;Com Vítimas Feridas;Pleno dia;Decrescente;Céu Claro;Simples;Reta;Não;7;0;1;0;6;0;1;3;-23,13149696;-44,70949387;SPRF-RJ;DEL03-RJ;UOP04-DEL03-RJ
595252;11/02/2024;domingo;09:28:00;RJ;116;147;DUQUE DE CAXIAS;Ausência de reação do condutor;Colisão transversal;Com Vítimas Feridas;Amanhecer;Decrescente;Céu Claro;Simples;Reta;Sim;3;0;2;0;1;0;2;2;-22,66978425;-43,27286493;SPRF-RJ;DEL01-RJ;UOP02-DEL01-RJ
595663;29/03/2024;sexta-feira;05:49:00;BA;324;520;FEIRA DE SANTANA;Reação tardia ou ineficiente do condutor;Tombamento;Com Vítimas Feridas;Amanhecer;Decrescente;Céu Claro;Dupla;Reta;Sim;1;0;1;0;0;0;1;1;-12,27376054;-38,93366564;NA;NA;NA
595672;16/02/2024;sexta-feira;13:10:00;TO;153;137;ARAGUAINA;Velocidade Incompatível;Colisão traseira;Com Vítimas Feridas;Pleno dia;Crescente;Nublado;Dupla;"Retorno Regulamentado;Reta";Sim;4;0;2;0;2;0;2;3;-7,14630299;-48,20255603;NA;NA;NA
595701;26/01/2024;sexta-feira;09:42:00;RS;158;334;SANTA MARIA;Acessar a via sem observar a presença dos outros veículos;Colisão frontal;Com Vítimas Feridas;Pleno dia;Decrescente;Céu Claro;Simples;"Interseção de Vias;Reta";Sim;3;0;1;1;1;0;2;2;-29,70756801;-53,87385249;NA;NA;NA
595704;09/03/2024;sábado;09:00:00;RS;470;231;CARLOS BARBOSA;Acessar a via sem observar a presença dos outros veículos;Colisão lateral mesmo sentido;Com Vítimas Feridas;Pleno dia;Crescente;Céu Claro;Dupla;Reta;Sim;2;0;1;0;1;0;1;2;-29,23579206;-51,51193423;NA;NA;NA
595930;10/03/2024;domingo;19:19:00;ES;101;144;LINHARES;Reação tardia ou ineficiente do condutor;Colisão traseira;Com Vítimas Feridas;Plena Noite;Crescente;Nublado;Múltipla;Reta;Sim;3;0;1;1;1;0;2;2;-19,34286596;-40,0638568;NA;NA;NA
595964;02/03/2024;sábado;14:30:00;MG;381;456;BELO HORIZONTE;Condutor deixou de manter distância do veículo da frente;Engavetamento;Com Vítimas Feridas;Pleno dia;Crescente;Chuva;Dupla;Reta;Sim;7;0;2;0;4;1;2;5;-19,85862954;-43,91292495;NA;NA;NA
596029;16/03/2024;sábado;06:00:00;RS;116;297;GUAIBA;Acessar a via sem observar a presença dos outros veículos;Colisão transversal;Com Vítimas Fatais;Amanhecer;Crescente;Céu Claro;Dupla;Reta;Não;4;1;0;0;3;0;0;2;-30,09753097;-51,34302937;NA;NA;NA
596035;29/03/2024;sexta-feira;08:45:00;SE;101;56;ROSARIO DO CATETE;Condutor deixou de manter distância do veículo da frente;Colisão traseira;Com Vítimas Feridas;Pleno dia;Decrescente;Céu Claro;Simples;Reta;Não;2;0;1;0;1;0;1;2;-10,6393067;-37,0106971;NA;NA;NA